[
    {
        "name": "UCO Bank - Somalwada Branch",
        "url": "https://www.google.com/maps/place/UCO+Bank+-+Somalwada+Branch/data=!4m7!3m6!1s0x3bd4bf12c231dcc9:0x3c11e1acf85755bd!8m2!3d21.0959391!4d79.0776626!16s%2Fg%2F1q6bkbjk5!19sChIJydwxwhK_1DsRvVVX-KzhETw?authuser=0&hl=en&rclk=1",
        "state": "Maharashtra"
    },
    {
        "name": "UCO Bank",
        "url": "https://www.google.com/maps/place/UCO+Bank/data=!4m7!3m6!1s0x3be7d1dceb605739:0x9888ef3397537540!8m2!3d18.9333711!4d72.8323612!16s%2Fg%2F1tm098kh!19sChIJOVdg69zR5zsRQHVTlzPviJg?authuser=0&hl=en&rclk=1",
        "state": "Maharashtra"
    },
    {
        "name": "UCO Bank Chikhli Branch",
        "url": "https://www.google.com/maps/place/UCO+Bank+Chikhli+Branch/data=!4m7!3m6!1s0x3bc2b913eba1eeb3:0x1899672a218c3ef0!8m2!3d18.6538001!4d73.8103752!16s%2Fg%2F11rkgld2jv!19sChIJs-6h6xO5wjsR8D6MISpnmRg?authuser=0&hl=en&rclk=1",
        "state": "Maharashtra"
    },
    {
        "name": "UCO Bank",
        "url": "https://www.google.com/maps/place/UCO+Bank/data=!4m7!3m6!1s0x3be7cf4ef095b035:0x5b6a939fc14f18ab!8m2!3d19.0231!4d72.844353!16s%2Fg%2F1tf78kvc!19sChIJNbCV8E7P5zsRqxhPwZ-Tals?authuser=0&hl=en&rclk=1",
        "state": "Maharashtra"
    },
    {
        "name": "UCO Bank",
        "url": "https://www.google.com/maps/place/UCO+Bank/data=!4m7!3m6!1s0x3bd4c1a85852113d:0x2967e6846377d8c3!8m2!3d21.176481!4d79.0616388!16s%2Fg%2F124yq1dsr!19sChIJPRFSWKjB1DsRw9h3Y4TmZyk?authuser=0&hl=en&rclk=1",
        "state": "Maharashtra"
    },
    {
        "name": "UCO Bank",
        "url": "https://www.google.com/maps/place/UCO+Bank/data=!4m7!3m6!1s0x3be7c9b3040b6fe7:0x54f0deef4a609fe3!8m2!3d19.097586!4d72.849194!16s%2Fg%2F1tdhk96y!19sChIJ528LBLPJ5zsR459gSu_e8FQ?authuser=0&hl=en&rclk=1",
        "state": "Maharashtra"
    },
    {
        "name": "UCO Bank",
        "url": "https://www.google.com/maps/place/UCO+Bank/data=!4m7!3m6!1s0x3be7b961d046be67:0x7f30d7a6e96de9bd!8m2!3d19.21222!4d72.97694!16s%2Fg%2F11mfx1b0k7!19sChIJZ75G0GG55zsRvelt6abXMH8?authuser=0&hl=en&rclk=1",
        "state": "Maharashtra"
    },
    {
        "name": "UCO Bank",
        "url": "https://www.google.com/maps/place/UCO+Bank/data=!4m7!3m6!1s0x3be7b9c6339e6c8b:0x391f5b301efafdaa!8m2!3d19.199768!4d72.988457!16s%2Fg%2F11mfwzc0nz!19sChIJi2yeM8a55zsRqv36HjBbHzk?authuser=0&hl=en&rclk=1",
        "state": "Maharashtra"
    },
    {
        "name": "UCO Bank",
        "url": "https://www.google.com/maps/place/UCO+Bank/data=!4m7!3m6!1s0x3bc2b9f9375ea337:0x61ec63d681b32993!8m2!3d18.6235889!4d73.8083645!16s%2Fg%2F11vcbln0rz!19sChIJN6NeN_m5wjsRkymzgdZj7GE?authuser=0&hl=en&rclk=1",
        "state": "Maharashtra"
    },
    {
        "name": "UCO Bank",
        "url": "https://www.google.com/maps/place/UCO+Bank/data=!4m7!3m6!1s0x3be7b0e4fd9a7b0b:0xf302859644dbb24b!8m2!3d19.253524!4d72.860273!16s%2Fg%2F1ptzx9x9n!19sChIJC3ua_eSw5zsRS7LbRJaFAvM?authuser=0&hl=en&rclk=1",
        "state": "Maharashtra"
    },
    {
        "name": "UCO Bank",
        "url": "https://www.google.com/maps/place/UCO+Bank/data=!4m7!3m6!1s0x3be7bb97b71d11bb:0x6dc4fa524f9654ee!8m2!3d19.2641917!4d72.9710718!16s%2Fg%2F1pty0f_z2!19sChIJuxEdt5e75zsR7lSWT1L6xG0?authuser=0&hl=en&rclk=1",
        "state": "Maharashtra"
    },
    {
        "name": "UCO Bank",
        "url": "https://www.google.com/maps/place/UCO+Bank/data=!4m7!3m6!1s0x3bdcb0622e51eff3:0x48584210576d8b5e!8m2!3d19.0963827!4d74.7345106!16s%2Fg%2F11cp0b5rms!19sChIJ8-9RLmKw3DsRXottVxBCWEg?authuser=0&hl=en&rclk=1",
        "state": "Maharashtra"
    },
    {
        "name": "UCO Bank",
        "url": "https://www.google.com/maps/place/UCO+Bank/data=!4m7!3m6!1s0x3bdba2eb5e9e46ff:0x49f7402cd09db05a!8m2!3d19.8801679!4d75.365736!16s%2Fg%2F11b6t1vqql!19sChIJ_0aeXuui2zsRWrCd0CxA90k?authuser=0&hl=en&rclk=1",
        "state": "Maharashtra"
    },
    {
        "name": "UCO Bank - Hindustan Lalpeth Branch",
        "url": "https://www.google.com/maps/place/UCO+Bank+-+Hindustan+Lalpeth+Branch/data=!4m7!3m6!1s0x3bd2d40da2ccca19:0xf2b36d730d6bf2f6!8m2!3d19.9222206!4d79.3091558!16s%2Fg%2F11g7ztjll3!19sChIJGcrMog3U0jsR9vJrDXNts_I?authuser=0&hl=en&rclk=1",
        "state": "Maharashtra"
    },
    {
        "name": "UCO Bank",
        "url": "https://www.google.com/maps/place/UCO+Bank/data=!4m7!3m6!1s0x3bd750d9344675b1:0x352cfb70e3896b54!8m2!3d20.7103284!4d76.5658889!16s%2Fg%2F1tdh6xmk!19sChIJsXVGNNlQ1zsRVGuJ43D7LDU?authuser=0&hl=en&rclk=1",
        "state": "Maharashtra"
    },
    {
        "name": "UCO Bank",
        "url": "https://www.google.com/maps/place/UCO+Bank/data=!4m7!3m6!1s0x3bda1e01d88ad8b5:0x56bbb8f45f385f7f!8m2!3d20.534205!4d76.1745613!16s%2Fg%2F1hm4r_bqc!19sChIJtdiK2AEe2jsRf184X_S4u1Y?authuser=0&hl=en&rclk=1",
        "state": "Maharashtra"
    },
    {
        "name": "UCO Bank",
        "url": "https://www.google.com/maps/place/UCO+Bank/data=!4m7!3m6!1s0x3be71cdd38377f9d:0x469361e2358065a3!8m2!3d19.694002!4d72.768003!16s%2Fg%2F12hk84057!19sChIJnX83ON0c5zsRo2WANeJhk0Y?authuser=0&hl=en&rclk=1",
        "state": "Maharashtra"
    },
    {
        "name": "UCO Bank",
        "url": "https://www.google.com/maps/place/UCO+Bank/data=!4m7!3m6!1s0x3be7c62939c3ff7b:0xfcfcd6468ffb80c!8m2!3d19.0801719!4d72.9037086!16s%2Fg%2F1hm3hkq4x!19sChIJe__DOSnG5zsRDLj_aGTNzw8?authuser=0&hl=en&rclk=1",
        "state": "Maharashtra"
    },
    {
        "name": "UCO Bank",
        "url": "https://www.google.com/maps/place/UCO+Bank/data=!4m7!3m6!1s0x3be795894f603d35:0x4eb9a42498a5cce3!8m2!3d19.213787!4d73.092916!16s%2Fg%2F11c2ls307y!19sChIJNT1gT4mV5zsR48ylmCSkuU4?authuser=0&hl=en&rclk=1",
        "state": "Maharashtra"
    },
    {
        "name": "UCO Bank",
        "url": "https://www.google.com/maps/place/UCO+Bank/data=!4m7!3m6!1s0x3be7b03920bde095:0x3eff870399e7fc94!8m2!3d19.294761!4d72.868522!16s%2Fg%2F11gz795b1!19sChIJleC9IDmw5zsRlPznmQOH_z4?authuser=0&hl=en&rclk=1",
        "state": "Maharashtra"
    },
    {
        "name": "UCO Bank",
        "url": "https://www.google.com/maps/place/UCO+Bank/data=!4m7!3m6!1s0x3be7941c6efce9e5:0x8cb51aec0f800091!8m2!3d19.2456872!4d73.1662834!16s%2Fg%2F11g0206l56!19sChIJ5en8bhyU5zsRkQCAD-watYw?authuser=0&hl=en&rclk=1",
        "state": "Maharashtra"
    },
    {
        "name": "UCO Bank",
        "url": "https://www.google.com/maps/place/UCO+Bank/data=!4m7!3m6!1s0x3be7a95c382d4c81:0x443222d6352685a0!8m2!3d19.4200894!4d72.8114782!16s%2Fg%2F1v7pwyls!19sChIJgUwtOFyp5zsRoIUmNdYiMkQ?authuser=0&hl=en&rclk=1",
        "state": "Maharashtra"
    },
    {
        "name": "UCO Bank",
        "url": "https://www.google.com/maps/place/UCO+Bank/data=!4m7!3m6!1s0x3be7e86ca7353ed5:0x5efac3573ec15a3e!8m2!3d18.986275!4d73.112785!16s%2Fg%2F11c5rvv0n_!19sChIJ1T41p2zo5zsRPlrBPlfD-l4?authuser=0&hl=en&rclk=1",
        "state": "Maharashtra"
    },
    {
        "name": "UCO Bank",
        "url": "https://www.google.com/maps/place/UCO+Bank/data=!4m7!3m6!1s0x3be7b656878b46cd:0x6a5326be16b7f11!8m2!3d19.1709186!4d72.8449747!16s%2Fg%2F1tdpq3jt!19sChIJzUaLh1a25zsREX9r4WsypQY?authuser=0&hl=en&rclk=1",
        "state": "Maharashtra"
    },
    {
        "name": "UCO Bank - Bhandara Branch",
        "url": "https://www.google.com/maps/place/UCO+Bank+-+Bhandara+Branch/data=!4m7!3m6!1s0x3a2b3f4c28d7bd49:0x2e1da8722982493c!8m2!3d21.1725733!4d79.6557186!16s%2Fg%2F11c3tycp92!19sChIJSb3XKEw_KzoRPEmCKXKoHS4?authuser=0&hl=en&rclk=1",
        "state": "Maharashtra"
    },
    {
        "name": "UCO Bank",
        "url": "https://www.google.com/maps/place/UCO+Bank/data=!4m7!3m6!1s0x3be7c3be91caa15b:0x8fb8491d347f5c2b!8m2!3d19.0247027!4d73.0205887!16s%2Fg%2F1hjgpl6qr!19sChIJW6HKkb7D5zsRK1x_NB1JuI8?authuser=0&hl=en&rclk=1",
        "state": "Maharashtra"
    },
    {
        "name": "UCO Bank",
        "url": "https://www.google.com/maps/place/UCO+Bank/data=!4m7!3m6!1s0x3be7b6c53df7f5b9:0x84ff77fa26e16b9c!8m2!3d19.205842!4d72.838277!16s%2Fg%2F1ptxm87qy!19sChIJufX3PcW25zsRnGvhJvp3_4Q?authuser=0&hl=en&rclk=1",
        "state": "Maharashtra"
    },
    {
        "name": "UCO Bank",
        "url": "https://www.google.com/maps/place/UCO+Bank/data=!4m7!3m6!1s0x3be7b0d13d5652e5:0xfbb2e64fbb89ee4!8m2!3d19.2293833!4d72.8588835!16s%2Fg%2F1ptvzghg0!19sChIJ5VJWPdGw5zsR5J64-2Quuw8?authuser=0&hl=en&rclk=1",
        "state": "Maharashtra"
    },
    {
        "name": "UCO Bank",
        "url": "https://www.google.com/maps/place/UCO+Bank/data=!4m7!3m6!1s0x3bc52adf4e266749:0x39e86d10de7c03ab!8m2!3d18.9934022!4d75.7603031!16s%2Fg%2F11c2pp7mxs!19sChIJSWcmTt8qxTsRqwN83hBt6Dk?authuser=0&hl=en&rclk=1",
        "state": "Maharashtra"
    },
    {
        "name": "UCO Bank",
        "url": "https://www.google.com/maps/place/UCO+Bank/data=!4m7!3m6!1s0x3be7c0d78936999b:0xb6515fc792ceca97!8m2!3d19.0990015!4d73.0048042!16s%2Fg%2F1tcycyd1!19sChIJm5k2idfA5zsRl8rOksdfUbY?authuser=0&hl=en&rclk=1",
        "state": "Maharashtra"
    },
    {
        "name": "UCO Bank",
        "url": "https://www.google.com/maps/place/UCO+Bank/data=!4m7!3m6!1s0x3be7942231261923:0x9881869581172863!8m2!3d19.2424857!4d73.1559592!16s%2Fg%2F11bw61t0qh!19sChIJIxkmMSKU5zsRYygXgZWGgZg?authuser=0&hl=en&rclk=1",
        "state": "Maharashtra"
    },
    {
        "name": "UCO Bank",
        "url": "https://www.google.com/maps/place/UCO+Bank/data=!4m7!3m6!1s0x3bd4bf7c486fda45:0x7fd49181f090381b!8m2!3d21.1168166!4d79.0713736!16s%2Fg%2F1q69kyd02!19sChIJRdpvSHy_1DsRGziQ8IGR1H8?authuser=0&hl=en&rclk=1",
        "state": "Maharashtra"
    },
    {
        "name": "UCO Bank",
        "url": "https://www.google.com/maps/place/UCO+Bank/data=!4m7!3m6!1s0x3be7cfa8b8739ccd:0x5e6dc4de0667e5f4!8m2!3d18.95306!4d72.817108!16s%2Fg%2F11mfwx9qry!19sChIJzZxzuKjP5zsR9OVnBt7EbV4?authuser=0&hl=en&rclk=1",
        "state": "Maharashtra"
    },
    {
        "name": "UCO Bank - Latur Branch",
        "url": "https://www.google.com/maps/place/UCO+Bank+-+Latur+Branch/data=!4m7!3m6!1s0x3bcf83e38c317a5b:0x1bc213e6667ac6be!8m2!3d18.3938374!4d76.5813508!16s%2Fg%2F11c329s50v!19sChIJW3oxjOODzzsRvsZ6ZuYTwhs?authuser=0&hl=en&rclk=1",
        "state": "Maharashtra"
    },
    {
        "name": "UCO Bank",
        "url": "https://www.google.com/maps/place/UCO+Bank/data=!4m7!3m6!1s0x3be7b6e4b9bec739:0x2d0b74165276b22f!8m2!3d19.1861919!4d72.8444229!16s%2Fg%2F1ptyxgxvy!19sChIJOce-ueS25zsRL7J2UhZ0Cy0?authuser=0&hl=en&rclk=1",
        "state": "Maharashtra"
    },
    {
        "name": "UCO Bank",
        "url": "https://www.google.com/maps/place/UCO+Bank/data=!4m7!3m6!1s0x3be7cf5988004af3:0xaccf66d1c93a47db!8m2!3d19.03286!4d72.879692!16s%2Fg%2F1tf4chrh!19sChIJ80oAiFnP5zsR20c6ydFmz6w?authuser=0&hl=en&rclk=1",
        "state": "Maharashtra"
    },
    {
        "name": "UCO Bank",
        "url": "https://www.google.com/maps/place/UCO+Bank/data=!4m7!3m6!1s0x3be7c90857bb198d:0x6fcd4123557658c1!8m2!3d19.0784161!4d72.8371928!16s%2Fg%2F1ptymr_8n!19sChIJjRm7VwjJ5zsRwVh2VSNBzW8?authuser=0&hl=en&rclk=1",
        "state": "Maharashtra"
    },
    {
        "name": "UCO Bank",
        "url": "https://www.google.com/maps/place/UCO+Bank/data=!4m7!3m6!1s0x3bc100294481299b:0x616023cd24be99c8!8m2!3d16.6831183!4d74.2581109!16s%2Fg%2F124ychnhw!19sChIJmymBRCkAwTsRyJm-JM0jYGE?authuser=0&hl=en&rclk=1",
        "state": "Maharashtra"
    },
    {
        "name": "UCO Bank",
        "url": "https://www.google.com/maps/place/UCO+Bank/data=!4m7!3m6!1s0x3be7cf1fb754215b:0x949f7c8e6299c60f!8m2!3d19.0118543!4d72.8531862!16s%2Fg%2F11c61djt59!19sChIJWyFUtx_P5zsRD8aZYo58n5Q?authuser=0&hl=en&rclk=1",
        "state": "Maharashtra"
    },
    {
        "name": "UCO Bank",
        "url": "https://www.google.com/maps/place/UCO+Bank/data=!4m7!3m6!1s0x3be7c9207989ac3d:0xcf842eed1fe294dc!8m2!3d19.0570418!4d72.8506836!16s%2Fg%2F11g6rl11bn!19sChIJPayJeSDJ5zsR3JTiH-0uhM8?authuser=0&hl=en&rclk=1",
        "state": "Maharashtra"
    },
    {
        "name": "UCO Bank",
        "url": "https://www.google.com/maps/place/UCO+Bank/data=!4m7!3m6!1s0x3be7b6fcb6c2caa3:0xcb34d0e4ca7455c8!8m2!3d19.185263!4d72.846912!16s%2Fg%2F11csqhrkn9!19sChIJo8rCtvy25zsRyFV0yuTQNMs?authuser=0&hl=en&rclk=1",
        "state": "Maharashtra"
    },
    {
        "name": "UCO Bank",
        "url": "https://www.google.com/maps/place/UCO+Bank/data=!4m7!3m6!1s0x3be7a935f52cc827:0x34772eb59f591c1!8m2!3d19.4066249!4d72.8279724!16s%2Fg%2F11cjnmmls9!19sChIJJ8gs9TWp5zsRwZH1WetyRwM?authuser=0&hl=en&rclk=1",
        "state": "Maharashtra"
    },
    {
        "name": "UCO Bank",
        "url": "https://www.google.com/maps/place/UCO+Bank/data=!4m7!3m6!1s0x3be7b1381011b3f9:0xb5f1728fd0c63af!8m2!3d19.2307071!4d72.8287214!16s%2Fg%2F1tdyjp7k!19sChIJ-bMREDix5zsRr2MM_SgXXws?authuser=0&hl=en&rclk=1",
        "state": "Maharashtra"
    },
    {
        "name": "UCO Bank",
        "url": "https://www.google.com/maps/place/UCO+Bank/data=!4m7!3m6!1s0x3be7c3acf660de0d:0xa27cffd6aebf9d8!8m2!3d19.0157804!4d73.0378851!16s%2Fg%2F12lw6pgrw!19sChIJDd5g9qzD5zsR2Pnrav3PJwo?authuser=0&hl=en&rclk=1",
        "state": "Maharashtra"
    },
    {
        "name": "UCO Bank",
        "url": "https://www.google.com/maps/place/UCO+Bank/data=!4m7!3m6!1s0x3be7b8f7431e0b51:0x98d03e5bbfbd7a52!8m2!3d19.1700632!4d72.9529158!16s%2Fg%2F11gh0048xb!19sChIJUQseQ_e45zsRUnq9v1s-0Jg?authuser=0&hl=en&rclk=1",
        "state": "Maharashtra"
    },
    {
        "name": "UCO Bank",
        "url": "https://www.google.com/maps/place/UCO+Bank/data=!4m7!3m6!1s0x3be7ce13116f193b:0x962841444aad971b!8m2!3d18.962701!4d72.820165!16s%2Fg%2F1pty4zzpc!19sChIJOxlvERPO5zsRG5etSkRBKJY?authuser=0&hl=en&rclk=1",
        "state": "Maharashtra"
    },
    {
        "name": "UCO Bank - Bhusawal Branch",
        "url": "https://www.google.com/maps/place/UCO+Bank+-+Bhusawal+Branch/data=!4m7!3m6!1s0x3bd9a63f770028c9:0x5f2bb7cc372a2a5e!8m2!3d21.0388969!4d75.7808!16s%2Fg%2F11fy930ttw!19sChIJySgAdz-m2TsRXioqN8y3K18?authuser=0&hl=en&rclk=1",
        "state": "Maharashtra"
    },
    {
        "name": "UCO Bank",
        "url": "https://www.google.com/maps/place/UCO+Bank/data=!4m7!3m6!1s0x3be7a9805522384b:0xa738b8ed4536b502!8m2!3d19.449063!4d72.807144!16s%2Fg%2F1pty0xbp8!19sChIJSzgiVYCp5zsRArU2Re24OKc?authuser=0&hl=en&rclk=1",
        "state": "Maharashtra"
    },
    {
        "name": "UCO Bank",
        "url": "https://www.google.com/maps/place/UCO+Bank/data=!4m7!3m6!1s0x3bd4c0ea5aaaac7b:0x8c8e2f331c67f5b9!8m2!3d21.1440506!4d79.0825841!16s%2Fg%2F1tf6vtn7!19sChIJe6yqWurA1DsRufVnHDMvjow?authuser=0&hl=en&rclk=1",
        "state": "Maharashtra"
    },
    {
        "name": "UCO Bank",
        "url": "https://www.google.com/maps/place/UCO+Bank/data=!4m7!3m6!1s0x3bd4c76cb0fc7ac5:0x4a5f2ad8bbd3b8ae!8m2!3d21.1477346!4d79.1388327!16s%2Fg%2F1q6j8fcq8!19sChIJxXr8sGzH1DsRrrjTu9gqX0o?authuser=0&hl=en&rclk=1",
        "state": "Maharashtra"
    },
    {
        "name": "UCO Bank",
        "url": "https://www.google.com/maps/place/UCO+Bank/data=!4m7!3m6!1s0x3bc39f358fc3dfb9:0x8d792d8fcbd85c42!8m2!3d18.0902717!4d74.6173537!16s%2Fg%2F11c6w0k5z1!19sChIJud_DjzWfwzsRQlzYy48teY0?authuser=0&hl=en&rclk=1",
        "state": "Maharashtra"
    },
    {
        "name": "UCO Bank",
        "url": "https://www.google.com/maps/place/UCO+Bank/data=!4m7!3m6!1s0x3be7c9b89da068c5:0x1ea5cbc8a523ae6a!8m2!3d19.1038918!4d72.8358893!16s%2Fg%2F11cmn8v8nr!19sChIJxWignbjJ5zsRaq4jpcjLpR4?authuser=0&hl=en&rclk=1",
        "state": "Maharashtra"
    },
    {
        "name": "UCO Bank",
        "url": "https://www.google.com/maps/place/UCO+Bank/data=!4m7!3m6!1s0x3be7c94b2af6a07f:0x6598624a6d4fd047!8m2!3d19.12698!4d72.837044!16s%2Fg%2F11mfw_gh0p!19sChIJf6D2KkvJ5zsRR9BPbUpimGU?authuser=0&hl=en&rclk=1",
        "state": "Maharashtra"
    },
    {
        "name": "UCO Bank",
        "url": "https://www.google.com/maps/place/UCO+Bank/data=!4m7!3m6!1s0x3bd4eadd130b13b5:0xd934b2f2d059236!8m2!3d21.1365808!4d78.9835185!16s%2Fg%2F1264pl42n!19sChIJtRMLE93q1DsRNpIFLS9Lkw0?authuser=0&hl=en&rclk=1",
        "state": "Maharashtra"
    },
    {
        "name": "UCO Bank",
        "url": "https://www.google.com/maps/place/UCO+Bank/data=!4m7!3m6!1s0x3be7ced407c0bdb3:0x936c60149d07a028!8m2!3d19.0715088!4d72.8967072!16s%2Fg%2F11c37kl61_!19sChIJs73AB9TO5zsRKKAHnRRgbJM?authuser=0&hl=en&rclk=1",
        "state": "Maharashtra"
    },
    {
        "name": "UCO Bank",
        "url": "https://www.google.com/maps/place/UCO+Bank/data=!4m7!3m6!1s0x3bd4bf78ffa959bd:0x667e756eb7fa84a1!8m2!3d21.1113216!4d79.0671286!16s%2Fg%2F1q6jbvk2c!19sChIJvVmp_3i_1DsRoYT6t251fmY?authuser=0&hl=en&rclk=1",
        "state": "Maharashtra"
    },
    {
        "name": "UCO Bank",
        "url": "https://www.google.com/maps/place/UCO+Bank/data=!4m7!3m6!1s0x3be7d1c22ab874df:0x2712e7535922307e!8m2!3d18.9254091!4d72.8306594!16s%2Fg%2F11cjh_z4rb!19sChIJ33S4KsLR5zsRfjAiWVPnEic?authuser=0&hl=en&rclk=1",
        "state": "Maharashtra"
    },
    {
        "name": "UCO Bank",
        "url": "https://www.google.com/maps/place/UCO+Bank/data=!4m7!3m6!1s0x3be7d1e9176be90f:0x92e2bb7901f33009!8m2!3d18.9255894!4d72.8198666!16s%2Fg%2F1tj48yzc!19sChIJD-lrF-nR5zsRCTDzAXm74pI?authuser=0&hl=en&rclk=1",
        "state": "Maharashtra"
    },
    {
        "name": "UCO Bank",
        "url": "https://www.google.com/maps/place/UCO+Bank/data=!4m7!3m6!1s0x3be7937fe4128dc1:0x8c0be7b71385a367!8m2!3d19.204949!4d73.1825786!16s%2Fg%2F1hhgdytdq!19sChIJwY0S5H-T5zsRZ6OFE7fnC4w?authuser=0&hl=en&rclk=1",
        "state": "Maharashtra"
    },
    {
        "name": "UCO Bank",
        "url": "https://www.google.com/maps/place/UCO+Bank/data=!4m7!3m6!1s0x3be7ce7781c91eff:0x982ef38797b87d4!8m2!3d18.9748922!4d72.8071371!16s%2Fg%2F1tdr6nf_!19sChIJ_x7JgXfO5zsR1Id7eTjvggk?authuser=0&hl=en&rclk=1",
        "state": "Maharashtra"
    },
    {
        "name": "UCO Bank",
        "url": "https://www.google.com/maps/place/UCO+Bank/data=!4m7!3m6!1s0x3be7c7bb4677edf7:0xffc92b777716f562!8m2!3d19.1256919!4d72.9176931!16s%2Fg%2F11qjlnqk5l!19sChIJ9-13RrvH5zsRYvUWd3cryf8?authuser=0&hl=en&rclk=1",
        "state": "Maharashtra"
    },
    {
        "name": "UCO Bank",
        "url": "https://www.google.com/maps/place/UCO+Bank/data=!4m7!3m6!1s0x3be792d33f6c72af:0xa4ce701f431fd3e1!8m2!3d19.16637!4d73.2369115!16s%2Fg%2F11clw1nr4c!19sChIJr3JsP9OS5zsR4dMfQx9wzqQ?authuser=0&hl=en&rclk=1",
        "state": "Maharashtra"
    },
    {
        "name": "UCO Bank",
        "url": "https://www.google.com/maps/place/UCO+Bank/data=!4m7!3m6!1s0x3be71ef75faaaaab:0x7ccd889553ffb5d7!8m2!3d19.798342!4d72.761619!16s%2Fg%2F11b7lpdbzq!19sChIJq6qqX_ce5zsR17X_U5WIzXw?authuser=0&hl=en&rclk=1",
        "state": "Maharashtra"
    },
    {
        "name": "UCO Bank",
        "url": "https://www.google.com/maps/place/UCO+Bank/data=!4m7!3m6!1s0x3bda59e5e0d54231:0x5056eb1eba4ad53e!8m2!3d19.8434855!4d75.9053135!16s%2Fg%2F11fxvl00pr!19sChIJMULV4OVZ2jsRPtVKuh7rVlA?authuser=0&hl=en&rclk=1",
        "state": "Maharashtra"
    },
    {
        "name": "UCO Bank",
        "url": "https://www.google.com/maps/place/UCO+Bank/data=!4m7!3m6!1s0x3be72709958d777f:0x3efc11b321bf7993!8m2!3d19.9903123!4d72.7405442!16s%2Fg%2F11c5_dxgsb!19sChIJf3eNlQkn5zsRk3m_IbMR_D4?authuser=0&hl=en&rclk=1",
        "state": "Maharashtra"
    },
    {
        "name": "UCO Bank",
        "url": "https://www.google.com/maps/place/UCO+Bank/data=!4m7!3m6!1s0x3be7f8fdaa8431cb:0x8ad0f30be188224b!8m2!3d18.9430802!4d73.4208074!16s%2Fg%2F11c5815922!19sChIJyzGEqv345zsRSyKI4Qvz0Io?authuser=0&hl=en&rclk=1",
        "state": "Maharashtra"
    },
    {
        "name": "UCO Bank",
        "url": "https://www.google.com/maps/place/UCO+Bank/data=!4m7!3m6!1s0x3be7bf5290eb1d71:0x360bbcc40ccffa02!8m2!3d19.1599799!4d73.0695382!16s%2Fg%2F11lq7vtb1t!19sChIJcR3rkFK_5zsRAvrPDMS8CzY?authuser=0&hl=en&rclk=1",
        "state": "Maharashtra"
    },
    {
        "name": "UCO Bank",
        "url": "https://www.google.com/maps/place/UCO+Bank/data=!4m7!3m6!1s0x3bdddbe8847c269d:0x1c8415111aad6462!8m2!3d20.2361243!4d73.9560228!16s%2Fg%2F11dxm9dr7w!19sChIJnSZ8hOjb3TsRYmStGhEVhBw?authuser=0&hl=en&rclk=1",
        "state": "Maharashtra"
    },
    {
        "name": "UCO Bank",
        "url": "https://www.google.com/maps/place/UCO+Bank/data=!4m7!3m6!1s0x3a2b327153e79acd:0xd5627a956edb2d7d!8m2!3d21.3262685!4d79.4417611!16s%2Fg%2F11c2phqknz!19sChIJzZrnU3EyKzoRfS3bbpV6YtU?authuser=0&hl=en&rclk=1",
        "state": "Maharashtra"
    },
    {
        "name": "UCO Bank - Kharghar Branch",
        "url": "https://www.google.com/maps/place/UCO+Bank+-+Kharghar+Branch/data=!4m7!3m6!1s0x3be7c21850dfae23:0xe430a92902844c9a!8m2!3d19.0480429!4d73.0664722!16s%2Fg%2F1262ztj3y!19sChIJI67fUBjC5zsRmkyEAimpMOQ?authuser=0&hl=en&rclk=1",
        "state": "Maharashtra"
    },
    {
        "name": "UCO Bank",
        "url": "https://www.google.com/maps/place/UCO+Bank/data=!4m7!3m6!1s0x3bd6e1512988ac8d:0x10366c72fb6ef01b!8m2!3d21.0819195!4d77.2849359!16s%2Fg%2F11gbl49n5r!19sChIJjayIKVHh1jsRG_Bu-3JsNhA?authuser=0&hl=en&rclk=1",
        "state": "Maharashtra"
    },
    {
        "name": "UCO Bank - Nagardhan Branch",
        "url": "https://www.google.com/maps/place/UCO+Bank+-+Nagardhan+Branch/data=!4m7!3m6!1s0x3bd4d26a0b89f645:0xf26a515a88dcbbba!8m2!3d21.3477334!4d79.3172218!16s%2Fg%2F11c6dd3hk1!19sChIJRfaJC2rS1DsRurvciFpRavI?authuser=0&hl=en&rclk=1",
        "state": "Maharashtra"
    },
    {
        "name": "UCO Bank",
        "url": "https://www.google.com/maps/place/UCO+Bank/data=!4m7!3m6!1s0x3bd4c100123ba6e1:0x1fa08ca23cf42a30!8m2!3d21.1499421!4d79.1075368!16s%2Fg%2F11ldcznldm!19sChIJ4aY7EgDB1DsRMCr0PKKMoB8?authuser=0&hl=en&rclk=1",
        "state": "Maharashtra"
    },
    {
        "name": "UCO Bank",
        "url": "https://www.google.com/maps/place/UCO+Bank/data=!4m7!3m6!1s0x3bd4bed979176ae7:0x46265ec0abb7688b!8m2!3d21.0695454!4d79.0948838!16s%2Fg%2F11f2wbr193!19sChIJ52oXedm-1DsRi2i3q8BeJkY?authuser=0&hl=en&rclk=1",
        "state": "Maharashtra"
    },
    {
        "name": "UCO Bank",
        "url": "https://www.google.com/maps/place/UCO+Bank/data=!4m7!3m6!1s0x3be7fb77adb217af:0x8fc9ac9356687627!8m2!3d18.9118767!4d73.3214865!16s%2Fg%2F124ybtplc!19sChIJrxeyrXf75zsRJ3ZoVpOsyY8?authuser=0&hl=en&rclk=1",
        "state": "Maharashtra"
    },
    {
        "name": "UCO Bank",
        "url": "https://www.google.com/maps/place/UCO+Bank/data=!4m7!3m6!1s0x3bd4c053f0788ae5:0x32ef7eb2a581d2e0!8m2!3d21.1608837!4d79.0571916!16s%2Fg%2F11hbg83tbt!19sChIJ5Yp48FPA1DsR4NKBpbJ-7zI?authuser=0&hl=en&rclk=1",
        "state": "Maharashtra"
    },
    {
        "name": "UCO Bank",
        "url": "https://www.google.com/maps/place/UCO+Bank/data=!4m7!3m6!1s0x3be7ce25a903bef1:0xfec9bf428038d12d!8m2!3d18.9531883!4d72.836313!16s%2Fg%2F1tnk_wkp!19sChIJ8b4DqSXO5zsRLdE4gEK_yf4?authuser=0&hl=en&rclk=1",
        "state": "Maharashtra"
    },
    {
        "name": "UCO Bank",
        "url": "https://www.google.com/maps/place/UCO+Bank/data=!4m7!3m6!1s0x3be7e9d7ece365ab:0x6cb670126041cda9!8m2!3d19.0237098!4d73.0892706!16s%2Fg%2F1ptxkkynb!19sChIJq2Xj7Nfp5zsRqc1BYBJwtmw?authuser=0&hl=en&rclk=1",
        "state": "Maharashtra"
    },
    {
        "name": "UCO Bank - Shani Shignapur Branch",
        "url": "https://www.google.com/maps/place/UCO+Bank+-+Shani+Shignapur+Branch/data=!4m7!3m6!1s0x3bdc994726b0dd03:0x8ef1574df3881e68!8m2!3d19.3817973!4d74.8574325!16s%2Fg%2F11clt9sm7b!19sChIJA92wJkeZ3DsRaB6I801X8Y4?authuser=0&hl=en&rclk=1",
        "state": "Maharashtra"
    },
    {
        "name": "UCO Bank",
        "url": "https://www.google.com/maps/place/UCO+Bank/data=!4m7!3m6!1s0x3be7914c74f5ca35:0xe647e3c029341060!8m2!3d19.2994374!4d73.2193407!16s%2Fg%2F11lq7skc73!19sChIJNcr1dEyR5zsRYBA0KcDjR-Y?authuser=0&hl=en&rclk=1",
        "state": "Maharashtra"
    },
    {
        "name": "UCO Bank",
        "url": "https://www.google.com/maps/place/UCO+Bank/data=!4m7!3m6!1s0x3be7b1004c10cd2d:0x95b5a58215d21c76!8m2!3d19.2240551!4d72.8452677!16s%2Fg%2F11vwf4z6nd!19sChIJLc0QTACx5zsRdhzSFYKltZU?authuser=0&hl=en&rclk=1",
        "state": "Maharashtra"
    },
    {
        "name": "UCO Bank",
        "url": "https://www.google.com/maps/place/UCO+Bank/data=!4m7!3m6!1s0x3bd497f7183117a1:0x749dd35f875bded9!8m2!3d20.9326953!4d79.0051201!16s%2Fg%2F11cn9374yc!19sChIJoRcxGPeX1DsR2d5bh1_TnXQ?authuser=0&hl=en&rclk=1",
        "state": "Maharashtra"
    },
    {
        "name": "UCO Bank",
        "url": "https://www.google.com/maps/place/UCO+Bank/data=!4m7!3m6!1s0x3bea0d1842677417:0xf4d1de8344761629!8m2!3d16.9928577!4d73.3139093!16s%2Fg%2F11c0q_421g!19sChIJF3RnQhgN6jsRKRZ2RIPe0fQ?authuser=0&hl=en&rclk=1",
        "state": "Maharashtra"
    },
    {
        "name": "UCO Bank",
        "url": "https://www.google.com/maps/place/UCO+Bank/data=!4m7!3m6!1s0x3be7b19a06f847bf:0xb7811150dd21757!8m2!3d19.225809!4d72.8451!16s%2Fg%2F11hbc4g1fn!19sChIJv0f4Bpqx5zsRVxfSDRUReAs?authuser=0&hl=en&rclk=1",
        "state": "Maharashtra"
    },
    {
        "name": "UCO Bank",
        "url": "https://www.google.com/maps/place/UCO+Bank/data=!4m7!3m6!1s0x3be7cfe16b709afd:0xc5cd97a67fbf8028!8m2!3d28.8288991!4d78.7323365!16s%2Fg%2F1tgn82hc!19sChIJ_Zpwa-HP5zsRKIC_f6aXzcU?authuser=0&hl=en&rclk=1",
        "state": "Maharashtra"
    },
    {
        "name": "UCO Bank - Mohpa Branch",
        "url": "https://www.google.com/maps/place/UCO+Bank+-+Mohpa+Branch/data=!4m7!3m6!1s0x3bd4fab0e1bac125:0x6ce053b1e0342c25!8m2!3d21.3086428!4d78.8296875!16s%2Fg%2F11c5hj2r19!19sChIJJcG64bD61DsRJSw04LFT4Gw?authuser=0&hl=en&rclk=1",
        "state": "Maharashtra"
    },
    {
        "name": "UCO Bank",
        "url": "https://www.google.com/maps/place/UCO+Bank/data=!4m7!3m6!1s0x3be7b713d1b8951d:0x3b235df381c06441!8m2!3d19.1287549!4d72.8254358!16s%2Fg%2F11sc3j07dx!19sChIJHZW40RO35zsRQWTAgfNdIzs?authuser=0&hl=en&rclk=1",
        "state": "Maharashtra"
    },
    {
        "name": "UCO Bank",
        "url": "https://www.google.com/maps/place/UCO+Bank/data=!4m7!3m6!1s0x39f89fe83c68fb2d:0x30709a37d8c784e6!8m2!3d22.6341736!4d88.4136568!16s%2Fg%2F11hs_08lmg!19sChIJLftoPOif-DkR5oTH2DeacDA?authuser=0&hl=en&rclk=1",
        "state": "Maharashtra"
    },
    {
        "name": "UCO Bank",
        "url": "https://www.google.com/maps/place/UCO+Bank/data=!4m7!3m6!1s0x3bd3e8b4c1aca211:0xc08468eba7c241d0!8m2!3d20.3983539!4d78.1295194!16s%2Fg%2F11cm02jqf4!19sChIJEaKswbTo0zsR0EHCp-tohMA?authuser=0&hl=en&rclk=1",
        "state": "Maharashtra"
    }
]