[
    {
        "name": "UCO Bank Shastradhara Branch",
        "url": "https://www.google.com/maps/place/UCO+Bank+Shastradhara+Branch/data=!4m7!3m6!1s0x3908d7fbe6fc65ed:0xdaa0fbd2883cb7b0!8m2!3d30.3706108!4d78.0973114!16s%2Fg%2F11hh7wjg0f!19sChIJ7WX85vvXCDkRsLc8iNL7oNo?authuser=0&hl=en&rclk=1",
        "state": "Uttarakhand"
    },
    {
        "name": "UCO Bank",
        "url": "https://www.google.com/maps/place/UCO+Bank/data=!4m7!3m6!1s0x39093df83a053577:0x4fd9928255c58986!8m2!3d30.1049358!4d78.2910794!16s%2Fg%2F11cs6hpz68!19sChIJdzUFOvg9CTkRhonFVYKS2U8?authuser=0&hl=en&rclk=1",
        "state": "Uttarakhand"
    },
    {
        "name": "UCO Bank",
        "url": "https://www.google.com/maps/place/UCO+Bank/data=!4m7!3m6!1s0x3908d79ea5b6cef5:0x3f5bc618bbbeed!8m2!3d30.3901661!4d78.0933082!16s%2Fg%2F1ptww9llj!19sChIJ9c62pZ7XCDkR7b67GMZbPwA?authuser=0&hl=en&rclk=1",
        "state": "Uttarakhand"
    },
    {
        "name": "UCO Bank",
        "url": "https://www.google.com/maps/place/UCO+Bank/data=!4m7!3m6!1s0x39a0672cbbc8b38b:0x1cebb748acc98d48!8m2!3d28.9284417!4d79.7017064!16s%2Fg%2F11css0qwxt!19sChIJi7PIuyxnoDkRSI3JrEi36xw?authuser=0&hl=en&rclk=1",
        "state": "Uttarakhand"
    },
    {
        "name": "UCO Bank",
        "url": "https://www.google.com/maps/place/UCO+Bank/data=!4m7!3m6!1s0x390929a2d2d2ed55:0x3cd890a9a76cc1e9!8m2!3d30.3109564!4d78.0445997!16s%2Fg%2F124swtpcd!19sChIJVe3S0qIpCTkR6cFsp6mQ2Dw?authuser=0&hl=en&rclk=1",
        "state": "Uttarakhand"
    },
    {
        "name": "UCO Bank - Govindpuri",
        "url": "https://www.google.com/maps/place/UCO+Bank+-+Govindpuri/data=!4m7!3m6!1s0x3909464f4da538e1:0xf519458b4b91ad9c!8m2!3d29.9336199!4d78.1395587!16s%2Fg%2F11g8_2c9jr!19sChIJ4TilTU9GCTkRnK2RS4tFGfU?authuser=0&hl=en&rclk=1",
        "state": "Uttarakhand"
    },
    {
        "name": "UCO Bank",
        "url": "https://www.google.com/maps/place/UCO+Bank/data=!4m7!3m6!1s0x3908d4dbd1146851:0x1c224edf795239a1!8m2!3d30.3871561!4d77.942928!16s%2Fg%2F11c70j3xfd!19sChIJUWgU0dvUCDkRoTlSed9OIhw?authuser=0&hl=en&rclk=1",
        "state": "Uttarakhand"
    },
    {
        "name": "UCO Bank",
        "url": "https://www.google.com/maps/place/UCO+Bank/data=!4m7!3m6!1s0x39a05ea7c57fbbe1:0xc994b71c1fbeeb93!8m2!3d28.940469!4d79.8152288!16s%2Fg%2F11c70hpy5j!19sChIJ4bt_xadeoDkRk-u-Hxy3lMk?authuser=0&hl=en&rclk=1",
        "state": "Uttarakhand"
    },
    {
        "name": "UCO Bank",
        "url": "https://www.google.com/maps/place/UCO+Bank/data=!4m7!3m6!1s0x39092bb596d063ed:0x44402c96d2962ae1!8m2!3d30.2912641!4d77.995558!16s%2Fg%2F1ptwzknny!19sChIJ7WPQlrUrCTkR4SqW0pYsQEQ?authuser=0&hl=en&rclk=1",
        "state": "Uttarakhand"
    },
    {
        "name": "UCO Bank",
        "url": "https://www.google.com/maps/place/UCO+Bank/data=!4m7!3m6!1s0x390928fa362dae03:0x82632adc7fd219d4!8m2!3d30.2953196!4d78.0742706!16s%2Fg%2F11cjj6zd47!19sChIJA64tNvooCTkR1BnSf9wqY4I?authuser=0&hl=en&rclk=1",
        "state": "Uttarakhand"
    },
    {
        "name": "UCO Bank - Haripur Kalan Branch",
        "url": "https://www.google.com/maps/place/UCO+Bank+-+Haripur+Kalan+Branch/data=!4m7!3m6!1s0x390938a9cf89ce11:0x434f07cb5e5f259d!8m2!3d29.9954618!4d78.1941352!16s%2Fg%2F11dz_mf8_m!19sChIJEc6Jz6k4CTkRnSVfXssHT0M?authuser=0&hl=en&rclk=1",
        "state": "Uttarakhand"
    },
    {
        "name": "UCO Bank - Clement Town Branch",
        "url": "https://www.google.com/maps/place/UCO+Bank+-+Clement+Town+Branch/data=!4m7!3m6!1s0x39092bf2e9eb2b17:0x73c458f859279684!8m2!3d30.2619516!4d77.9995663!16s%2Fg%2F11c48pj36x!19sChIJFyvr6fIrCTkRhJYnWfhYxHM?authuser=0&hl=en&rclk=1",
        "state": "Uttarakhand"
    },
    {
        "name": "UCO Bank",
        "url": "https://www.google.com/maps/place/UCO+Bank/data=!4m7!3m6!1s0x390f567ec04c32a9:0x137a3d2165fc688d!8m2!3d31.009236!4d77.8326008!16s%2Fg%2F11g6xqy_jh!19sChIJqTJMwH5WDzkRjWj8ZSE9ehM?authuser=0&hl=en&rclk=1",
        "state": "Uttarakhand"
    },
    {
        "name": "UCO Bank",
        "url": "https://www.google.com/maps/place/UCO+Bank/data=!4m7!3m6!1s0x39092a16f45ce58b:0xf93e2b04a6bf7d10!8m2!3d30.3226749!4d78.0050813!16s%2Fg%2F124yk8l3q!19sChIJi-Vc9BYqCTkREH2_pgQrPvk?authuser=0&hl=en&rclk=1",
        "state": "Uttarakhand"
    },
    {
        "name": "UCO Bank",
        "url": "https://www.google.com/maps/place/UCO+Bank/data=!4m7!3m6!1s0x390f2fba4a84695d:0x2cf69119bbfca93a!8m2!3d30.4718634!4d77.7768128!16s%2Fg%2F11c70c3kb0!19sChIJXWmESrovDzkROqn8uxmR9iw?authuser=0&hl=en&rclk=1",
        "state": "Uttarakhand"
    },
    {
        "name": "UCO Bank",
        "url": "https://www.google.com/maps/place/UCO+Bank/data=!4m7!3m6!1s0x39a061835340dd05:0x962c9a756443f57!8m2!3d28.9859826!4d79.6966023!16s%2Fg%2F11gk0wjgpk!19sChIJBd1AU4NhoDkRVz9EVqfJYgk?authuser=0&hl=en&rclk=1",
        "state": "Uttarakhand"
    },
    {
        "name": "UCO Bank",
        "url": "https://www.google.com/maps/place/UCO+Bank/data=!4m7!3m6!1s0x390f2a5b118d772f:0x8fafb87f753a77ea!8m2!3d30.3593478!4d77.8730728!16s%2Fg%2F11fy_qj91c!19sChIJL3eNEVsqDzkR6nc6dX-4r48?authuser=0&hl=en&rclk=1",
        "state": "Uttarakhand"
    },
    {
        "name": "UCO Bank",
        "url": "https://www.google.com/maps/place/UCO+Bank/data=!4m7!3m6!1s0x3909d45ed8ee35f7:0xa1c6f1854f5d016d!8m2!3d30.4077154!4d79.3174277!16s%2Fg%2F11b8079wh8!19sChIJ9zXu2F7UCTkRbQFdT4XxxqE?authuser=0&hl=en&rclk=1",
        "state": "Uttarakhand"
    },
    {
        "name": "UCO Bank",
        "url": "https://www.google.com/maps/place/UCO+Bank/data=!4m7!3m6!1s0x390947002fe02037:0x521668d190c5d6fd!8m2!3d29.9465942!4d78.1586517!16s%2Fg%2F124yq70pl!19sChIJNyDgLwBHCTkR_dbFkNFoFlI?authuser=0&hl=en&rclk=1",
        "state": "Uttarakhand"
    },
    {
        "name": "UCO Bank",
        "url": "https://www.google.com/maps/place/UCO+Bank/data=!4m7!3m6!1s0x390929b8f5934689:0x10f6d5a9add0266a!8m2!3d30.31838!4d78.0505584!16s%2Fg%2F1ptz6p2kn!19sChIJiUaT9bgpCTkRaibQranV9hA?authuser=0&hl=en&rclk=1",
        "state": "Uttarakhand"
    },
    {
        "name": "UCO Bank",
        "url": "https://www.google.com/maps/place/UCO+Bank/data=!4m7!3m6!1s0x390925445f2293b7:0xa0ff4aa4b3d1b31c!8m2!3d30.18596!4d78.1252603!16s%2Fg%2F11cn93xk23!19sChIJt5MiX0QlCTkRHLPRs6RK_6A?authuser=0&hl=en&rclk=1",
        "state": "Uttarakhand"
    },
    {
        "name": "UCO Bank",
        "url": "https://www.google.com/maps/place/UCO+Bank/data=!4m7!3m6!1s0x39a0c09617bff86b:0x55b5da398eb7eb10!8m2!3d29.4615702!4d79.7554428!16s%2Fg%2F11fzfd_ytj!19sChIJa_i_F5bAoDkREOu3jjnatVU?authuser=0&hl=en&rclk=1",
        "state": "Uttarakhand"
    },
    {
        "name": "UCO Bank",
        "url": "https://www.google.com/maps/place/UCO+Bank/data=!4m7!3m6!1s0x3908d60f07c402bd:0xbecf71dc66a62811!8m2!3d30.357115!4d78.0279865!16s%2Fg%2F1ptyvyf1f!19sChIJvQLEBw_WCDkRESimZtxxz74?authuser=0&hl=en&rclk=1",
        "state": "Uttarakhand"
    },
    {
        "name": "UCO Bank",
        "url": "https://www.google.com/maps/place/UCO+Bank/data=!4m7!3m6!1s0x39a10018f9d01c37:0xde1b9eae458269f7!8m2!3d29.0724448!4d80.1057393!16s%2Fg%2F11gzb8mtn!19sChIJNxzQ-RgAoTkR92mCRa6eG94?authuser=0&hl=en&rclk=1",
        "state": "Uttarakhand"
    },
    {
        "name": "UCO Bank",
        "url": "https://www.google.com/maps/place/UCO+Bank/data=!4m7!3m6!1s0x39094750381594b1:0x4a6216a189157f31!8m2!3d29.9845214!4d78.1927063!16s%2Fg%2F11c58pbykn!19sChIJsZQVOFBHCTkRMX8ViaEWYko?authuser=0&hl=en&rclk=1",
        "state": "Uttarakhand"
    },
    {
        "name": "UCO Bank",
        "url": "https://www.google.com/maps/place/UCO+Bank/data=!4m7!3m6!1s0x39a73aa1803d6fe1:0x781f5370a192c409!8m2!3d29.9609138!4d79.8994929!16s%2Fg%2F1thr5l9x!19sChIJ4W89gKE6pzkRCcSSoXBTH3g?authuser=0&hl=en&rclk=1",
        "state": "Uttarakhand"
    },
    {
        "name": "UCO Bank",
        "url": "https://www.google.com/maps/place/UCO+Bank/data=!4m7!3m6!1s0x3909b7ae88e85631:0x5d885181034e0c92!8m2!3d30.2850955!4d78.9821909!16s%2Fg%2F11c70j4lpb!19sChIJMVboiK63CTkRkgxOA4FRiF0?authuser=0&hl=en&rclk=1",
        "state": "Uttarakhand"
    },
    {
        "name": "UCO Bank",
        "url": "https://www.google.com/maps/place/UCO+Bank/data=!4m7!3m6!1s0x3909a579c7d4be4d:0xa1c10b17c713a299!8m2!3d30.220049!4d78.796511!16s%2Fg%2F11c5h2cz8l!19sChIJTb7Ux3mlCTkRmaITxxcLwaE?authuser=0&hl=en&rclk=1",
        "state": "Uttarakhand"
    },
    {
        "name": "UCO Bank, Zonal Office",
        "url": "https://www.google.com/maps/place/UCO+Bank,+Zonal+Office/data=!4m7!3m6!1s0x390929df486b4673:0x83e320a049794ca3!8m2!3d30.3440282!4d78.0474329!16s%2Fg%2F11c5g_2k5h!19sChIJc0ZrSN8pCTkRo0x5SaAg44M?authuser=0&hl=en&rclk=1",
        "state": "Uttarakhand"
    },
    {
        "name": "UCO Bank",
        "url": "https://www.google.com/maps/place/UCO+Bank/data=!4m7!3m6!1s0x39091d788b264f8b:0x997fb446934d4cfd!8m2!3d30.3719429!4d78.4311069!16s%2Fg%2F11c6sr3c62!19sChIJi08mi3gdCTkR_UxNk0a0f5k?authuser=0&hl=en&rclk=1",
        "state": "Uttarakhand"
    }
]