[
    {
        "name": "UCO Bank",
        "url": "https://www.google.com/maps/place/UCO+Bank/data=!4m7!3m6!1s0x39f4e1cb7e39a6d9:0x77b759b9d400411f!8m2!3d23.3304655!4d85.3160785!16s%2Fg%2F11ckqhj4kw!19sChIJ2aY5fsvh9DkRH0EA1LlZt3c?authuser=0&hl=en&rclk=1",
        "state": "Jharkhand"
    },
    {
        "name": "UCO Bank",
        "url": "https://www.google.com/maps/place/UCO+Bank/data=!4m7!3m6!1s0x39f4e11bfffffffd:0x7003994660765f19!8m2!3d23.3590992!4d85.3243458!16s%2Fg%2F11bcf49ryh!19sChIJ_f___xvh9DkRGV92YEaZA3A?authuser=0&hl=en&rclk=1",
        "state": "Jharkhand"
    },
    {
        "name": "UCO Bank - Sonari Branch",
        "url": "https://www.google.com/maps/place/UCO+Bank+-+Sonari+Branch/data=!4m7!3m6!1s0x39f5e47b751d9b4b:0xb584b913ede3b87e!8m2!3d22.8196451!4d86.1673895!16s%2Fg%2F11dft0ggdj!19sChIJS5sddXvk9TkRfrjj7RO5hLU?authuser=0&hl=en&rclk=1",
        "state": "Jharkhand"
    },
    {
        "name": "UCO Bank - Civil Court Branch",
        "url": "https://www.google.com/maps/place/UCO+Bank+-+Civil+Court+Branch/data=!4m7!3m6!1s0x39f6bcbecf46c2ff:0xb73e5116c5038c5a!8m2!3d23.7977152!4d86.4344826!16s%2Fg%2F11cn146987!19sChIJ_8JGz7689jkRWowDxRZRPrc?authuser=0&hl=en&rclk=1",
        "state": "Jharkhand"
    },
    {
        "name": "UCO Bank",
        "url": "https://www.google.com/maps/place/UCO+Bank/data=!4m7!3m6!1s0x39f4fceb2fb3c07f:0x9141873af811da26!8m2!3d23.387587!4d85.461302!16s%2Fg%2F11f2b6jwlf!19sChIJf8CzL-v89DkRJtoR-DqHQZE?authuser=0&hl=en&rclk=1",
        "state": "Jharkhand"
    },
    {
        "name": "UCO Bank",
        "url": "https://www.google.com/maps/place/UCO+Bank/data=!4m7!3m6!1s0x39f4e3fc7a4a2509:0x8f29b788da1e64ee!8m2!3d23.40056!4d85.3596869!16s%2Fg%2F11b7xg_py0!19sChIJCSVKevzj9DkR7mQe2oi3KY8?authuser=0&hl=en&rclk=1",
        "state": "Jharkhand"
    },
    {
        "name": "UCO Bank - Katras More Branch",
        "url": "https://www.google.com/maps/place/UCO+Bank+-+Katras+More+Branch/data=!4m7!3m6!1s0x39f6a2b7d50477a5:0xa833d5b486db16ea!8m2!3d23.745434!4d86.411006!16s%2Fg%2F11cp7rnsf9!19sChIJpXcE1bei9jkR6hbbhrTVM6g?authuser=0&hl=en&rclk=1",
        "state": "Jharkhand"
    },
    {
        "name": "UCO Bank - Godda Branch",
        "url": "https://www.google.com/maps/place/UCO+Bank+-+Godda+Branch/data=!4m7!3m6!1s0x39f0f52f2166828f:0xe1cbc1c730ae84e3!8m2!3d24.8381147!4d87.2142625!16s%2Fg%2F11c542mtz_!19sChIJj4JmIS_18DkR44SuMMfBy-E?authuser=0&hl=en&rclk=1",
        "state": "Jharkhand"
    },
    {
        "name": "UCO Bank",
        "url": "https://www.google.com/maps/place/UCO+Bank/data=!4m7!3m6!1s0x39f4f474b56c86f5:0x585c9f55fa23c3b3!8m2!3d23.6277849!4d85.5237969!16s%2Fg%2F11fz2r_cg4!19sChIJ9YZstXT09DkRs8Mj-lWfXFg?authuser=0&hl=en&rclk=1",
        "state": "Jharkhand"
    },
    {
        "name": "UCO Bank",
        "url": "https://www.google.com/maps/place/UCO+Bank/data=!4m7!3m6!1s0x39f49c1da9fa46dd:0x49d099732ebdcb12!8m2!3d23.9936703!4d85.3571991!16s%2Fg%2F11c75j1fj4!19sChIJ3Ub6qR2c9DkREsu9LnOZ0Ek?authuser=0&hl=en&rclk=1",
        "state": "Jharkhand"
    },
    {
        "name": "UCO Bank",
        "url": "https://www.google.com/maps/place/UCO+Bank/data=!4m7!3m6!1s0x39f4de35fb835d87:0x8a78c4e9d1edbba!8m2!3d23.3638456!4d85.2521142!16s%2Fg%2F11c3k310qy!19sChIJh12D-zXe9DkRutsenU6Mpwg?authuser=0&hl=en&rclk=1",
        "state": "Jharkhand"
    },
    {
        "name": "UCO Bank",
        "url": "https://www.google.com/maps/place/UCO+Bank/data=!4m7!3m6!1s0x39f4e1af4e06a3c9:0x91cbb78e34d8fbbd!8m2!3d23.3540396!4d85.3238841!16s%2Fg%2F11b6b4yw_3!19sChIJyaMGTq_h9DkRvfvYNI63y5E?authuser=0&hl=en&rclk=1",
        "state": "Jharkhand"
    },
    {
        "name": "UCO Bank - Dhaiya Branch",
        "url": "https://www.google.com/maps/place/UCO+Bank+-+Dhaiya+Branch/data=!4m7!3m6!1s0x39f6bb5f365eec55:0x653f9be7b169984d!8m2!3d23.8192285!4d86.4344754!16s%2Fg%2F1tg6hzf0!19sChIJVexeNl-79jkRTZhpseebP2U?authuser=0&hl=en&rclk=1",
        "state": "Jharkhand"
    },
    {
        "name": "UCO Bank",
        "url": "https://www.google.com/maps/place/UCO+Bank/data=!4m7!3m6!1s0x3a1e277647fb5381:0x747a3faa57c6f4ea!8m2!3d22.5511812!4d85.8097529!16s%2Fg%2F11c5wn9414!19sChIJgVP7R3YnHjoR6vTGV6o_enQ?authuser=0&hl=en&rclk=1",
        "state": "Jharkhand"
    },
    {
        "name": "UCO Bank",
        "url": "https://www.google.com/maps/place/UCO+Bank/data=!4m7!3m6!1s0x39f517d17354a917:0xf5f7461a0c5bd81!8m2!3d23.0813099!4d85.2796647!16s%2Fg%2F11g6s6hfws!19sChIJF6lUc9EX9TkRgb3FoGF0Xw8?authuser=0&hl=en&rclk=1",
        "state": "Jharkhand"
    },
    {
        "name": "UCO Bank - Sudamdih Branch",
        "url": "https://www.google.com/maps/place/UCO+Bank+-+Sudamdih+Branch/data=!4m7!3m6!1s0x39f6977eb85aaa53:0x6bac785762efa02e!8m2!3d23.6699257!4d86.4230918!16s%2Fg%2F11bv35wgxg!19sChIJU6pauH6X9jkRLqDvYld4rGs?authuser=0&hl=en&rclk=1",
        "state": "Jharkhand"
    },
    {
        "name": "UCO Bank",
        "url": "https://www.google.com/maps/place/UCO+Bank/data=!4m7!3m6!1s0x39f4e02145796ff7:0x7eda7ea17fc8f36d!8m2!3d23.3171626!4d85.2974323!16s%2Fg%2F11c1pl7x87!19sChIJ9295RSHg9DkRbfPIf6F-2n4?authuser=0&hl=en&rclk=1",
        "state": "Jharkhand"
    },
    {
        "name": "UCO Bank",
        "url": "https://www.google.com/maps/place/UCO+Bank/data=!4m7!3m6!1s0x39f4591a66c412f5:0xfd89ca3870feffc2!8m2!3d23.5752072!4d85.6526947!16s%2Fg%2F11g8_1cxnq!19sChIJ9RLEZhpZ9DkRwv_-cDjKif0?authuser=0&hl=en&rclk=1",
        "state": "Jharkhand"
    },
    {
        "name": "UCO Bank",
        "url": "https://www.google.com/maps/place/UCO+Bank/data=!4m7!3m6!1s0x39f414317e5219bb:0x3993453edf78d517!8m2!3d23.7651145!4d85.9992681!16s%2Fg%2F11csqfvbqx!19sChIJuxlSfjEU9DkRF9V43z5Fkzk?authuser=0&hl=en&rclk=1",
        "state": "Jharkhand"
    },
    {
        "name": "UCO Bank",
        "url": "https://www.google.com/maps/place/UCO+Bank/data=!4m7!3m6!1s0x39f6a3b8c0c5c677:0x4f29226dc532ce5a!8m2!3d23.7845621!4d86.3596006!16s%2Fg%2F11dxl7dj8_!19sChIJd8bFwLij9jkRWs4yxW0iKU8?authuser=0&hl=en&rclk=1",
        "state": "Jharkhand"
    },
    {
        "name": "UCO Bank",
        "url": "https://www.google.com/maps/place/UCO+Bank/data=!4m7!3m6!1s0x39f4eae57257411b:0x1b85801d18e6b667!8m2!3d23.6590458!4d85.304392!16s%2Fg%2F11r96n8fr!19sChIJG0FXcuXq9DkRZ7bmGB2AhRs?authuser=0&hl=en&rclk=1",
        "state": "Jharkhand"
    },
    {
        "name": "UCO Bank",
        "url": "https://www.google.com/maps/place/UCO+Bank/data=!4m7!3m6!1s0x398b23836f25f203:0x866f3e704e017151!8m2!3d23.4297463!4d84.6809679!16s%2Fg%2F11h1b8yfq!19sChIJA_Ilb4MjizkRUXEBTnA-b4Y?authuser=0&hl=en&rclk=1",
        "state": "Jharkhand"
    },
    {
        "name": "UCO Bank Madhupur",
        "url": "https://www.google.com/maps/place/UCO+Bank+Madhupur/data=!4m7!3m6!1s0x39f137401db484cd:0xe0693653b5a24c79!8m2!3d24.2745042!4d86.6409785!16s%2Fg%2F11d_v3k9x3!19sChIJzYS0HUA38TkReUyitVM2aeA?authuser=0&hl=en&rclk=1",
        "state": "Jharkhand"
    },
    {
        "name": "UCO Bank",
        "url": "https://www.google.com/maps/place/UCO+Bank/data=!4m7!3m6!1s0x39f116285f8aa1c1:0xf064326f8d1c4cc6!8m2!3d24.4910484!4d86.6949973!16s%2Fg%2F11c6v98ynz!19sChIJwaGKXygW8TkRxkwcjW8yZPA?authuser=0&hl=en&rclk=1",
        "state": "Jharkhand"
    },
    {
        "name": "UCO Bank",
        "url": "https://www.google.com/maps/place/UCO+Bank/data=!4m7!3m6!1s0x39f6bcbdded067b7:0xbf17b2904006546d!8m2!3d23.7999451!4d86.4373961!16s%2Fg%2F11c31xfk_k!19sChIJt2fQ3r289jkRbVQGQJCyF78?authuser=0&hl=en&rclk=1",
        "state": "Jharkhand"
    },
    {
        "name": "UCO Bank",
        "url": "https://www.google.com/maps/place/UCO+Bank/data=!4m7!3m6!1s0x398b6c3c0f8d821d:0x1768a830a9db4ee5!8m2!3d23.7436973!4d84.4965617!16s%2Fg%2F11cn0vcrhp!19sChIJHYKNDzxsizkR5U7bqTCoaBc?authuser=0&hl=en&rclk=1",
        "state": "Jharkhand"
    },
    {
        "name": "UCO Bank",
        "url": "https://www.google.com/maps/place/UCO+Bank/data=!4m7!3m6!1s0x39f6a334a95d2b6b:0xddb61da3ed4b7ef2!8m2!3d23.7877703!4d86.4188368!16s%2Fg%2F11cnczwmcb!19sChIJaytdqTSj9jkR8n5L7aMdtt0?authuser=0&hl=en&rclk=1",
        "state": "Jharkhand"
    },
    {
        "name": "UCO Bank",
        "url": "https://www.google.com/maps/place/UCO+Bank/data=!4m7!3m6!1s0x39f5f32e9f1e3821:0x5918cd8864093df0!8m2!3d22.7037792!4d85.9356725!16s%2Fg%2F11c60752vh!19sChIJITgeny7z9TkR8D0JZIjNGFk?authuser=0&hl=en&rclk=1",
        "state": "Jharkhand"
    },
    {
        "name": "UCO Bank Petarwar",
        "url": "https://www.google.com/maps/place/UCO+Bank+Petarwar/data=!4m7!3m6!1s0x39f4410b73cb4b09:0xfba840dc0ca8efd3!8m2!3d23.6135224!4d85.8495583!16s%2Fg%2F11tcrfqwgk!19sChIJCUvLcwtB9DkR0--oDNxAqPs?authuser=0&hl=en&rclk=1",
        "state": "Jharkhand"
    },
    {
        "name": "UCO Bank - Suri Branch",
        "url": "https://www.google.com/maps/place/UCO+Bank+-+Suri+Branch/data=!4m7!3m6!1s0x39f7586c8c947009:0x1b67e08cd4aa0186!8m2!3d23.9075281!4d87.5258902!16s%2Fg%2F11clvtm6hs!19sChIJCXCUjGxY9zkRhgGq1IzgZxs?authuser=0&hl=en&rclk=1",
        "state": "Jharkhand"
    },
    {
        "name": "UCO Bank - Basaha Branch",
        "url": "https://www.google.com/maps/place/UCO+Bank+-+Basaha+Branch/data=!4m7!3m6!1s0x39f0d10ddbeffafb:0xfeae56a5bd17d9e1!8m2!3d24.239512!4d87.0136177!16s%2Fg%2F11c804sxk8!19sChIJ-_rv2w3R8DkR4dkXvaVWrv4?authuser=0&hl=en&rclk=1",
        "state": "Jharkhand"
    },
    {
        "name": "UCO Bank - Farakka Branch",
        "url": "https://www.google.com/maps/place/UCO+Bank+-+Farakka+Branch/data=!4m7!3m6!1s0x39fa5ea27b9263e7:0xaf21334345422efa!8m2!3d24.8034843!4d87.9144515!16s%2Fg%2F11c5s41xj5!19sChIJ52OSe6Je-jkR-i5CRUMzIa8?authuser=0&hl=en&rclk=1",
        "state": "Jharkhand"
    },
    {
        "name": "UCO Bank, Dhanwar",
        "url": "https://www.google.com/maps/place/UCO+Bank,+Dhanwar/data=!4m7!3m6!1s0x39f3eb0052be1cbd:0x248bd14bacb2c711!8m2!3d24.4092219!4d85.9796059!16s%2Fg%2F11y73pttb5!19sChIJvRy-UgDr8zkREceyrEvRiyQ?authuser=0&hl=en&rclk=1",
        "state": "Jharkhand"
    },
    {
        "name": "UCO Bank",
        "url": "https://www.google.com/maps/place/UCO+Bank/data=!4m7!3m6!1s0x39f52a073d1d185f:0xdb1d736849363563!8m2!3d23.301347!4d85.0164808!16s%2Fg%2F11bz_xfj5p!19sChIJXxgdPQcq9TkRYzU2SWhzHds?authuser=0&hl=en&rclk=1",
        "state": "Jharkhand"
    }
]