[
    {
        "name": "UCO Bank - Panaji Branch",
        "url": "https://www.google.com/maps/place/UCO+Bank+-+Panaji+Branch/data=!4m7!3m6!1s0x3bbfc08bed5af819:0x149454979760f75f!8m2!3d15.498622!4d73.8251426!16s%2Fg%2F124t2b21l!19sChIJGfha7YvAvzsRX_dgl5dUlBQ?authuser=0&hl=en&rclk=1",
        "state": "Goa"
    },
    {
        "name": "UCO Bank",
        "url": "https://www.google.com/maps/place/UCO+Bank/data=!4m7!3m6!1s0x3bbfb7490432d7f5:0x21f2b8cd754d38d5!8m2!3d15.3564826!4d73.9278013!16s%2Fg%2F11cjhhqzp3!19sChIJ9dcyBEm3vzsR1ThNdc248iE?authuser=0&hl=en&rclk=1",
        "state": "Goa"
    },
    {
        "name": "UCO Bank - Margao Branch",
        "url": "https://www.google.com/maps/place/UCO+Bank+-+Margao+Branch/data=!4m7!3m6!1s0x3bbfb3e9e0bb14f3:0xbb2da61675cb93cf!8m2!3d15.2716762!4d73.9591892!16s%2Fg%2F11c2pqlqbx!19sChIJ8xS74OmzvzsRz5PLdRamLbs?authuser=0&hl=en&rclk=1",
        "state": "Goa"
    },
    {
        "name": "UCO Bank",
        "url": "https://www.google.com/maps/place/UCO+Bank/data=!4m7!3m6!1s0x3bbfb1613fffffff:0x3dd260a9e38979db!8m2!3d15.2961178!4d73.9738909!16s%2Fg%2F1tw1c8t9!19sChIJ____P2GxvzsR23mJ46lg0j0?authuser=0&hl=en&rclk=1",
        "state": "Goa"
    },
    {
        "name": "UCO Bank - Borim Branch",
        "url": "https://www.google.com/maps/place/UCO+Bank+-+Borim+Branch/data=!4m7!3m6!1s0x3bbfb012898d317f:0x6f8c8771001bb31d!8m2!3d15.3698171!4d74.0094541!16s%2Fg%2F11dxm64lxy!19sChIJfzGNiRKwvzsRHbMbAHGHjG8?authuser=0&hl=en&rclk=1",
        "state": "Goa"
    },
    {
        "name": "UCO Bank",
        "url": "https://www.google.com/maps/place/UCO+Bank/data=!4m7!3m6!1s0x3bbfbba378d122d1:0xcd12e2e69952ad2e!8m2!3d15.4420774!4d73.9739835!16s%2Fg%2F1hd_zp57d!19sChIJ0SLReKO7vzsRLq1SmebiEs0?authuser=0&hl=en&rclk=1",
        "state": "Goa"
    },
    {
        "name": "UCO Bank",
        "url": "https://www.google.com/maps/place/UCO+Bank/data=!4m7!3m6!1s0x3bbfc7bc78e4f491:0x987ffc92cb9c17d0!8m2!3d15.398104!4d73.812653!16s%2Fg%2F11b6s19zl5!19sChIJkfTkeLzHvzsR0Becy5L8f5g?authuser=0&hl=en&rclk=1",
        "state": "Goa"
    },
    {
        "name": "UCO Bank",
        "url": "https://www.google.com/maps/place/UCO+Bank/data=!4m7!3m6!1s0x3bbfbabee1e9ba51:0x62ef50354007791b!8m2!3d15.4015432!4d74.0114791!16s%2Fg%2F11c6crgh03!19sChIJUbrp4b66vzsRG3kHQDVQ72I?authuser=0&hl=en&rclk=1",
        "state": "Goa"
    }
]