[
    {
        "name": "UCO Bank",
        "url": "https://www.google.com/maps/place/UCO+Bank/data=!4m7!3m6!1s0x3ba859bc44c7506b:0x8a39a1ef44860ff6!8m2!3d10.9960888!4d76.9794161!16s%2Fg%2F1hjg_284y!19sChIJa1DHRLxZqDsR9g-GRO-hOYo?authuser=0&hl=en&rclk=1",
        "state": "Tamil Nadu"
    },
    {
        "name": "UCO Bank",
        "url": "https://www.google.com/maps/place/UCO+Bank/data=!4m7!3m6!1s0x3a526f520fffffff:0xea9736f5395789e4!8m2!3d13.0905399!4d80.2884767!16s%2Fg%2F1tcv99nx!19sChIJ____D1JvUjoR5IlXOfU2l-o?authuser=0&hl=en&rclk=1",
        "state": "Tamil Nadu"
    },
    {
        "name": "UCO Bank - R.S Puram Branch",
        "url": "https://www.google.com/maps/place/UCO+Bank+-+R.S+Puram+Branch/data=!4m7!3m6!1s0x3ba8591ec0b8ec4f:0xa6206c0a6de9f09d!8m2!3d11.0072306!4d76.9454871!16s%2Fg%2F11b8_w48_b!19sChIJT-y4wB5ZqDsRnfDpbQpsIKY?authuser=0&hl=en&rclk=1",
        "state": "Tamil Nadu"
    },
    {
        "name": "UCO Bank",
        "url": "https://www.google.com/maps/place/UCO+Bank/data=!4m7!3m6!1s0x3baa5f9fab87ba85:0x32bb3e3ab9f9985f!8m2!3d10.8123995!4d78.6375227!16s%2Fg%2F1q62d1r4m!19sChIJhbqHq59fqjsRX5j5uTo-uzI?authuser=0&hl=en&rclk=1",
        "state": "Tamil Nadu"
    },
    {
        "name": "UCO Bank",
        "url": "https://www.google.com/maps/place/UCO+Bank/data=!4m7!3m6!1s0x3a525d85d3ec9905:0xf8348832e0c3b2c5!8m2!3d12.983273!4d80.2233747!16s%2Fg%2F1vq9kq3p!19sChIJBZns04VdUjoRxbLD4DKINPg?authuser=0&hl=en&rclk=1",
        "state": "Tamil Nadu"
    },
    {
        "name": "UCO Bank",
        "url": "https://www.google.com/maps/place/UCO+Bank/data=!4m7!3m6!1s0x3a52643f3b9bafdb:0x25642c4024ef43cf!8m2!3d13.1009015!4d80.2142874!16s%2Fg%2F1td4bzlx!19sChIJ26-bOz9kUjoRz0PvJEAsZCU?authuser=0&hl=en&rclk=1",
        "state": "Tamil Nadu"
    },
    {
        "name": "UCO Bank",
        "url": "https://www.google.com/maps/place/UCO+Bank/data=!4m7!3m6!1s0x3babce5418c400a1:0x4dacb4e11201be32!8m2!3d11.2360485!4d78.1520985!16s%2Fg%2F1hf147kb0!19sChIJoQDEGFTOqzsRMr4BEuG0rE0?authuser=0&hl=en&rclk=1",
        "state": "Tamil Nadu"
    },
    {
        "name": "UCO Bank",
        "url": "https://www.google.com/maps/place/UCO+Bank/data=!4m7!3m6!1s0x3a52641aee7bd6b1:0xa9f8a820c283906b!8m2!3d13.0889719!4d80.1994097!16s%2Fg%2F126040782!19sChIJsdZ77hpkUjoRa5CDwiCo-Kk?authuser=0&hl=en&rclk=1",
        "state": "Tamil Nadu"
    },
    {
        "name": "UCO Bank",
        "url": "https://www.google.com/maps/place/UCO+Bank/data=!4m7!3m6!1s0x3a5266a5b150cd17:0x774ad871a807ea9d!8m2!3d13.0732847!4d80.2011431!16s%2Fg%2F11c59p2n36!19sChIJF81QsaVmUjoRneoHqHHYSnc?authuser=0&hl=en&rclk=1",
        "state": "Tamil Nadu"
    },
    {
        "name": "UCO Bank",
        "url": "https://www.google.com/maps/place/UCO+Bank/data=!4m7!3m6!1s0x3b00c584da1c00a3:0x7edeadd257ba1792!8m2!3d9.9209269!4d78.1212784!16s%2Fg%2F11btxj8324!19sChIJowAc2oTFADsRkhe6V9Kt3n4?authuser=0&hl=en&rclk=1",
        "state": "Tamil Nadu"
    },
    {
        "name": "UCO Bank",
        "url": "https://www.google.com/maps/place/UCO+Bank/data=!4m7!3m6!1s0x3a5265e0d7b804fb:0x4e285153fa041b75!8m2!3d13.0870886!4d80.2575899!16s%2Fg%2F1264j2b_r!19sChIJ-wS41-BlUjoRdRsE-lNRKE4?authuser=0&hl=en&rclk=1",
        "state": "Tamil Nadu"
    },
    {
        "name": "UCO Bank",
        "url": "https://www.google.com/maps/place/UCO+Bank/data=!4m7!3m6!1s0x3a5266793a31a7d9:0x212db15bc6821ff8!8m2!3d13.0770489!4d80.2385225!16s%2Fg%2F124yqqv3g!19sChIJ2acxOnlmUjoR-B-CxluxLSE?authuser=0&hl=en&rclk=1",
        "state": "Tamil Nadu"
    },
    {
        "name": "UCO Bank",
        "url": "https://www.google.com/maps/place/UCO+Bank/data=!4m7!3m6!1s0x3a525e848030af13:0x959dacab5ab1205d!8m2!3d12.933654!4d80.1817004!16s%2Fg%2F11cmcwr1j8!19sChIJE68wgIReUjoRXSCxWqusnZU?authuser=0&hl=en&rclk=1",
        "state": "Tamil Nadu"
    },
    {
        "name": "UCO Bank Vadipatti",
        "url": "https://www.google.com/maps/place/UCO+Bank+Vadipatti/data=!4m7!3m6!1s0x3b00b4e2e7794299:0x17668a5507b6b38f!8m2!3d10.0851947!4d77.9609502!16s%2Fg%2F11bytpn7s4!19sChIJmUJ55-K0ADsRj7O2B1WKZhc?authuser=0&hl=en&rclk=1",
        "state": "Tamil Nadu"
    },
    {
        "name": "UCO Bank",
        "url": "https://www.google.com/maps/place/UCO+Bank/data=!4m7!3m6!1s0x3a525c30a591915d:0x35764f1024487d0b!8m2!3d12.9320749!4d80.2034348!16s%2Fg%2F1yf_9rp5r!19sChIJXZGRpTBcUjoRC31IJBBPdjU?authuser=0&hl=en&rclk=1",
        "state": "Tamil Nadu"
    },
    {
        "name": "UCO Bank - Perambakkam Branch",
        "url": "https://www.google.com/maps/place/UCO+Bank+-+Perambakkam+Branch/data=!4m7!3m6!1s0x3a52946cfed153c5:0x9aaaa7b08b13cb93!8m2!3d13.039166!4d79.8153889!16s%2Fg%2F11g9p84vpy!19sChIJxVPR_myUUjoRk8sTi7Cnqpo?authuser=0&hl=en&rclk=1",
        "state": "Tamil Nadu"
    },
    {
        "name": "UCO Bank",
        "url": "https://www.google.com/maps/place/UCO+Bank/data=!4m7!3m6!1s0x3a5267d45b27b2d7:0xea99b3c6ba56fca7!8m2!3d13.0313446!4d80.2327637!16s%2Fg%2F11mfx0p0xn!19sChIJ17InW9RnUjoRp_xWusazmeo?authuser=0&hl=en&rclk=1",
        "state": "Tamil Nadu"
    },
    {
        "name": "UCO Bank - Palladam Road Branch",
        "url": "https://www.google.com/maps/place/UCO+Bank+-+Palladam+Road+Branch/data=!4m7!3m6!1s0x3ba90796dd942f2f:0x2c4c71b011838fbf!8m2!3d11.084341!4d77.3449478!16s%2Fg%2F11bw_61904!19sChIJLy-U3ZYHqTsRv4-DEbBxTCw?authuser=0&hl=en&rclk=1",
        "state": "Tamil Nadu"
    },
    {
        "name": "UCO Bank",
        "url": "https://www.google.com/maps/place/UCO+Bank/data=!4m7!3m6!1s0x3a52662d05850749:0xec313315dc05f15b!8m2!3d13.0386579!4d80.2675379!16s%2Fg%2F124yfw4_f!19sChIJSQeFBS1mUjoRW_EF3BUzMew?authuser=0&hl=en&rclk=1",
        "state": "Tamil Nadu"
    },
    {
        "name": "UCO Bank",
        "url": "https://www.google.com/maps/place/UCO+Bank/data=!4m7!3m6!1s0x3b01a2a9b8dc5771:0xaf3989d83b640349!8m2!3d9.369046!4d78.830757!16s%2Fg%2F11g6xqxrp9!19sChIJcVfcuKmiATsRSQNkO9iJOa8?authuser=0&hl=en&rclk=1",
        "state": "Tamil Nadu"
    },
    {
        "name": "UCO Bank - Velandipalayam Branch",
        "url": "https://www.google.com/maps/place/UCO+Bank+-+Velandipalayam+Branch/data=!4m7!3m6!1s0x3ba858c678b234e9:0x9af7ca789189303!8m2!3d11.0290891!4d76.9323145!16s%2Fg%2F11g6wc1y0z!19sChIJ6TSyeMZYqDsRA5MYiad8rwk?authuser=0&hl=en&rclk=1",
        "state": "Tamil Nadu"
    },
    {
        "name": "UCO Bank",
        "url": "https://www.google.com/maps/place/UCO+Bank/data=!4m7!3m6!1s0x3a526f97092203f7:0xbe5d012a890df5bc!8m2!3d13.1406241!4d80.2966504!16s%2Fg%2F11b875_20p!19sChIJ9wMiCZdvUjoRvPUNiSoBXb4?authuser=0&hl=en&rclk=1",
        "state": "Tamil Nadu"
    },
    {
        "name": "UCO Bank",
        "url": "https://www.google.com/maps/place/UCO+Bank/data=!4m7!3m6!1s0x3baaf5a8f17dbc9b:0x273889674ab8a146!8m2!3d10.8208779!4d78.692216!16s%2Fg%2F124yrdzr2!19sChIJm7x98aj1qjsRRqG4SmeJOCc?authuser=0&hl=en&rclk=1",
        "state": "Tamil Nadu"
    },
    {
        "name": "UCO Bank",
        "url": "https://www.google.com/maps/place/UCO+Bank/data=!4m7!3m6!1s0x3baa60ed558ddb29:0xd1143ffdd6a65045!8m2!3d10.7470996!4d78.6003344!16s%2Fg%2F11h9y570y2!19sChIJKduNVe1gqjsRRVCm1v0_FNE?authuser=0&hl=en&rclk=1",
        "state": "Tamil Nadu"
    },
    {
        "name": "UCO Bank",
        "url": "https://www.google.com/maps/place/UCO+Bank/data=!4m7!3m6!1s0x3a52670cf54732b3:0x6d3804b58e2c28a1!8m2!3d13.0149413!4d80.2250905!16s%2Fg%2F11c2y7_p9s!19sChIJszJH9QxnUjoRoSgsjrUEOG0?authuser=0&hl=en&rclk=1",
        "state": "Tamil Nadu"
    },
    {
        "name": "UCO Bank",
        "url": "https://www.google.com/maps/place/UCO+Bank/data=!4m7!3m6!1s0x3a5267ec80da54a9:0x4ce83e90c67a6c52!8m2!3d13.0079812!4d80.2578226!16s%2Fg%2F1thqf5l6!19sChIJqVTagOxnUjoRUmx6xpA-6Ew?authuser=0&hl=en&rclk=1",
        "state": "Tamil Nadu"
    },
    {
        "name": "UCO Bank",
        "url": "https://www.google.com/maps/place/UCO+Bank/data=!4m7!3m6!1s0x3b00cfb16b9eeb27:0xf62a5401c389d3f!8m2!3d9.8846437!4d78.0544214!16s%2Fg%2F11f6318ngy!19sChIJJ-uea7HPADsRP504HEClYg8?authuser=0&hl=en&rclk=1",
        "state": "Tamil Nadu"
    },
    {
        "name": "UCO Bank",
        "url": "https://www.google.com/maps/place/UCO+Bank/data=!4m7!3m6!1s0x3b06cef044deb677:0x8688782344b09804!8m2!3d9.4551669!4d77.8042662!16s%2Fg%2F124t5yx2k!19sChIJd7beRPDOBjsRBJiwRCN4iIY?authuser=0&hl=en&rclk=1",
        "state": "Tamil Nadu"
    },
    {
        "name": "UCO Bank",
        "url": "https://www.google.com/maps/place/UCO+Bank/data=!4m7!3m6!1s0x3a525fb23c2381e7:0xc62def7d805e8b40!8m2!3d12.9535468!4d80.1381846!16s%2Fg%2F124swbf0f!19sChIJ54EjPLJfUjoRQItegH3vLcY?authuser=0&hl=en&rclk=1",
        "state": "Tamil Nadu"
    },
    {
        "name": "UCO Bank",
        "url": "https://www.google.com/maps/place/UCO+Bank/data=!4m7!3m6!1s0x3a5267348fec739b:0xeed6fbd68683a373!8m2!3d13.0614543!4d80.2595174!16s%2Fg%2F11mfwrk3nb!19sChIJm3PsjzRnUjoRc6ODhtb71u4?authuser=0&hl=en&rclk=1",
        "state": "Tamil Nadu"
    },
    {
        "name": "UCO Bank",
        "url": "https://www.google.com/maps/place/UCO+Bank/data=!4m7!3m6!1s0x3b06e9d3df20f663:0xe6cc0af8570db909!8m2!3d9.4501254!4d77.5544965!16s%2Fg%2F124sw4y96!19sChIJY_Yg39PpBjsRCbkNV_gKzOY?authuser=0&hl=en&rclk=1",
        "state": "Tamil Nadu"
    },
    {
        "name": "UCO Bank",
        "url": "https://www.google.com/maps/place/UCO+Bank/data=!4m7!3m6!1s0x3ba9667938ecf50d:0x639786909a761e77!8m2!3d11.3638015!4d77.7842486!16s%2Fg%2F124ss3krh!19sChIJDfXsOHlmqTsRdx52mpCGl2M?authuser=0&hl=en&rclk=1",
        "state": "Tamil Nadu"
    },
    {
        "name": "UCO Bank",
        "url": "https://www.google.com/maps/place/UCO+Bank/data=!4m7!3m6!1s0x3a5267f2e251bb99:0x4e1b0e16790ffca2!8m2!3d12.9992525!4d80.2562489!16s%2Fg%2F1tjys0vt!19sChIJmbtR4vJnUjoRovwPeRYOG04?authuser=0&hl=en&rclk=1",
        "state": "Tamil Nadu"
    },
    {
        "name": "UCO Bank",
        "url": "https://www.google.com/maps/place/UCO+Bank/data=!4m7!3m6!1s0x3a5265c121c2fa73:0xb26a2bb73101a082!8m2!3d13.1302963!4d80.2587374!16s%2Fg%2F11ghrf963h!19sChIJc_rCIcFlUjoRgqABMbcrarI?authuser=0&hl=en&rclk=1",
        "state": "Tamil Nadu"
    },
    {
        "name": "UCO Bank",
        "url": "https://www.google.com/maps/place/UCO+Bank/data=!4m7!3m6!1s0x3a5265f5870b6a7d:0xdb5f127e7bd5d3f6!8m2!3d13.0847909!4d80.2099488!16s%2Fg%2F11l149phx_!19sChIJfWoLh_VlUjoR9tPVe34SX9s?authuser=0&hl=en&rclk=1",
        "state": "Tamil Nadu"
    },
    {
        "name": "UCO Bank",
        "url": "https://www.google.com/maps/place/UCO+Bank/data=!4m7!3m6!1s0x3a5267ca230ef471:0x9969485fba62cd0a!8m2!3d13.0583306!4d80.2412962!16s%2Fg%2F1pp2vbgby!19sChIJcfQOI8pnUjoRCs1iul9IaZk?authuser=0&hl=en&rclk=1",
        "state": "Tamil Nadu"
    },
    {
        "name": "UCO Bank",
        "url": "https://www.google.com/maps/place/UCO+Bank/data=!4m7!3m6!1s0x3a52c2f98c9660b1:0x149cce522d7f077d!8m2!3d12.8275011!4d79.7064299!16s%2Fg%2F11bwqgfrq5!19sChIJsWCWjPnCUjoRfQd_LVLOnBQ?authuser=0&hl=en&rclk=1",
        "state": "Tamil Nadu"
    },
    {
        "name": "UCO Bank",
        "url": "https://www.google.com/maps/place/UCO+Bank/data=!4m7!3m6!1s0x3ba8f63ffa506eb5:0x21ec6b2c46273c2d!8m2!3d11.0787761!4d76.9418411!16s%2Fg%2F1q5bm_vtr!19sChIJtW5Q-j_2qDsRLTwnRixr7CE?authuser=0&hl=en&rclk=1",
        "state": "Tamil Nadu"
    },
    {
        "name": "UCO Bank",
        "url": "https://www.google.com/maps/place/UCO+Bank/data=!4m7!3m6!1s0x3b06c2cb428031e5:0x9eb739dbe443f35!8m2!3d9.4989712!4d77.5898633!16s%2Fg%2F124t03ylt!19sChIJ5TGAQsvCBjsRNT9Evp1z6wk?authuser=0&hl=en&rclk=1",
        "state": "Tamil Nadu"
    },
    {
        "name": "UCO Bank",
        "url": "https://www.google.com/maps/place/UCO+Bank/data=!4m7!3m6!1s0x3a526f543a8e374d:0x783c9fd44ff81dbd!8m2!3d13.0872665!4d80.2803479!16s%2Fg%2F11bztcnmk8!19sChIJTTeOOlRvUjoRvR34T9SfPHg?authuser=0&hl=en&rclk=1",
        "state": "Tamil Nadu"
    },
    {
        "name": "UCO Bank",
        "url": "https://www.google.com/maps/place/UCO+Bank/data=!4m7!3m6!1s0x3b070158c391d32b:0x5abb6b5e893c4136!8m2!3d9.735639!4d77.284569!16s%2Fg%2F11dxlc8fc2!19sChIJK9ORw1gBBzsRNkE8iV5ru1o?authuser=0&hl=en&rclk=1",
        "state": "Tamil Nadu"
    },
    {
        "name": "UCO Bank",
        "url": "https://www.google.com/maps/place/UCO+Bank/data=!4m7!3m6!1s0x3a5263e366b03333:0x7e95fd82aa2ab964!8m2!3d13.083737!4d80.174586!16s%2Fg%2F12hsf0vcy!19sChIJMzOwZuNjUjoRZLkqqoL9lX4?authuser=0&hl=en&rclk=1",
        "state": "Tamil Nadu"
    },
    {
        "name": "UCO Bank",
        "url": "https://www.google.com/maps/place/UCO+Bank/data=!4m7!3m6!1s0x3baab9ab145beb1b:0x6c8d09456a180d83!8m2!3d10.7749762!4d79.1239345!16s%2Fg%2F11tsr_5l86!19sChIJG-tbFKu5qjsRgw0YakUJjWw?authuser=0&hl=en&rclk=1",
        "state": "Tamil Nadu"
    },
    {
        "name": "UCO Bank",
        "url": "https://www.google.com/maps/place/UCO+Bank/data=!4m7!3m6!1s0x3ba9cdb449bf74ab:0x6a1cf077effca303!8m2!3d10.580217!4d77.260169!16s%2Fg%2F11dxl9z414!19sChIJq3S_SbTNqTsRA6P873fwHGo?authuser=0&hl=en&rclk=1",
        "state": "Tamil Nadu"
    },
    {
        "name": "UCO Bank",
        "url": "https://www.google.com/maps/place/UCO+Bank/data=!4m7!3m6!1s0x3ba8954aa0997fdf:0xdf247e858f1c04b1!8m2!3d11.3473765!4d76.7960328!16s%2Fg%2F11p16j77f8!19sChIJ33-ZoEqVqDsRsQQcj4V-JN8?authuser=0&hl=en&rclk=1",
        "state": "Tamil Nadu"
    },
    {
        "name": "UCO Bank",
        "url": "https://www.google.com/maps/place/UCO+Bank/data=!4m7!3m6!1s0x3ba93d982e33b695:0x43438e7ee4f58f92!8m2!3d11.4532334!4d77.4352641!16s%2Fg%2F11c0w1w__n!19sChIJlbYzLpg9qTsRko_15H6OQ0M?authuser=0&hl=en&rclk=1",
        "state": "Tamil Nadu"
    },
    {
        "name": "UCO Bank",
        "url": "https://www.google.com/maps/place/UCO+Bank/data=!4m7!3m6!1s0x3baa2fa83abf5af7:0xfc3cb56929ef7d5f!8m2!3d10.9614749!4d78.0659145!16s%2Fg%2F124sz7sfx!19sChIJ91q_OqgvqjsRX33vKWm1PPw?authuser=0&hl=en&rclk=1",
        "state": "Tamil Nadu"
    },
    {
        "name": "UCO Bank",
        "url": "https://www.google.com/maps/place/UCO+Bank/data=!4m7!3m6!1s0x3b03efbd8998cd21:0xd3e089ee19fc5b20!8m2!3d8.8017925!4d78.1412029!16s%2Fg%2F11g6p0cq_2!19sChIJIc2Yib3vAzsRIFv8Ge6J4NM?authuser=0&hl=en&rclk=1",
        "state": "Tamil Nadu"
    },
    {
        "name": "UCO Bank",
        "url": "https://www.google.com/maps/place/UCO+Bank/data=!4m7!3m6!1s0x3a52dcab31b00d5b:0x658ef44cc6987397!8m2!3d12.7820327!4d79.6686239!16s%2Fg%2F11cl_mtg_d!19sChIJWw2wMavcUjoRl3OYxkz0jmU?authuser=0&hl=en&rclk=1",
        "state": "Tamil Nadu"
    },
    {
        "name": "UCO Bank",
        "url": "https://www.google.com/maps/place/UCO+Bank/data=!4m7!3m6!1s0x3babf02dfbcb804f:0x13ac48499023d295!8m2!3d11.653765!4d78.1517069!16s%2Fg%2F11gtz9tvqd!19sChIJT4DL-y3wqzsRldIjkElIrBM?authuser=0&hl=en&rclk=1",
        "state": "Tamil Nadu"
    },
    {
        "name": "UCO Bank",
        "url": "https://www.google.com/maps/place/UCO+Bank/data=!4m7!3m6!1s0x3a52f652b930088f:0xe8c1d5926cd69ffe!8m2!3d12.8478471!4d80.0632189!16s%2Fg%2F1hjh0jrdx!19sChIJjwgwuVL2UjoR_p_WbJLVweg?authuser=0&hl=en&rclk=1",
        "state": "Tamil Nadu"
    },
    {
        "name": "UCO Bank",
        "url": "https://www.google.com/maps/place/UCO+Bank/data=!4m7!3m6!1s0x3b00facfe97c15eb:0xe3d9ef86c9dada69!8m2!3d9.8499546!4d78.4853438!16s%2Fg%2F124yg9v1d!19sChIJ6xV86c_6ADsRadrayYbv2eM?authuser=0&hl=en&rclk=1",
        "state": "Tamil Nadu"
    },
    {
        "name": "UCO Bank",
        "url": "https://www.google.com/maps/place/UCO+Bank/data=!4m7!3m6!1s0x3baaf7ab1db5ae45:0xbd4d351bf3c0b2c2!8m2!3d10.9079716!4d78.6992687!16s%2Fg%2F1vgw7201!19sChIJRa61Hav3qjsRwrLA8xs1Tb0?authuser=0&hl=en&rclk=1",
        "state": "Tamil Nadu"
    },
    {
        "name": "UCO Bank",
        "url": "https://www.google.com/maps/place/UCO+Bank/data=!4m7!3m6!1s0x3bac171fbc1054cd:0xd430485b6c32734e!8m2!3d12.1363258!4d78.1614116!16s%2Fg%2F11thp2xk2g!19sChIJzVQQvB8XrDsRTnMybFtIMNQ?authuser=0&hl=en&rclk=1",
        "state": "Tamil Nadu"
    },
    {
        "name": "UCO Bank",
        "url": "https://www.google.com/maps/place/UCO+Bank/data=!4m7!3m6!1s0x3ba859003b91aac1:0xbacb4fcf2ad50a79!8m2!3d10.9989342!4d76.973923!16s%2Fg%2F11vwjh72l9!19sChIJwaqROwBZqDsReQrVKs9Py7o?authuser=0&hl=en&rclk=1",
        "state": "Tamil Nadu"
    },
    {
        "name": "UCO Bank",
        "url": "https://www.google.com/maps/place/UCO+Bank/data=!4m7!3m6!1s0x3a525f113399c165:0x41c45543826961f5!8m2!3d26.9008929!4d80.9635943!16s%2Fg%2F1thcl5sg!19sChIJZcGZMxFfUjoR9WFpgkNVxEE?authuser=0&hl=en&rclk=1",
        "state": "Tamil Nadu"
    },
    {
        "name": "UCO Bank with ATM & CDM (24 Hours)",
        "url": "https://www.google.com/maps/place/UCO+Bank+with+ATM+%26+CDM+%2824+Hours%29/data=!4m7!3m6!1s0x3a5267da5e738591:0xbee87b08b810107f!8m2!3d13.0634446!4d80.2747381!16s%2Fg%2F11mfwq0_xm!19sChIJkYVzXtpnUjoRfxAQuAh76L4?authuser=0&hl=en&rclk=1",
        "state": "Tamil Nadu"
    },
    {
        "name": "UCO Bank Oraiyur",
        "url": "https://www.google.com/maps/place/UCO+Bank+Oraiyur/data=!4m7!3m6!1s0x3a54a9003e53583f:0xe655b1bdd18c4ead!8m2!3d11.8186186!4d79.4999728!16s%2Fg%2F11y6s5yxg5!19sChIJP1hTPgCpVDoRrU6M0b2xVeY?authuser=0&hl=en&rclk=1",
        "state": "Tamil Nadu"
    }
]