[
    {
        "name": "UCO Bank Maninagar Branch",
        "url": "https://www.google.com/maps/place/UCO+Bank+Maninagar+Branch/data=!4m7!3m6!1s0x395e85e9f07326b9:0x416a0dc99e69222a!8m2!3d22.9959099!4d72.5961905!16s%2Fg%2F1hjgjmxrf!19sChIJuSZz8OmFXjkRKiJpnskNakE?authuser=0&hl=en&rclk=1",
        "state": "Gujarat"
    },
    {
        "name": "UCO Bank - New Cloth Market Branch",
        "url": "https://www.google.com/maps/place/UCO+Bank+-+New+Cloth+Market+Branch/data=!4m7!3m6!1s0x395e85cdb587b9c3:0x921d76449fb928f7!8m2!3d23.0152734!4d72.6006203!16s%2Fg%2F11c59nx97p!19sChIJw7mHtc2FXjkR9yi5n0R2HZI?authuser=0&hl=en&rclk=1",
        "state": "Gujarat"
    },
    {
        "name": "UCO Bank VS Hospital Branch",
        "url": "https://www.google.com/maps/place/UCO+Bank+VS+Hospital+Branch/data=!4m7!3m6!1s0x395e8455a0064377:0x12603072266b0c30!8m2!3d23.0190826!4d72.569321!16s%2Fg%2F1ptyn5_0s!19sChIJd0MGoFWEXjkRMAxrJnIwYBI?authuser=0&hl=en&rclk=1",
        "state": "Gujarat"
    },
    {
        "name": "UCO Bank Paldi Branch",
        "url": "https://www.google.com/maps/place/UCO+Bank+Paldi+Branch/data=!4m7!3m6!1s0x395e8501a6de1a2b:0x85a0483723c7a104!8m2!3d23.0129096!4d72.563857!16s%2Fg%2F12ml2mtrx!19sChIJKxrepgGFXjkRBKHHIzdIoIU?authuser=0&hl=en&rclk=1",
        "state": "Gujarat"
    },
    {
        "name": "UCO Bank- Mid Corporate Branch Vadodara",
        "url": "https://www.google.com/maps/place/UCO+Bank-+Mid+Corporate+Branch+Vadodara/data=!4m7!3m6!1s0x395fc6113d36546d:0xb67ef97861362de1!8m2!3d22.2822046!4d73.1660749!16s%2Fg%2F1hjg_dxdp!19sChIJbVQ2PRHGXzkR4S02YXj5frY?authuser=0&hl=en&rclk=1",
        "state": "Gujarat"
    },
    {
        "name": "UCO Bank Chandkheda Branch",
        "url": "https://www.google.com/maps/place/UCO+Bank+Chandkheda+Branch/data=!4m7!3m6!1s0x395e824fb0891951:0x8ae1743243fd1ef9!8m2!3d23.1191468!4d72.5816081!16s%2Fg%2F1pwfx618n!19sChIJURmJsE-CXjkR-R79QzJ04Yo?authuser=0&hl=en&rclk=1",
        "state": "Gujarat"
    },
    {
        "name": "UCO Bank Memnagar Branch",
        "url": "https://www.google.com/maps/place/UCO+Bank+Memnagar+Branch/data=!4m7!3m6!1s0x395e84a56cd097b9:0x4264baa5354dd9d8!8m2!3d23.0455284!4d72.5402013!16s%2Fg%2F1hjgzz19j!19sChIJuZfQbKWEXjkR2NlNNaW6ZEI?authuser=0&hl=en&rclk=1",
        "state": "Gujarat"
    },
    {
        "name": "UCO Bank",
        "url": "https://www.google.com/maps/place/UCO+Bank/data=!4m7!3m6!1s0x395e8491c5124063:0xb2a9530a982f3130!8m2!3d23.0455634!4d72.5551424!16s%2Fg%2F1hhky77jc!19sChIJY0ASxZGEXjkRMDEvmApTqbI?authuser=0&hl=en&rclk=1",
        "state": "Gujarat"
    },
    {
        "name": "UCO Bank",
        "url": "https://www.google.com/maps/place/UCO+Bank/data=!4m7!3m6!1s0x3be04e43f552e9ab:0xa703f0369000f35!8m2!3d21.1842148!4d72.8336494!16s%2Fg%2F1q62k_vvw!19sChIJq-lS9UNO4DsRNQ8AaQM_cAo?authuser=0&hl=en&rclk=1",
        "state": "Gujarat"
    },
    {
        "name": "UCO Bank - Vapi Branch",
        "url": "https://www.google.com/maps/place/UCO+Bank+-+Vapi+Branch/data=!4m7!3m6!1s0x3be0ce343e02e5c9:0x133ac36ddd2e1bc8!8m2!3d20.3738839!4d72.9180125!16s%2Fg%2F1q64py5qq!19sChIJyeUCPjTO4DsRyBsu3W3DOhM?authuser=0&hl=en&rclk=1",
        "state": "Gujarat"
    },
    {
        "name": "UCO Bank, Rajkot City Branch",
        "url": "https://www.google.com/maps/place/UCO+Bank,+Rajkot+City+Branch/data=!4m7!3m6!1s0x3959ca1278f4820b:0x36fb6332d44cd7d0!8m2!3d22.3013884!4d70.8054075!16s%2Fg%2F1tf5nmkp!19sChIJC4L0eBLKWTkR0NdM1DJj-zY?authuser=0&hl=en&rclk=1",
        "state": "Gujarat"
    },
    {
        "name": "UCO Bank",
        "url": "https://www.google.com/maps/place/UCO+Bank/data=!4m7!3m6!1s0x3be04dd04694d955:0xea0d30538622b6d0!8m2!3d21.1864412!4d72.7942199!16s%2Fg%2F1q5cchm0m!19sChIJVdmURtBN4DsR0LYihlMwDeo?authuser=0&hl=en&rclk=1",
        "state": "Gujarat"
    },
    {
        "name": "UCO Bank Ranip Branch",
        "url": "https://www.google.com/maps/place/UCO+Bank+Ranip+Branch/data=!4m7!3m6!1s0x395e839978c403e9:0x8b5141a22eef4afb!8m2!3d23.0807995!4d72.5764751!16s%2Fg%2F1q6jhj_61!19sChIJ6QPEeJmDXjkR-0rvLqJBUYs?authuser=0&hl=en&rclk=1",
        "state": "Gujarat"
    },
    {
        "name": "UCO Bank Mehsana Branch",
        "url": "https://www.google.com/maps/place/UCO+Bank+Mehsana+Branch/data=!4m7!3m6!1s0x395c43d53ba5b8bf:0xb4cf706504bd3b50!8m2!3d23.5949375!4d72.3793681!16s%2Fg%2F1261815qb!19sChIJv7ilO9VDXDkRUDu9BGVwz7Q?authuser=0&hl=en&rclk=1",
        "state": "Gujarat"
    },
    {
        "name": "UCO Bank - Gorwa Branch",
        "url": "https://www.google.com/maps/place/UCO+Bank+-+Gorwa+Branch/data=!4m7!3m6!1s0x395fc8c301337307:0x903449e50e9a508a!8m2!3d22.3287518!4d73.1618923!16s%2Fg%2F11b6lgvl2l!19sChIJB3MzAcPIXzkRilCaDuVJNJA?authuser=0&hl=en&rclk=1",
        "state": "Gujarat"
    },
    {
        "name": "UCO Bank - Sachin Branch",
        "url": "https://www.google.com/maps/place/UCO+Bank+-+Sachin+Branch/data=!4m7!3m6!1s0x3be050b94fa3795b:0xfeb1592967850504!8m2!3d21.0832759!4d72.8801716!16s%2Fg%2F1q5gnb0_y!19sChIJW3mjT7lQ4DsRBAWFZylZsf4?authuser=0&hl=en&rclk=1",
        "state": "Gujarat"
    },
    {
        "name": "UCO Bank - Ajwa Road Branch",
        "url": "https://www.google.com/maps/place/UCO+Bank+-+Ajwa+Road+Branch/data=!4m7!3m6!1s0x395fc5808eef7c8d:0x2f605fcd8aac50e1!8m2!3d22.3025561!4d73.2258239!16s%2Fg%2F11b6bf5jf3!19sChIJjXzvjoDFXzkR4VCsis1fYC8?authuser=0&hl=en&rclk=1",
        "state": "Gujarat"
    },
    {
        "name": "UCO Bank Manjalpur Branch",
        "url": "https://www.google.com/maps/place/UCO+Bank+Manjalpur+Branch/data=!4m7!3m6!1s0x395fc5de07d378bd:0xaa403b9b8f9b569c!8m2!3d22.2756813!4d73.1878887!16s%2Fg%2F11cn5lbr66!19sChIJvXjTB97FXzkRnFabj5s7QKo?authuser=0&hl=en&rclk=1",
        "state": "Gujarat"
    },
    {
        "name": "UCO Bank - Bill Branch",
        "url": "https://www.google.com/maps/place/UCO+Bank+-+Bill+Branch/data=!4m7!3m6!1s0x395fc7b4efcfc3f1:0x77c9288be03735e7!8m2!3d22.2670841!4d73.1327682!16s%2Fg%2F1hm4hxk8c!19sChIJ8cPP77THXzkR5zU34IsoyXc?authuser=0&hl=en&rclk=1",
        "state": "Gujarat"
    },
    {
        "name": "UCO Bank - Nadiad Branch",
        "url": "https://www.google.com/maps/place/UCO+Bank+-+Nadiad+Branch/data=!4m7!3m6!1s0x395e5b0e89af53cb:0xacba819ef0ec2a7a!8m2!3d22.6960626!4d72.8603717!16s%2Fg%2F11dyqrh8qj!19sChIJy1OviQ5bXjkReirs8J6Buqw?authuser=0&hl=en&rclk=1",
        "state": "Gujarat"
    },
    {
        "name": "UCO Bank",
        "url": "https://www.google.com/maps/place/UCO+Bank/data=!4m7!3m6!1s0x395e84777925d7ff:0xa21444f277cb339a!8m2!3d23.0245502!4d72.5715523!16s%2Fg%2F1tfr8lb3!19sChIJ_9cleXeEXjkRmjPLd_JEFKI?authuser=0&hl=en&rclk=1",
        "state": "Gujarat"
    },
    {
        "name": "UCO Bank Navsari Branch",
        "url": "https://www.google.com/maps/place/UCO+Bank+Navsari+Branch/data=!4m7!3m6!1s0x3be0f7b929cfbbb7:0xdbf302a56eaeb8c7!8m2!3d20.953337!4d72.9288655!16s%2Fg%2F11bbrgb2fv!19sChIJt7vPKbn34DsRx7iubqUC89s?authuser=0&hl=en&rclk=1",
        "state": "Gujarat"
    },
    {
        "name": "UCO Bank Satellite Branch",
        "url": "https://www.google.com/maps/place/UCO+Bank+Satellite+Branch/data=!4m7!3m6!1s0x395e9b4bca4c4d85:0x9377e82a3c7f2b7!8m2!3d23.0362937!4d72.5158047!16s%2Fg%2F11bxfjv258!19sChIJhU1MykubXjkRt_LHo4J-Nwk?authuser=0&hl=en&rclk=1",
        "state": "Gujarat"
    },
    {
        "name": "UCO Bank Relief Road",
        "url": "https://www.google.com/maps/place/UCO+Bank+Relief+Road/data=!4m7!3m6!1s0x395e8445efffffff:0xead7db623cf4d27d!8m2!3d23.0276794!4d72.5876157!16s%2Fg%2F1tgwqnmj!19sChIJ____70WEXjkRfdL0PGLb1-o?authuser=0&hl=en&rclk=1",
        "state": "Gujarat"
    },
    {
        "name": "UCO Bank - Gandhinagar Branch",
        "url": "https://www.google.com/maps/place/UCO+Bank+-+Gandhinagar+Branch/data=!4m7!3m6!1s0x395c2bbd4f341fab:0x91991caa45966683!8m2!3d23.2318454!4d72.6500417!16s%2Fg%2F1ptyp9cvz!19sChIJqx80T70rXDkRg2aWRaocmZE?authuser=0&hl=en&rclk=1",
        "state": "Gujarat"
    },
    {
        "name": "UCO Bank - Narayanpura Branch",
        "url": "https://www.google.com/maps/place/UCO+Bank+-+Narayanpura+Branch/data=!4m7!3m6!1s0x395e8484ffffffff:0xdd5ea1499e76ece5!8m2!3d23.0542022!4d72.5557544!16s%2Fg%2F11c548br_p!19sChIJ_____4SEXjkR5ex2nkmhXt0?authuser=0&hl=en&rclk=1",
        "state": "Gujarat"
    },
    {
        "name": "UCO Bank - Halar Road Branch",
        "url": "https://www.google.com/maps/place/UCO+Bank+-+Halar+Road+Branch/data=!4m7!3m6!1s0x3be0c29e1beff8d5:0xde577475ce08e5b9!8m2!3d20.6099079!4d72.9278755!16s%2Fg%2F11c0tp9hsc!19sChIJ1fjvG57C4DsRueUIznV0V94?authuser=0&hl=en&rclk=1",
        "state": "Gujarat"
    },
    {
        "name": "UCO Bank - Hazira Branch",
        "url": "https://www.google.com/maps/place/UCO+Bank+-+Hazira+Branch/data=!4m7!3m6!1s0x3be04cdf0e5a3a3f:0xb4425cad85016f30!8m2!3d21.1912612!4d72.7294678!16s%2Fg%2F1q5hrc_st!19sChIJPzpaDt9M4DsRMG8Bha1cQrQ?authuser=0&hl=en&rclk=1",
        "state": "Gujarat"
    },
    {
        "name": "UCO Bank Ellisbridge Branch",
        "url": "https://www.google.com/maps/place/UCO+Bank+Ellisbridge+Branch/data=!4m7!3m6!1s0x395e84f1058de21b:0xed11941d7efe701a!8m2!3d23.030145!4d72.559417!16s%2Fg%2F12ml2vk7l!19sChIJG-KNBfGEXjkRGnD-fh2UEe0?authuser=0&hl=en&rclk=1",
        "state": "Gujarat"
    },
    {
        "name": "UCO Bank Bopal Branch",
        "url": "https://www.google.com/maps/place/UCO+Bank+Bopal+Branch/data=!4m7!3m6!1s0x395e9b9749a01a0b:0xa2b375f92fb69b6f!8m2!3d23.0321318!4d72.4600207!16s%2Fg%2F1ptxd9fk_!19sChIJCxqgSZebXjkRb5u2L_l1s6I?authuser=0&hl=en&rclk=1",
        "state": "Gujarat"
    },
    {
        "name": "UCO Bank",
        "url": "https://www.google.com/maps/place/UCO+Bank/data=!4m7!3m6!1s0x3be0277cb1e961bb:0x7c5dd510462bacd8!8m2!3d21.7158542!4d72.9574382!16s%2Fg%2F11crx_t4xx!19sChIJu2HpsXwn4DsR2KwrRhDVXXw?authuser=0&hl=en&rclk=1",
        "state": "Gujarat"
    },
    {
        "name": "UCO Bank - Khanpur Branch",
        "url": "https://www.google.com/maps/place/UCO+Bank+-+Khanpur+Branch/data=!4m7!3m6!1s0x395e845b1459f2b9:0x9958a1d6f2c16494!8m2!3d23.0327376!4d72.5778445!16s%2Fg%2F11f2w6l8gz!19sChIJufJZFFuEXjkRlGTB8tahWJk?authuser=0&hl=en&rclk=1",
        "state": "Gujarat"
    },
    {
        "name": "UCO Bank - Sabarmati Branch",
        "url": "https://www.google.com/maps/place/UCO+Bank+-+Sabarmati+Branch/data=!4m7!3m6!1s0x395e839545035e1f:0x5531d36e4a8f128f!8m2!3d23.0868121!4d72.5905597!16s%2Fg%2F11c0t8yygs!19sChIJH14DRZWDXjkRjxKPSm7TMVU?authuser=0&hl=en&rclk=1",
        "state": "Gujarat"
    },
    {
        "name": "UCO Bank",
        "url": "https://www.google.com/maps/place/UCO+Bank/data=!4m7!3m6!1s0x3950b98b361b3dc7:0xd52b5d497d75007!8m2!3d23.0651689!4d70.1412705!16s%2Fg%2F1tdwhxcz!19sChIJxz0bNou5UDkRB1DXl9S1Ug0?authuser=0&hl=en&rclk=1",
        "state": "Gujarat"
    },
    {
        "name": "UCO Bank",
        "url": "https://www.google.com/maps/place/UCO+Bank/data=!4m7!3m6!1s0x39598cd86bf47f55:0xaa05d4424744d81c!8m2!3d22.8102688!4d70.8258773!16s%2Fg%2F125_ylvy1!19sChIJVX_0a9iMWTkRHNhER0LUBao?authuser=0&hl=en&rclk=1",
        "state": "Gujarat"
    },
    {
        "name": "UCO Bank - Bhuj Branch",
        "url": "https://www.google.com/maps/place/UCO+Bank+-+Bhuj+Branch/data=!4m7!3m6!1s0x39511e13dc96bb33:0xcaff0038ced29bd8!8m2!3d23.2351927!4d69.6506775!16s%2Fg%2F11crzk7jch!19sChIJM7uW3BMeUTkR2JvSzjgA_8o?authuser=0&hl=en&rclk=1",
        "state": "Gujarat"
    },
    {
        "name": "UCO Bank",
        "url": "https://www.google.com/maps/place/UCO+Bank/data=!4m7!3m6!1s0x3be061cc01d5d20d:0xbf0eb92640514519!8m2!3d21.0181281!4d73.1409431!16s%2Fg%2F11cn18hbs0!19sChIJDdLVAcxh4DsRGUVRQCa5Dr8?authuser=0&hl=en&rclk=1",
        "state": "Gujarat"
    },
    {
        "name": "UCO Bank",
        "url": "https://www.google.com/maps/place/UCO+Bank/data=!4m7!3m6!1s0x3957155c8e209dad:0xba5d8b4c859cb9c2!8m2!3d22.4714377!4d70.0315027!16s%2Fg%2F124yl879z!19sChIJrZ0gjlwVVzkRwrmchUyLXbo?authuser=0&hl=en&rclk=1",
        "state": "Gujarat"
    },
    {
        "name": "UCO Bank Muglisara Branch",
        "url": "https://www.google.com/maps/place/UCO+Bank+Muglisara+Branch/data=!4m7!3m6!1s0x3be04f006883d79d:0x32268779c1c7507f!8m2!3d21.2006319!4d72.8207999!16s%2Fg%2F11ldr9l0s4!19sChIJndeDaABP4DsRf1DHwXmHJjI?authuser=0&hl=en&rclk=1",
        "state": "Gujarat"
    },
    {
        "name": "UCO Bank",
        "url": "https://www.google.com/maps/place/UCO+Bank/data=!4m7!3m6!1s0x3959ca1284c83c2f:0x8c6490bd8d8e2a62!8m2!3d22.2820979!4d70.799634!16s%2Fg%2F11b75jm7f_!19sChIJLzzIhBLKWTkRYiqOjb2QZIw?authuser=0&hl=en&rclk=1",
        "state": "Gujarat"
    },
    {
        "name": "UCO Bank - Sarkhej Branch",
        "url": "https://www.google.com/maps/place/UCO+Bank+-+Sarkhej+Branch/data=!4m7!3m6!1s0x395e9abe5b1ed3e5:0x21771e17e8075b1b!8m2!3d22.9831999!4d72.4984354!16s%2Fg%2F11fxx3jbh8!19sChIJ5dMeW76aXjkRG1sH6BcedyE?authuser=0&hl=en&rclk=1",
        "state": "Gujarat"
    },
    {
        "name": "UCO Bank",
        "url": "https://www.google.com/maps/place/UCO+Bank/data=!4m7!3m6!1s0x395fcf5f24075847:0xfb40284b6c7f704!8m2!3d22.2986698!4d73.2008128!16s%2Fg%2F1tgm17r2!19sChIJR1gHJF_PXzkRBPfHtoQCtA8?authuser=0&hl=en&rclk=1",
        "state": "Gujarat"
    },
    {
        "name": "UCO Bank",
        "url": "https://www.google.com/maps/place/UCO+Bank/data=!4m7!3m6!1s0x39576ab96aa69ee3:0xbe89efe73dfde320!8m2!3d22.4673487!4d70.0771898!16s%2Fg%2F1thkvnpp!19sChIJ456marlqVzkRIOP9Pefvib4?authuser=0&hl=en&rclk=1",
        "state": "Gujarat"
    },
    {
        "name": "UCO Bank",
        "url": "https://www.google.com/maps/place/UCO+Bank/data=!4m7!3m6!1s0x395e45785f0392db:0xdb6218781d8c850a!8m2!3d22.6515684!4d72.9443924!16s%2Fg%2F124ypklg1!19sChIJ25IDX3hFXjkRCoWMHXgYYts?authuser=0&hl=en&rclk=1",
        "state": "Gujarat"
    },
    {
        "name": "UCO Bank - Kalol Branch",
        "url": "https://www.google.com/maps/place/UCO+Bank+-+Kalol+Branch/data=!4m7!3m6!1s0x395c25e1c3743f0b:0xa7e93e711d20b577!8m2!3d23.2396265!4d72.5009609!16s%2Fg%2F11c314bzpd!19sChIJCz90w-ElXDkRd7UgHXE-6ac?authuser=0&hl=en&rclk=1",
        "state": "Gujarat"
    },
    {
        "name": "UCO Bank",
        "url": "https://www.google.com/maps/place/UCO+Bank/data=!4m7!3m6!1s0x39611dac22cf78a3:0x62fe7f016e1f2c78!8m2!3d22.8343391!4d74.259702!16s%2Fg%2F11gb4061rv!19sChIJo3jPIqwdYTkReCwfbgF__mI?authuser=0&hl=en&rclk=1",
        "state": "Gujarat"
    },
    {
        "name": "UCO Bank - Vijapur Branch",
        "url": "https://www.google.com/maps/place/UCO+Bank+-+Vijapur+Branch/data=!4m7!3m6!1s0x395db5785a525b55:0xe402d3044ab435bb!8m2!3d23.5529331!4d72.75388!16s%2Fg%2F11c2k12h_4!19sChIJVVtSWni1XTkRuzW0SgTTAuQ?authuser=0&hl=en&rclk=1",
        "state": "Gujarat"
    },
    {
        "name": "UCO Bank",
        "url": "https://www.google.com/maps/place/UCO+Bank/data=!4m7!3m6!1s0x395f50f35b696b7b:0x5a45175b90080356!8m2!3d21.7615927!4d72.1169606!16s%2Fg%2F11gbxcy7l4!19sChIJe2tpW_NQXzkRVgMIkFsXRVo?authuser=0&hl=en&rclk=1",
        "state": "Gujarat"
    },
    {
        "name": "UCO Bank",
        "url": "https://www.google.com/maps/place/UCO+Bank/data=!4m7!3m6!1s0x395f06a6762ef6c3:0x4d486ee4067a1544!8m2!3d22.3155531!4d72.6249402!16s%2Fg%2F11b7hjcz1r!19sChIJw_YudqYGXzkRRBV6BuRuSE0?authuser=0&hl=en&rclk=1",
        "state": "Gujarat"
    },
    {
        "name": "UCO Bank - Cambay Branch",
        "url": "https://www.google.com/maps/place/UCO+Bank+-+Cambay+Branch/data=!4m7!3m6!1s0x395f06be42dd8643:0x1f2187fbc75fdb49!8m2!3d22.3110549!4d72.6344877!16s%2Fg%2F11g01_wt24!19sChIJQ4bdQr4GXzkRSdtfx_uHIR8?authuser=0&hl=en&rclk=1",
        "state": "Gujarat"
    },
    {
        "name": "UCO Bank - Daman",
        "url": "https://www.google.com/maps/place/UCO+Bank+-+Daman/data=!4m7!3m6!1s0x3be0d13af579b621:0xe05b9172f4f950ac!8m2!3d20.4205893!4d72.8394985!16s%2Fg%2F11r_sh_1nc!19sChIJIbZ59TrR4DsRrFD59HKRW-A?authuser=0&hl=en&rclk=1",
        "state": "Gujarat"
    },
    {
        "name": "UCO Bank And ATM Odhav",
        "url": "https://www.google.com/maps/place/UCO+Bank+And+ATM+Odhav/data=!4m7!3m6!1s0x395e877e5cf5aa35:0xd1d17e58a3581979!8m2!3d23.0216587!4d72.6726043!16s%2Fg%2F11td45s68v!19sChIJNar1XH6HXjkReRlYo1h-0dE?authuser=0&hl=en&rclk=1",
        "state": "Gujarat"
    }
]