[
    {
        "name": "UCO Bank Srinagar Branch",
        "url": "https://www.google.com/maps/place/UCO+Bank+Srinagar+Branch/data=!4m7!3m6!1s0x38e18f915e632631:0x927ab9f363edd3bb!8m2!3d34.0718018!4d74.8101022!16s%2Fg%2F1tkv8403!19sChIJMSZjXpGP4TgRu9PtY_O5epI?authuser=0&hl=en&rclk=1",
        "state": "Jammu and Kashmir"
    },
    {
        "name": "UCO Bank",
        "url": "https://www.google.com/maps/place/UCO+Bank/data=!4m7!3m6!1s0x391e84534d736e43:0x6002e8d1d00c933b!8m2!3d32.7372753!4d74.8275047!16s%2Fg%2F11c1s1s4x1!19sChIJQ25zTVOEHjkRO5MM0NHoAmA?authuser=0&hl=en&rclk=1",
        "state": "Jammu and Kashmir"
    },
    {
        "name": "UCO Bank",
        "url": "https://www.google.com/maps/place/UCO+Bank/data=!4m7!3m6!1s0x391e9cd94c355869:0x763ae1591e74f2a0!8m2!3d32.6814781!4d74.9159481!16s%2Fg%2F11c1pj_vtp!19sChIJaVg1TNmcHjkRoPJ0HlnhOnY?authuser=0&hl=en&rclk=1",
        "state": "Jammu and Kashmir"
    },
    {
        "name": "UCO Bank Railway Road Gandhi Nagar Jammu",
        "url": "https://www.google.com/maps/place/UCO+Bank+Railway+Road+Gandhi+Nagar+Jammu/data=!4m7!3m6!1s0x391e84b0b91ecdd7:0xbf46d07525fd890f!8m2!3d32.7004491!4d74.8575515!16s%2Fg%2F11d_5zwxh7!19sChIJ180eubCEHjkRD4n9JXXQRr8?authuser=0&hl=en&rclk=1",
        "state": "Jammu and Kashmir"
    },
    {
        "name": "UCO Bank",
        "url": "https://www.google.com/maps/place/UCO+Bank/data=!4m7!3m6!1s0x391e9c5a8d343e33:0x35f99dd18e5291bb!8m2!3d32.6457765!4d74.9036608!16s%2Fg%2F11cs1x0f3m!19sChIJMz40jVqcHjkRu5FSjtGd-TU?authuser=0&hl=en&rclk=1",
        "state": "Jammu and Kashmir"
    },
    {
        "name": "UCO Bank",
        "url": "https://www.google.com/maps/place/UCO+Bank/data=!4m7!3m6!1s0x391e630383bf61b3:0xac4381c03cced9b4!8m2!3d32.9018308!4d74.7422283!16s%2Fg%2F11bwz08ggh!19sChIJs2G_gwNjHjkRtNnOPMCBQ6w?authuser=0&hl=en&rclk=1",
        "state": "Jammu and Kashmir"
    },
    {
        "name": "UCO Bank",
        "url": "https://www.google.com/maps/place/UCO+Bank/data=!4m7!3m6!1s0x38e18566f18d5bb7:0xc4b0394f6e257533!8m2!3d34.0942142!4d74.8079255!16s%2Fg%2F125_z1hl3!19sChIJt1uN8WaF4TgRM3Ulbk85sMQ?authuser=0&hl=en&rclk=1",
        "state": "Jammu and Kashmir"
    }
]