[
    {
        "name": "UCO Bank - Basistha Branch",
        "url": "https://www.google.com/maps/place/UCO+Bank+-+Basistha+Branch/data=!4m7!3m6!1s0x375a58d614564e99:0x60bc6e9728cb0c48!8m2!3d26.1319859!4d91.7939054!16s%2Fg%2F11c48ngh1_!19sChIJmU5WFNZYWjcRSAzLKJduvGA?authuser=0&hl=en&rclk=1",
        "state": "Assam"
    },
    {
        "name": "UCO Bank - Assam University Branch",
        "url": "https://www.google.com/maps/place/UCO+Bank+-+Assam+University+Branch/data=!4m7!3m6!1s0x374e3789b59efef5:0xdd0a75e556c3902!8m2!3d24.6907359!4d92.750773!16s%2Fg%2F124yplx5c!19sChIJ9f6etYk3TjcRAjlsVV6n0A0?authuser=0&hl=en&rclk=1",
        "state": "Assam"
    },
    {
        "name": "UCO Bank",
        "url": "https://www.google.com/maps/place/UCO+Bank/data=!4m7!3m6!1s0x375a5922464147fd:0xbd139907487fed66!8m2!3d26.1464503!4d91.78655!16s%2Fg%2F11b5qrp2mr!19sChIJ_UdBRiJZWjcRZu1_SAeZE70?authuser=0&hl=en&rclk=1",
        "state": "Assam"
    },
    {
        "name": "UCO Bank, Mangaldai Branch",
        "url": "https://www.google.com/maps/place/UCO+Bank,+Mangaldai+Branch/data=!4m7!3m6!1s0x375b1da6ebdc48eb:0xc7e16ea194e9f614!8m2!3d26.4396465!4d92.0307931!16s%2Fg%2F11b7k10sys!19sChIJ60jc66YdWzcRFPbplKFu4cc?authuser=0&hl=en&rclk=1",
        "state": "Assam"
    },
    {
        "name": "UCO Bank - Charali Branch",
        "url": "https://www.google.com/maps/place/UCO+Bank+-+Charali+Branch/data=!4m7!3m6!1s0x37445e377de89e31:0x3ea47403ba6b1dd4!8m2!3d26.7425786!4d93.1524261!16s%2Fg%2F11b7k6pxdx!19sChIJMZ7ofTdeRDcR1B1rugN0pD4?authuser=0&hl=en&rclk=1",
        "state": "Assam"
    },
    {
        "name": "UCO Bank",
        "url": "https://www.google.com/maps/place/UCO+Bank/data=!4m7!3m6!1s0x374527268bccc5fd:0x5eaa589efea72aac!8m2!3d26.3518489!4d92.6858045!16s%2Fg%2F11byz9jrnw!19sChIJ_cXMiyYnRTcRrCqn_p5Yql4?authuser=0&hl=en&rclk=1",
        "state": "Assam"
    },
    {
        "name": "UCO Bank - Tihu Branch",
        "url": "https://www.google.com/maps/place/UCO+Bank+-+Tihu+Branch/data=!4m7!3m6!1s0x375bd4429424b60d:0xbfea0fb121a1a0f2!8m2!3d26.4745133!4d91.2689088!16s%2Fg%2F11f3n31syh!19sChIJDbYklELUWzcR8qChIbEP6r8?authuser=0&hl=en&rclk=1",
        "state": "Assam"
    },
    {
        "name": "UCO Bank - Pathsala Branch",
        "url": "https://www.google.com/maps/place/UCO+Bank+-+Pathsala+Branch/data=!4m7!3m6!1s0x37597dd5a8c06a29:0x107c72040eadda3b!8m2!3d26.5113213!4d91.1763259!16s%2Fg%2F11c558dyd3!19sChIJKWrAqNV9WTcRO9qtDgRyfBA?authuser=0&hl=en&rclk=1",
        "state": "Assam"
    },
    {
        "name": "UCO Bank - Zonal Office",
        "url": "https://www.google.com/maps/place/UCO+Bank+-+Zonal+Office/data=!4m7!3m6!1s0x3746c2ed7b4b5757:0xf53590144e70a641!8m2!3d26.7604815!4d94.2029672!16s%2Fg%2F11c0qhjczr!19sChIJV1dLe-3CRjcRQaZwThSQNfU?authuser=0&hl=en&rclk=1",
        "state": "Assam"
    },
    {
        "name": "UCO Bank - Sipajhar Branch",
        "url": "https://www.google.com/maps/place/UCO+Bank+-+Sipajhar+Branch/data=!4m7!3m6!1s0x375afe1b07e0d6b7:0xf5c93859cd7af63!8m2!3d26.3978456!4d91.8969489!16s%2Fg%2F11b7llf05l!19sChIJt9bgBxv-WjcRY6_XnIWTXA8?authuser=0&hl=en&rclk=1",
        "state": "Assam"
    },
    {
        "name": "UCO Bank",
        "url": "https://www.google.com/maps/place/UCO+Bank/data=!4m7!3m6!1s0x3741365c164be345:0xac230e4a8519499e!8m2!3d27.2357254!4d94.1045127!16s%2Fg%2F11c67w6nx6!19sChIJReNLFlw2QTcRnkkZhUoOI6w?authuser=0&hl=en&rclk=1",
        "state": "Assam"
    },
    {
        "name": "UCO Bank Bezera Branch",
        "url": "https://www.google.com/maps/place/UCO+Bank+Bezera+Branch/data=!4m7!3m6!1s0x375a5444f1fb09eb:0x25cc1f2805f9a67d!8m2!3d26.3470136!4d91.7798804!16s%2Fg%2F11cn0xxwwq!19sChIJ6wn78URUWjcRfab5BSgfzCU?authuser=0&hl=en&rclk=1",
        "state": "Assam"
    },
    {
        "name": "UCO Bank - Jamugurihat Branch",
        "url": "https://www.google.com/maps/place/UCO+Bank+-+Jamugurihat+Branch/data=!4m7!3m6!1s0x3744ed793f8ea577:0xde03e6395166e800!8m2!3d26.7230247!4d92.9296499!16s%2Fg%2F11b7jwrkn6!19sChIJd6WOP3ntRDcRAOhmUTnmA94?authuser=0&hl=en&rclk=1",
        "state": "Assam"
    },
    {
        "name": "UCO Bank",
        "url": "https://www.google.com/maps/place/UCO+Bank/data=!4m7!3m6!1s0x3746c2eaee0fe6f9:0x77a904da69d9aa2e!8m2!3d26.7602055!4d94.211215!16s%2Fg%2F1260qhznk!19sChIJ-eYP7urCRjcRLqrZadoEqXc?authuser=0&hl=en&rclk=1",
        "state": "Assam"
    },
    {
        "name": "UCO Bank - Digboi Branch",
        "url": "https://www.google.com/maps/place/UCO+Bank+-+Digboi+Branch/data=!4m7!3m6!1s0x373f224ef4ad5b49:0xc927d4443e6c48b8!8m2!3d27.3975162!4d95.6172178!16s%2Fg%2F1ptww03n1!19sChIJSVut9E4iPzcRuEhsPkTUJ8k?authuser=0&hl=en&rclk=1",
        "state": "Assam"
    },
    {
        "name": "UCO Bank - Odalbakra",
        "url": "https://www.google.com/maps/place/UCO+Bank+-+Odalbakra/data=!4m7!3m6!1s0x375a5bf20db58e37:0xe33346b3b23c6031!8m2!3d26.1367698!4d91.7383042!16s%2Fg%2F1q6bkb5bq!19sChIJN461DfJbWjcRMWA8srNGM-M?authuser=0&hl=en&rclk=1",
        "state": "Assam"
    },
    {
        "name": "UCO Bank",
        "url": "https://www.google.com/maps/place/UCO+Bank/data=!4m7!3m6!1s0x374098112c321f43:0x3fa8cbe8de4eab20!8m2!3d27.4804015!4d94.9067439!16s%2Fg%2F11b7hp0ffh!19sChIJQx8yLBGYQDcRIKtO3ujLqD8?authuser=0&hl=en&rclk=1",
        "state": "Assam"
    },
    {
        "name": "UCO Bank - Gohpur Branch",
        "url": "https://www.google.com/maps/place/UCO+Bank+-+Gohpur+Branch/data=!4m7!3m6!1s0x37441a5aaefa3c7d:0xf797d999998c4686!8m2!3d26.88096!4d93.6124508!16s%2Fg%2F11b7k8bvlk!19sChIJfTz6rloaRDcRhkaMmZnZl_c?authuser=0&hl=en&rclk=1",
        "state": "Assam"
    },
    {
        "name": "UCO Bank - Dhaligaon Branch",
        "url": "https://www.google.com/maps/place/UCO+Bank+-+Dhaligaon+Branch/data=!4m7!3m6!1s0x3758feaaf030c1cf:0xb17c97f650d30e08!8m2!3d26.5107637!4d90.5271001!16s%2Fg%2F11b7k49t_v!19sChIJz8Ew8Kr-WDcRCA7TUPaXfLE?authuser=0&hl=en&rclk=1",
        "state": "Assam"
    },
    {
        "name": "UCO Bank",
        "url": "https://www.google.com/maps/place/UCO+Bank/data=!4m7!3m6!1s0x375a5ed3e8b02893:0xbcd523dd7b1bff92!8m2!3d26.1197187!4d91.7870479!16s%2Fg%2F1hc73vw21!19sChIJkyiw6NNeWjcRkv8be90j1bw?authuser=0&hl=en&rclk=1",
        "state": "Assam"
    },
    {
        "name": "UCO Bank",
        "url": "https://www.google.com/maps/place/UCO+Bank/data=!4m7!3m6!1s0x3751d346a1bd58c7:0xcd1cd0d8d80fe234!8m2!3d24.8684293!4d92.3666625!16s%2Fg%2F11c5bsx3qq!19sChIJx1i9oUbTUTcRNOIP2NjQHM0?authuser=0&hl=en&rclk=1",
        "state": "Assam"
    },
    {
        "name": "UCO Bank",
        "url": "https://www.google.com/maps/place/UCO+Bank/data=!4m7!3m6!1s0x37449580c5dfb981:0x3a14c48edef001c1!8m2!3d26.821774!4d92.7795489!16s%2Fg%2F11c31ysnfc!19sChIJgbnfxYCVRDcRwQHw3o7EFDo?authuser=0&hl=en&rclk=1",
        "state": "Assam"
    },
    {
        "name": "UCO Bank",
        "url": "https://www.google.com/maps/place/UCO+Bank/data=!4m7!3m6!1s0x373f152cf1230735:0xd9ceb10f4a6917b0!8m2!3d27.4873795!4d95.3686966!16s%2Fg%2F11b7k8dgd2!19sChIJNQcj8SwVPzcRsBdpSg-xztk?authuser=0&hl=en&rclk=1",
        "state": "Assam"
    },
    {
        "name": "UCO Bank - Duliajan Branch",
        "url": "https://www.google.com/maps/place/UCO+Bank+-+Duliajan+Branch/data=!4m7!3m6!1s0x373f4157e2e628b3:0x8cea9c531bbc15f4!8m2!3d27.3657999!4d95.3103386!16s%2Fg%2F11c51wq870!19sChIJsyjm4ldBPzcR9BW8G1Oc6ow?authuser=0&hl=en&rclk=1",
        "state": "Assam"
    },
    {
        "name": "UCO Bank - Gauripur Branch",
        "url": "https://www.google.com/maps/place/UCO+Bank+-+Gauripur+Branch/data=!4m7!3m6!1s0x39e29e5340bde5ab:0xc25a31fbdfa433ca!8m2!3d26.0898748!4d89.9684401!16s%2Fg%2F11c5bh729d!19sChIJq-W9QFOe4jkRyjOk3_sxWsI?authuser=0&hl=en&rclk=1",
        "state": "Assam"
    },
    {
        "name": "UCO Bank",
        "url": "https://www.google.com/maps/place/UCO+Bank/data=!4m7!3m6!1s0x37472fc8022230b7:0xeef9e96d934e414a!8m2!3d26.9482272!4d94.5315462!16s%2Fg%2F11b7lmn9b8!19sChIJtzAiAsgvRzcRSkFOk23p-e4?authuser=0&hl=en&rclk=1",
        "state": "Assam"
    },
    {
        "name": "UCO Bank",
        "url": "https://www.google.com/maps/place/UCO+Bank/data=!4m7!3m6!1s0x3744b8d6aa8ede0d:0x7095df0ff2933091!8m2!3d26.8218591!4d92.6856493!16s%2Fg%2F11b7k07357!19sChIJDd6Oqta4RDcRkTCT8g_flXA?authuser=0&hl=en&rclk=1",
        "state": "Assam"
    },
    {
        "name": "UCO Bank",
        "url": "https://www.google.com/maps/place/UCO+Bank/data=!4m7!3m6!1s0x37456caa0181032d:0x69d72c5eb060240d!8m2!3d26.0076281!4d92.8579727!16s%2Fg%2F12cp2tt_2!19sChIJLQOBAapsRTcRDSRgsF4s12k?authuser=0&hl=en&rclk=1",
        "state": "Assam"
    },
    {
        "name": "UCO Bank",
        "url": "https://www.google.com/maps/place/UCO+Bank/data=!4m7!3m6!1s0x375b14e59ed66e01:0x71be022e46b0c124!8m2!3d26.7495768!4d92.0969024!16s%2Fg%2F1tdp_h8l!19sChIJAW7WnuUUWzcRJMGwRi4CvnE?authuser=0&hl=en&rclk=1",
        "state": "Assam"
    },
    {
        "name": "UCO Bank - Howli Branch",
        "url": "https://www.google.com/maps/place/UCO+Bank+-+Howli+Branch/data=!4m7!3m6!1s0x375975f06bc74b79:0x12230abadee0a44a!8m2!3d26.4261299!4d90.9714319!16s%2Fg%2F11b7fx97c0!19sChIJeUvHa_B1WTcRSqTg3roKIxI?authuser=0&hl=en&rclk=1",
        "state": "Assam"
    },
    {
        "name": "UCO Bank Panchmile Branch",
        "url": "https://www.google.com/maps/place/UCO+Bank+Panchmile+Branch/data=!4m7!3m6!1s0x3744e9a7d2aaa815:0xc98b563497db4e12!8m2!3d26.640099!4d92.8153271!16s%2Fg%2F11c491q212!19sChIJFaiq0qfpRDcREk7blzRWi8k?authuser=0&hl=en&rclk=1",
        "state": "Assam"
    },
    {
        "name": "UCO Bank - Jagiroad Branch",
        "url": "https://www.google.com/maps/place/UCO+Bank+-+Jagiroad+Branch/data=!4m7!3m6!1s0x375ac3e1b6d2aae9:0xeed034f313b62460!8m2!3d26.1209802!4d92.206875!16s%2Fg%2F11g5_2_xv8!19sChIJ6arStuHDWjcRYCS2E_M00O4?authuser=0&hl=en&rclk=1",
        "state": "Assam"
    },
    {
        "name": "UCO Bank - Barsapara Branch",
        "url": "https://www.google.com/maps/place/UCO+Bank+-+Barsapara+Branch/data=!4m7!3m6!1s0x375a5be9919347a5:0x318b0eada2d1f0c2!8m2!3d26.1473755!4d91.7399018!16s%2Fg%2F11b5pm09q7!19sChIJpUeTkelbWjcRwvDRoq0OizE?authuser=0&hl=en&rclk=1",
        "state": "Assam"
    },
    {
        "name": "UCO Bank",
        "url": "https://www.google.com/maps/place/UCO+Bank/data=!4m7!3m6!1s0x39e2918e3d9c7461:0x86e04c33f41d73a9!8m2!3d26.199239!4d89.7842455!16s%2Fg%2F12lkyzxbj!19sChIJYXScPY6R4jkRqXMd9DNM4IY?authuser=0&hl=en&rclk=1",
        "state": "Assam"
    },
    {
        "name": "UCO Bank",
        "url": "https://www.google.com/maps/place/UCO+Bank/data=!4m7!3m6!1s0x375a58a926465a7f:0xf7c8ec5a28410718!8m2!3d26.1330593!4d91.8277233!16s%2Fg%2F11g6qqw8rl!19sChIJf1pGJqlYWjcRGAdBKFrsyPc?authuser=0&hl=en&rclk=1",
        "state": "Assam"
    },
    {
        "name": "UCO Bank",
        "url": "https://www.google.com/maps/place/UCO+Bank/data=!4m7!3m6!1s0x3759b2e23891d137:0xf08c14890d875e45!8m2!3d26.1838436!4d90.6258061!16s%2Fg%2F11g6rkvrgw!19sChIJN9GROOKyWTcRRV6HDYkUjPA?authuser=0&hl=en&rclk=1",
        "state": "Assam"
    },
    {
        "name": "UCO Bank",
        "url": "https://www.google.com/maps/place/UCO+Bank/data=!4m7!3m6!1s0x375999a1f582cb07:0xf9f177d137991fed!8m2!3d26.2687991!4d90.9622727!16s%2Fg%2F11c2j42hk0!19sChIJB8uC9aGZWTcR7R-ZN9F38fk?authuser=0&hl=en&rclk=1",
        "state": "Assam"
    },
    {
        "name": "UCO Bank",
        "url": "https://www.google.com/maps/place/UCO+Bank/data=!4m7!3m6!1s0x374755adc0cff23b:0x4648cd651c18ee2d!8m2!3d27.0268486!4d95.0226093!16s%2Fg%2F1hjh84jlh!19sChIJO_LPwK1VRzcRLe4YHGXNSEY?authuser=0&hl=en&rclk=1",
        "state": "Assam"
    },
    {
        "name": "UCO Bank - Bonda Branch",
        "url": "https://www.google.com/maps/place/UCO+Bank+-+Bonda+Branch/data=!4m7!3m6!1s0x375a5878ce38be91:0x48ed6144191dc0e3!8m2!3d26.1780285!4d91.8300772!16s%2Fg%2F1q69v4rl9!19sChIJkb44znhYWjcR48AdGURh7Ug?authuser=0&hl=en&rclk=1",
        "state": "Assam"
    },
    {
        "name": "UCO Bank",
        "url": "https://www.google.com/maps/place/UCO+Bank/data=!4m7!3m6!1s0x374e4a193531b59d:0x14dda64937646a93!8m2!3d24.789274!4d92.7942485!16s%2Fg%2F1pzx04m77!19sChIJnbUxNRlKTjcRk2pkN0mm3RQ?authuser=0&hl=en&rclk=1",
        "state": "Assam"
    },
    {
        "name": "UCO Bank",
        "url": "https://www.google.com/maps/place/UCO+Bank/data=!4m7!3m6!1s0x3740980aae4ad1d5:0x13f2cdef0b5b0714!8m2!3d27.4638968!4d94.9138723!16s%2Fg%2F124yg6stb!19sChIJ1dFKrgqYQDcRFAdbC-_N8hM?authuser=0&hl=en&rclk=1",
        "state": "Assam"
    },
    {
        "name": "UCO Bank",
        "url": "https://www.google.com/maps/place/UCO+Bank/data=!4m7!3m6!1s0x37599c7178005e77:0xa546c8569bed5958!8m2!3d26.3302783!4d91.006562!16s%2Fg%2F11bx0jnk8g!19sChIJd14AeHGcWTcRWFntm1bIRqU?authuser=0&hl=en&rclk=1",
        "state": "Assam"
    },
    {
        "name": "UCO Bank",
        "url": "https://www.google.com/maps/place/UCO+Bank/data=!4m7!3m6!1s0x3746d33e0de2a4c7:0xc2bab00fe1b4fd41!8m2!3d27.0857383!4d94.2901947!16s%2Fg%2F1tfqjrdh!19sChIJx6TiDT7TRjcRQf204Q-wusI?authuser=0&hl=en&rclk=1",
        "state": "Assam"
    },
    {
        "name": "UCO Bank",
        "url": "https://www.google.com/maps/place/UCO+Bank/data=!4m7!3m6!1s0x375af221e7a32409:0x98bcded44ce6bc94!8m2!3d26.1180583!4d91.968071!16s%2Fg%2F11c1rtxyzt!19sChIJCSSj5yHyWjcRlLzmTNTevJg?authuser=0&hl=en&rclk=1",
        "state": "Assam"
    },
    {
        "name": "UCO Bank Dhemaji",
        "url": "https://www.google.com/maps/place/UCO+Bank+Dhemaji/data=!4m7!3m6!1s0x3740dd55a8f1203f:0x359da6878caf4bd9!8m2!3d27.4728195!4d94.5597187!16s%2Fg%2F11d_1sxzxj!19sChIJPyDxqFXdQDcR2UuvjIemnTU?authuser=0&hl=en&rclk=1",
        "state": "Assam"
    },
    {
        "name": "UCO Bank",
        "url": "https://www.google.com/maps/place/UCO+Bank/data=!4m7!3m6!1s0x3758fef9e36bb9b9:0x648fdfdef083d662!8m2!3d26.4769849!4d90.5595808!16s%2Fg%2F1vn16x05!19sChIJublr4_n-WDcRYtaD8N7fj2Q?authuser=0&hl=en&rclk=1",
        "state": "Assam"
    },
    {
        "name": "UCO Bank-Zonal Office-Silphukuri",
        "url": "https://www.google.com/maps/place/UCO+Bank-Zonal+Office-Silphukuri/data=!4m7!3m6!1s0x375a59900589ca0b:0xb90cf7ea93d36e87!8m2!3d26.1847576!4d91.7642219!16s%2Fg%2F11b5pjqzhb!19sChIJC8qJBZBZWjcRh27Tk-r3DLk?authuser=0&hl=en&rclk=1",
        "state": "Assam"
    },
    {
        "name": "UCO Bank, Chapar",
        "url": "https://www.google.com/maps/place/UCO+Bank,+Chapar/data=!4m7!3m6!1s0x37585a86eacca6ed:0x275d889dde9984a3!8m2!3d26.2725731!4d90.444386!16s%2Fg%2F11bwf73ynl!19sChIJ7abM6oZaWDcRo4SZ3p2IXSc?authuser=0&hl=en&rclk=1",
        "state": "Assam"
    },
    {
        "name": "UCO Bank",
        "url": "https://www.google.com/maps/place/UCO+Bank/data=!4m7!3m6!1s0x375a5b8aa5654ce5:0x320de0d39ea808c5!8m2!3d26.1718668!4d91.7484529!16s%2Fg%2F11tf_8wgqv!19sChIJ5UxlpYpbWjcRxQiontPgDTI?authuser=0&hl=en&rclk=1",
        "state": "Assam"
    },
    {
        "name": "UCO Bank",
        "url": "https://www.google.com/maps/place/UCO+Bank/data=!4m7!3m6!1s0x39e27fc125afe061:0x292a355f18d5bdff!8m2!3d26.4395342!4d89.977376!16s%2Fg%2F11cn2mgj6w!19sChIJYeCvJcF_4jkR_73VGF81Kik?authuser=0&hl=en&rclk=1",
        "state": "Assam"
    },
    {
        "name": "UCO Bank",
        "url": "https://www.google.com/maps/place/UCO+Bank/data=!4m7!3m6!1s0x375ad05168918c93:0x6df54fc24e560fc3!8m2!3d26.2511847!4d92.3362941!16s%2Fg%2F11g9gpd1s8!19sChIJk4yRaFHQWjcRww9WTsJP9W0?authuser=0&hl=en&rclk=1",
        "state": "Assam"
    },
    {
        "name": "UCO Bank",
        "url": "https://www.google.com/maps/place/UCO+Bank/data=!4m7!3m6!1s0x375aea3b47d91a11:0x905ffc1b2340c5c3!8m2!3d26.1081018!4d92.1193952!16s%2Fg%2F11dxlc2dkf!19sChIJERrZRzvqWjcRw8VAIxv8X5A?authuser=0&hl=en&rclk=1",
        "state": "Assam"
    },
    {
        "name": "UCO Bank | ইউকো বেংক",
        "url": "https://www.google.com/maps/place/UCO+Bank+%7C+%E0%A6%87%E0%A6%89%E0%A6%95%E0%A7%8B+%E0%A6%AC%E0%A7%87%E0%A6%82%E0%A6%95/data=!4m7!3m6!1s0x375a58cffdebdab1:0x28a2800d8e5d95d3!8m2!3d26.1360226!4d91.8027093!16s%2Fg%2F1q671qrgq!19sChIJsdrr_c9YWjcR05Vdjg2Aoig?authuser=0&hl=en&rclk=1",
        "state": "Assam"
    },
    {
        "name": "UCO Bank",
        "url": "https://www.google.com/maps/place/UCO+Bank/data=!4m7!3m6!1s0x3759b37a8405b76d:0xda6bf941b3a74f57!8m2!3d26.1459205!4d90.6319452!16s%2Fg%2F11c60n31d9!19sChIJbbcFhHqzWTcRV0-ns0H5a9o?authuser=0&hl=en&rclk=1",
        "state": "Assam"
    },
    {
        "name": "UCO Bank - Mankachar Branch",
        "url": "https://www.google.com/maps/place/UCO+Bank+-+Mankachar+Branch/data=!4m7!3m6!1s0x39fd51cf335435dd:0x73d85721a5968787!8m2!3d25.5306573!4d89.8644555!16s%2Fg%2F11bwqmn6m_!19sChIJ3TVUM89R_TkRh4eWpSFX2HM?authuser=0&hl=en&rclk=1",
        "state": "Assam"
    },
    {
        "name": "UCO Bank",
        "url": "https://www.google.com/maps/place/UCO+Bank/data=!4m7!3m6!1s0x3746ef0e6259dce3:0x7e9395b3dc7e9acf!8m2!3d26.6023544!4d94.2068613!16s%2Fg%2F1hdzk5276!19sChIJ49xZYg7vRjcRz5p-3LOVk34?authuser=0&hl=en&rclk=1",
        "state": "Assam"
    },
    {
        "name": "UCO Bank",
        "url": "https://www.google.com/maps/place/UCO+Bank/data=!4m7!3m6!1s0x375baeedee664a5f:0x64ccd2deac75d97a!8m2!3d26.5318789!4d91.7254128!16s%2Fg%2F11cm6mvq17!19sChIJX0pm7u2uWzcRetl1rN7SzGQ?authuser=0&hl=en&rclk=1",
        "state": "Assam"
    },
    {
        "name": "UCO Bank",
        "url": "https://www.google.com/maps/place/UCO+Bank/data=!4m7!3m6!1s0x3744cb4068bef529:0x4fb6b67d1445b5b8!8m2!3d26.7033517!4d92.4783334!16s%2Fg%2F11hbgsxw25!19sChIJKfW-aEDLRDcRuLVFFH22tk8?authuser=0&hl=en&rclk=1",
        "state": "Assam"
    },
    {
        "name": "UCO Bank",
        "url": "https://www.google.com/maps/place/UCO+Bank/data=!4m7!3m6!1s0x3745076490b89341:0xe6dc7b9ce1a54416!8m2!3d26.2114095!4d93.0556767!16s%2Fg%2F11sk8c9688!19sChIJQZO4kGQHRTcRFkSl4Zx73OY?authuser=0&hl=en&rclk=1",
        "state": "Assam"
    },
    {
        "name": "UCO Bank - Chumukedima Branch",
        "url": "https://www.google.com/maps/place/UCO+Bank+-+Chumukedima+Branch/data=!4m7!3m6!1s0x37460886bbe9001b:0x6e28a604288bab6a!8m2!3d25.8099615!4d93.7883285!16s%2Fg%2F11clwkrjqv!19sChIJGwDpu4YIRjcRaquLKASmKG4?authuser=0&hl=en&rclk=1",
        "state": "Assam"
    }
]