[
    {
        "name": "UCO Bank",
        "url": "https://www.google.com/maps/place/UCO+Bank/data=!4m7!3m6!1s0x390d1830dca1e485:0x8da7d56a83ea6309!8m2!3d28.4582232!4d77.0269349!16s%2Fg%2F11c2q_z88c!19sChIJheSh3DAYDTkRCWPqg2rVp40?authuser=0&hl=en&rclk=1",
        "state": "Haryana"
    },
    {
        "name": "UCO Bank",
        "url": "https://www.google.com/maps/place/UCO+Bank/data=!4m7!3m6!1s0x390d85bbc121e55f:0xd53fb3a9c2f27726!8m2!3d28.896687!4d76.5789821!16s%2Fg%2F1ptxglc7g!19sChIJX-UhwbuFDTkRJnfywqmzP9U?authuser=0&hl=en&rclk=1",
        "state": "Haryana"
    },
    {
        "name": "UCO Bank",
        "url": "https://www.google.com/maps/place/UCO+Bank/data=!4m7!3m6!1s0x391239192838aa5b:0xd42a7faa200262e9!8m2!3d29.0991294!4d75.9682539!16s%2Fg%2F1yghc7m_0!19sChIJW6o4KBk5EjkR6WICIKp_KtQ?authuser=0&hl=en&rclk=1",
        "state": "Haryana"
    },
    {
        "name": "UCO Bank",
        "url": "https://www.google.com/maps/place/UCO+Bank/data=!4m7!3m6!1s0x390d19a963c7e2ed:0xcbdd65decb6ed84b!8m2!3d28.4445806!4d77.0594101!16s%2Fg%2F11mfwr9ys4!19sChIJ7eLHY6kZDTkRS9huy95l3cs?authuser=0&hl=en&rclk=1",
        "state": "Haryana"
    },
    {
        "name": "UCO Bank",
        "url": "https://www.google.com/maps/place/UCO+Bank/data=!4m7!3m6!1s0x390dda4c6d1d35db:0x44d460b0a7393ee0!8m2!3d29.3894547!4d76.9687442!16s%2Fg%2F1263jc0n6!19sChIJ2zUdbUzaDTkR4D45p7Bg1EQ?authuser=0&hl=en&rclk=1",
        "state": "Haryana"
    },
    {
        "name": "UCO Bank",
        "url": "https://www.google.com/maps/place/UCO+Bank/data=!4m7!3m6!1s0x390cdde675c7610d:0x72b3722a75825caa!8m2!3d28.429929!4d77.2963075!16s%2Fg%2F11b7xrxs68!19sChIJDWHHdebdDDkRqlyCdSpys3I?authuser=0&hl=en&rclk=1",
        "state": "Haryana"
    },
    {
        "name": "UCO Bank",
        "url": "https://www.google.com/maps/place/UCO+Bank/data=!4m7!3m6!1s0x391233f2b79d6bf1:0xeb13bcb856d87744!8m2!3d29.127962!4d75.7842637!16s%2Fg%2F11f__37855!19sChIJ8Wudt_IzEjkRRHfYVri8E-s?authuser=0&hl=en&rclk=1",
        "state": "Haryana"
    },
    {
        "name": "UCO Bank - Ambala City Branch",
        "url": "https://www.google.com/maps/place/UCO+Bank+-+Ambala+City+Branch/data=!4m7!3m6!1s0x390fc88d05522b8b:0xcd0d0f6a2cf3ce1b!8m2!3d30.3817661!4d76.7704711!16s%2Fg%2F11bx8j_brg!19sChIJiytSBY3IDzkRG87zLGoPDc0?authuser=0&hl=en&rclk=1",
        "state": "Haryana"
    },
    {
        "name": "UCO Bank",
        "url": "https://www.google.com/maps/place/UCO+Bank/data=!4m7!3m6!1s0x390cdc492596d051:0x48e629729c4ba5f3!8m2!3d28.3952278!4d77.3193183!16s%2Fg%2F1tp0c17l!19sChIJUdCWJUncDDkR86VLnHIp5kg?authuser=0&hl=en&rclk=1",
        "state": "Haryana"
    },
    {
        "name": "UCO Bank",
        "url": "https://www.google.com/maps/place/UCO+Bank/data=!4m7!3m6!1s0x390cdc363a00ae3d:0x688a27cb5f30cb0c!8m2!3d28.393135!4d77.3054068!16s%2Fg%2F11r9cq8m6!19sChIJPa4AOjbcDDkRDMswX8snimg?authuser=0&hl=en&rclk=1",
        "state": "Haryana"
    },
    {
        "name": "UCO Bank",
        "url": "https://www.google.com/maps/place/UCO+Bank/data=!4m7!3m6!1s0x390cdd9233bdc9c9:0x78840af3a6a0b350!8m2!3d28.4348068!4d77.314118!16s%2Fg%2F11hd52ddx0!19sChIJycm9M5LdDDkRULOgpvMKhHg?authuser=0&hl=en&rclk=1",
        "state": "Haryana"
    },
    {
        "name": "UCO Bank",
        "url": "https://www.google.com/maps/place/UCO+Bank/data=!4m7!3m6!1s0x391266ce6eb1c61b:0x5d53783e75c8814d!8m2!3d28.7979037!4d76.145453!16s%2Fg%2F11c565z4vw!19sChIJG8axbs5mEjkRTYHIdT54U10?authuser=0&hl=en&rclk=1",
        "state": "Haryana"
    },
    {
        "name": "UCO Bank",
        "url": "https://www.google.com/maps/place/UCO+Bank/data=!4m7!3m6!1s0x39117b63281be0d5:0x472c144c1a20ba15!8m2!3d29.4602685!4d75.5619754!16s%2Fg%2F11c2l80fxq!19sChIJ1eAbKGN7ETkRFbogGkwULEc?authuser=0&hl=en&rclk=1",
        "state": "Haryana"
    },
    {
        "name": "UCO Bank, Budhakhera",
        "url": "https://www.google.com/maps/place/UCO+Bank,+Budhakhera/data=!4m7!3m6!1s0x390dfeab2b91abe7:0xe5e8e107508e80bf!8m2!3d29.3802589!4d76.5456272!16s%2Fg%2F11c4bgr447!19sChIJ56uRK6v-DTkRv4COUAfh6OU?authuser=0&hl=en&rclk=1",
        "state": "Haryana"
    },
    {
        "name": "UCO Bank, Julana",
        "url": "https://www.google.com/maps/place/UCO+Bank,+Julana/data=!4m7!3m6!1s0x39120b3a116cc1d9:0xb9406da24a52a90c!8m2!3d29.1237545!4d76.4069894!16s%2Fg%2F11f61dvyxf!19sChIJ2cFsEToLEjkRDKlSSqJtQLk?authuser=0&hl=en&rclk=1",
        "state": "Haryana"
    },
    {
        "name": "UCO Bank",
        "url": "https://www.google.com/maps/place/UCO+Bank/data=!4m7!3m6!1s0x390d85a1d03f6403:0x19f660364bc86349!8m2!3d28.9048124!4d76.5916206!16s%2Fg%2F11c705gjnl!19sChIJA2Q_0KGFDTkRSWPISzZg9hk?authuser=0&hl=en&rclk=1",
        "state": "Haryana"
    },
    {
        "name": "UCO Bank",
        "url": "https://www.google.com/maps/place/UCO+Bank/data=!4m7!3m6!1s0x390d9c87f698bb05:0x233f1d551745ec0d!8m2!3d28.8360781!4d76.6872014!16s%2Fg%2F11b7vrmjy4!19sChIJBbuY9oecDTkRDexFF1UdPyM?authuser=0&hl=en&rclk=1",
        "state": "Haryana"
    },
    {
        "name": "UCO Bank",
        "url": "https://www.google.com/maps/place/UCO+Bank/data=!4m7!3m6!1s0x390e4a35eb17a15d:0xeffde35f7b47845c!8m2!3d30.161835!4d76.867672!16s%2Fg%2F11c70d5jb3!19sChIJXaEX6zVKDjkRXIRHe1_j_e8?authuser=0&hl=en&rclk=1",
        "state": "Haryana"
    },
    {
        "name": "UCO Bank",
        "url": "https://www.google.com/maps/place/UCO+Bank/data=!4m7!3m6!1s0x390def5339614e69:0xfcca3674e4022528!8m2!3d29.3004027!4d76.7328256!16s%2Fg%2F11f30mdbdv!19sChIJaU5hOVPvDTkRKCUC5HQ2yvw?authuser=0&hl=en&rclk=1",
        "state": "Haryana"
    },
    {
        "name": "UCO Bank",
        "url": "https://www.google.com/maps/place/UCO+Bank/data=!4m7!3m6!1s0x390d411f6d7ada8d:0xae1a9c9fa21059fa!8m2!3d28.329675!4d76.77621!16s%2Fg%2F11c1s1xbwp!19sChIJjdp6bR9BDTkR-lkQop-cGq4?authuser=0&hl=en&rclk=1",
        "state": "Haryana"
    },
    {
        "name": "UCO Bank Bahadurgarh",
        "url": "https://www.google.com/maps/place/UCO+Bank+Bahadurgarh/data=!4m7!3m6!1s0x390d0be399ba0d35:0x2fbc09b87fbacbf7!8m2!3d28.7006194!4d76.9136931!16s%2Fg%2F11bxg87j38!19sChIJNQ26meMLDTkR98u6f7gJvC8?authuser=0&hl=en&rclk=1",
        "state": "Haryana"
    },
    {
        "name": "UCO Bank",
        "url": "https://www.google.com/maps/place/UCO+Bank/data=!4m7!3m6!1s0x390de09b2213e02f:0x5483fa826070d602!8m2!3d29.4403816!4d76.8177193!16s%2Fg%2F11bws8pyqr!19sChIJL-ATIpvgDTkRAtZwYIL6g1Q?authuser=0&hl=en&rclk=1",
        "state": "Haryana"
    },
    {
        "name": "UCO Bank Thanesar",
        "url": "https://www.google.com/maps/place/UCO+Bank+Thanesar/data=!4m7!3m6!1s0x390e473b6a55e233:0x21e4d355ff415288!8m2!3d29.9737433!4d76.8589623!16s%2Fg%2F11c5blvqy8!19sChIJM-JVajtHDjkRiFJB_1XT5CE?authuser=0&hl=en&rclk=1",
        "state": "Haryana"
    },
    {
        "name": "UCO Bank",
        "url": "https://www.google.com/maps/place/UCO+Bank/data=!4m7!3m6!1s0x390d1bcb7b981d77:0xd7793f03609f0df8!8m2!3d28.5340392!4d77.0589412!16s%2Fg%2F1hjgyb0h7!19sChIJdx2Ye8sbDTkR-A2fYAM_edc?authuser=0&hl=en&rclk=1",
        "state": "Haryana"
    },
    {
        "name": "UCO Bank",
        "url": "https://www.google.com/maps/place/UCO+Bank/data=!4m7!3m6!1s0x391271bc2e3c9ed3:0x2a5e4e861148a6c2!8m2!3d28.9637479!4d76.3007883!16s%2Fg%2F11c70cmmkn!19sChIJ0548LrxxEjkRwqZIEYZOXio?authuser=0&hl=en&rclk=1",
        "state": "Haryana"
    },
    {
        "name": "UCO Bank",
        "url": "https://www.google.com/maps/place/UCO+Bank/data=!4m7!3m6!1s0x390d3d2e778bc45b:0x725500d6394b0b88!8m2!3d28.3631005!4d76.9351001!16s%2Fg%2F11mfwxlhkr!19sChIJW8SLdy49DTkRiAtLOdYAVXI?authuser=0&hl=en&rclk=1",
        "state": "Haryana"
    },
    {
        "name": "UCO Bank",
        "url": "https://www.google.com/maps/place/UCO+Bank/data=!4m7!3m6!1s0x39127936d576de63:0x505e933253306865!8m2!3d28.8251534!4d76.3925036!16s%2Fg%2F11fx95j8ym!19sChIJY9521TZ5EjkRZWgwUzKTXlA?authuser=0&hl=en&rclk=1",
        "state": "Haryana"
    },
    {
        "name": "UCO Bank Katesra",
        "url": "https://www.google.com/maps/place/UCO+Bank+Katesra/data=!4m7!3m6!1s0x39127fab40000001:0xe8496fba6027f8f9!8m2!3d28.7717971!4d76.4110595!16s%2Fg%2F11bc6pt3yh!19sChIJAQAAQKt_EjkR-fgnYLpvSeg?authuser=0&hl=en&rclk=1",
        "state": "Haryana"
    },
    {
        "name": "UCO Bank",
        "url": "https://www.google.com/maps/place/UCO+Bank/data=!4m7!3m6!1s0x390d4870eabd20a7:0x54cc204735bfc80a!8m2!3d28.207899!4d76.792877!16s%2Fg%2F11gcn0jjkv!19sChIJpyC96nBIDTkRCsi_NUcgzFQ?authuser=0&hl=en&rclk=1",
        "state": "Haryana"
    },
    {
        "name": "UCO Bank",
        "url": "https://www.google.com/maps/place/UCO+Bank/data=!4m7!3m6!1s0x390fb6234fdc55fb:0x3f4422d3ad7a0b40!8m2!3d30.3455659!4d76.8370791!16s%2Fg%2F1vy7dzmx!19sChIJ-1XcTyO2DzkRQAt6rdMiRD8?authuser=0&hl=en&rclk=1",
        "state": "Haryana"
    },
    {
        "name": "UCO Bank",
        "url": "https://www.google.com/maps/place/UCO+Bank/data=!4m7!3m6!1s0x390d75e09fbe6c41:0x6e4c39193f31e1fc!8m2!3d28.7372562!4d76.737913!16s%2Fg%2F11cn9449c5!19sChIJQWy-n-B1DTkR_OExPxk5TG4?authuser=0&hl=en&rclk=1",
        "state": "Haryana"
    },
    {
        "name": "UCO Bank",
        "url": "https://www.google.com/maps/place/UCO+Bank/data=!4m7!3m6!1s0x390db7f52571e2db:0xc38b7f42a03eb2a4!8m2!3d29.1309401!4d77.0126793!16s%2Fg%2F11dxqztfj0!19sChIJ2-JxJfW3DTkRpLI-oEJ_i8M?authuser=0&hl=en&rclk=1",
        "state": "Haryana"
    },
    {
        "name": "UCO Bank",
        "url": "https://www.google.com/maps/place/UCO+Bank/data=!4m7!3m6!1s0x390e07b2be2e81c7:0x1d9508f91a22653e!8m2!3d29.5216359!4d76.6077658!16s%2Fg%2F11g6xs9lp7!19sChIJx4EuvrIHDjkRPmUiGvkIlR0?authuser=0&hl=en&rclk=1",
        "state": "Haryana"
    },
    {
        "name": "UCO Bank",
        "url": "https://www.google.com/maps/place/UCO+Bank/data=!4m7!3m6!1s0x390d25ab9363a5ff:0xbaec88ce57e85346!8m2!3d28.2437!4d77.06907!16s%2Fg%2F11qjlb1yfb!19sChIJ_6Vjk6slDTkRRlPoV86I7Lo?authuser=0&hl=en&rclk=1",
        "state": "Haryana"
    },
    {
        "name": "UCO Bank",
        "url": "https://www.google.com/maps/place/UCO+Bank/data=!4m7!3m6!1s0x390d1ad0c8fe85ab:0x326aef33f54eb81a!8m2!3d28.59749!4d77.05015!16s%2Fg%2F1hm26zwb_!19sChIJq4X-yNAaDTkRGrhO9TPvajI?authuser=0&hl=en&rclk=1",
        "state": "Haryana"
    },
    {
        "name": "UCO Bank ,Branch Manimajra",
        "url": "https://www.google.com/maps/place/UCO+Bank+,Branch+Manimajra/data=!4m7!3m6!1s0x390f936f59589963:0xef76b86a6b203dca!8m2!3d30.7201408!4d76.8328862!16s%2Fg%2F11g1vzjfky!19sChIJY5lYWW-TDzkRyj0ga2q4du8?authuser=0&hl=en&rclk=1",
        "state": "Haryana"
    },
    {
        "name": "UCO Bank",
        "url": "https://www.google.com/maps/place/UCO+Bank/data=!4m7!3m6!1s0x3912bee4cdd5fb9b:0xe47b88847d12d1eb!8m2!3d28.2756572!4d76.1396969!16s%2Fg%2F11b7ysshxf!19sChIJm_vVzeS-EjkR69ESfYSIe-Q?authuser=0&hl=en&rclk=1",
        "state": "Haryana"
    },
    {
        "name": "UCO Bank",
        "url": "https://www.google.com/maps/place/UCO+Bank/data=!4m7!3m6!1s0x391266d7cacc8103:0x53faf95271a74dfb!8m2!3d28.7984783!4d76.1333308!16s%2Fg%2F124sthqjq!19sChIJA4HMytdmEjkR-02ncVL5-lM?authuser=0&hl=en&rclk=1",
        "state": "Haryana"
    },
    {
        "name": "UCO Bank Kaithal",
        "url": "https://www.google.com/maps/place/UCO+Bank+Kaithal/data=!4m7!3m6!1s0x3911e08920fa06bd:0xd45984ccd0f2286d!8m2!3d29.8062002!4d76.4054268!16s%2Fg%2F11f4pvbv9k!19sChIJvQb6IIngETkRbSjy0MyEWdQ?authuser=0&hl=en&rclk=1",
        "state": "Haryana"
    },
    {
        "name": "UCO Bank",
        "url": "https://www.google.com/maps/place/UCO+Bank/data=!4m7!3m6!1s0x390dc8aa28901e7f:0xb0e11471ae917545!8m2!3d29.2389101!4d77.0126202!16s%2Fg%2F11cmxhq9n5!19sChIJfx6QKKrIDTkRRXWRrnEU4bA?authuser=0&hl=en&rclk=1",
        "state": "Haryana"
    },
    {
        "name": "UCO Bank",
        "url": "https://www.google.com/maps/place/UCO+Bank/data=!4m7!3m6!1s0x391218ad057da5ef:0xaa5d0c0fe45296a5!8m2!3d29.3308796!4d76.0950178!16s%2Fg%2F11g8186y_f!19sChIJ76V9Ba0YEjkRpZZS5A8MXao?authuser=0&hl=en&rclk=1",
        "state": "Haryana"
    },
    {
        "name": "UCO Bank",
        "url": "https://www.google.com/maps/place/UCO+Bank/data=!4m7!3m6!1s0x390ce45a0dd2d949:0x42715c192dadf5b5!8m2!3d28.5805073!4d77.3202978!16s%2Fg%2F12mkvn517!19sChIJSdnSDVrkDDkRtfWtLRlccUI?authuser=0&hl=en&rclk=1",
        "state": "Haryana"
    },
    {
        "name": "UCO Bank - Behlana Branch",
        "url": "https://www.google.com/maps/place/UCO+Bank+-+Behlana+Branch/data=!4m7!3m6!1s0x390fec9fcd71fd8d:0x22ebdddc00094f49!8m2!3d30.6784948!4d76.8002141!16s%2Fg%2F11c2k87dtt!19sChIJjf1xzZ_sDzkRSU8JANzd6yI?authuser=0&hl=en&rclk=1",
        "state": "Haryana"
    },
    {
        "name": "UCO Bank",
        "url": "https://www.google.com/maps/place/UCO+Bank/data=!4m7!3m6!1s0x390d071f43c4beb7:0x428ba0ea2c151bc5!8m2!3d28.7520511!4d77.0781559!16s%2Fg%2F11c2068y0b!19sChIJt77EQx8HDTkRxRsVLOqgi0I?authuser=0&hl=en&rclk=1",
        "state": "Haryana"
    },
    {
        "name": "UCO Bank",
        "url": "https://www.google.com/maps/place/UCO+Bank/data=!4m7!3m6!1s0x390ce51521046ddf:0x640fc74896b6c1a2!8m2!3d28.6109905!4d77.3541418!16s%2Fg%2F11c1pkf2w6!19sChIJ320EIRXlDDkRosG2lkjHD2Q?authuser=0&hl=en&rclk=1",
        "state": "Haryana"
    },
    {
        "name": "UCO Bank",
        "url": "https://www.google.com/maps/place/UCO+Bank/data=!4m7!3m6!1s0x3912858b17d01709:0xb5ef883e1ceb201d!8m2!3d28.596965!4d76.2749714!16s%2Fg%2F1tnhwqqx!19sChIJCRfQF4uFEjkRHSDrHD6I77U?authuser=0&hl=en&rclk=1",
        "state": "Haryana"
    },
    {
        "name": "UCO Bank",
        "url": "https://www.google.com/maps/place/UCO+Bank/data=!4m7!3m6!1s0x390ce1f2555a2da5:0x2f9e0e3f01943154!8m2!3d28.5279123!4d77.208848!16s%2Fg%2F12hms8nf5!19sChIJpS1aVfLhDDkRVDGUAT8Oni8?authuser=0&hl=en&rclk=1",
        "state": "Haryana"
    },
    {
        "name": "UCO Bank",
        "url": "https://www.google.com/maps/place/UCO+Bank/data=!4m7!3m6!1s0x390ce402013ca2f3:0x43cfd63cb18d2006!8m2!3d28.5474719!4d77.2926962!16s%2Fg%2F1tl1lv5h!19sChIJ86I8AQLkDDkRBiCNsTzWz0M?authuser=0&hl=en&rclk=1",
        "state": "Haryana"
    },
    {
        "name": "UCO Bank",
        "url": "https://www.google.com/maps/place/UCO+Bank/data=!4m7!3m6!1s0x390e5b702600a3f9:0x228c8370394a7542!8m2!3d29.9900464!4d77.0452551!16s%2Fg%2F11g69l0scn!19sChIJ-aMAJnBbDjkRQnVKOXCDjCI?authuser=0&hl=en&rclk=1",
        "state": "Haryana"
    },
    {
        "name": "UCO Bank",
        "url": "https://www.google.com/maps/place/UCO+Bank/data=!4m7!3m6!1s0x390ce2144508f3bd:0xfa7d872e3ac47031!8m2!3d28.549726!4d77.215546!16s%2Fg%2F1ttdlc9r!19sChIJvfMIRRTiDDkRMXDEOi6Hffo?authuser=0&hl=en&rclk=1",
        "state": "Haryana"
    },
    {
        "name": "UCO Bank",
        "url": "https://www.google.com/maps/place/UCO+Bank/data=!4m7!3m6!1s0x390e5906b91ba1d1:0x7f62a8d010d204cf!8m2!3d30.0271105!4d77.1417753!16s%2Fg%2F11c2lh8pvk!19sChIJ0aEbuQZZDjkRzwTSENCoYn8?authuser=0&hl=en&rclk=1",
        "state": "Haryana"
    },
    {
        "name": "UCO Bank",
        "url": "https://www.google.com/maps/place/UCO+Bank/data=!4m7!3m6!1s0x390ce2d2b440ee6d:0x3516f52959dc3271!8m2!3d28.62433!4d77.23024!16s%2Fg%2F11b6hw0n0j!19sChIJbe5AtNLiDDkRcTLcWSn1FjU?authuser=0&hl=en&rclk=1",
        "state": "Haryana"
    },
    {
        "name": "UCO Bank",
        "url": "https://www.google.com/maps/place/UCO+Bank/data=!4m7!3m6!1s0x390fb24e3df5a9fb:0x9e5141cc3038884e!8m2!3d30.2990933!4d76.9715773!16s%2Fg%2F11c70hl0kt!19sChIJ-6n1PU6yDzkRTog4MMxBUZ4?authuser=0&hl=en&rclk=1",
        "state": "Haryana"
    },
    {
        "name": "UCO Bank",
        "url": "https://www.google.com/maps/place/UCO+Bank/data=!4m7!3m6!1s0x390d1b52d2314897:0x7c556cfc2b739485!8m2!3d28.6112063!4d77.093268!16s%2Fg%2F11cn3pvhj_!19sChIJl0gx0lIbDTkRhZRzK_xsVXw?authuser=0&hl=en&rclk=1",
        "state": "Haryana"
    },
    {
        "name": "UCO Bank",
        "url": "https://www.google.com/maps/place/UCO+Bank/data=!4m7!3m6!1s0x390ce2b368d39625:0xb6a743fd1d2f5878!8m2!3d28.6229147!4d77.2115647!16s%2Fg%2F1tf73xqb!19sChIJJZbTaLPiDDkReFgvHf1Dp7Y?authuser=0&hl=en&rclk=1",
        "state": "Haryana"
    },
    {
        "name": "UCO Bank",
        "url": "https://www.google.com/maps/place/UCO+Bank/data=!4m7!3m6!1s0x390ce3c56a983ab9:0xef4f0becb3b3069!8m2!3d28.5483425!4d77.2523295!16s%2Fg%2F1tg59g_2!19sChIJuTqYasXjDDkRaTA7y77w9A4?authuser=0&hl=en&rclk=1",
        "state": "Haryana"
    },
    {
        "name": "UCO Bank Pehowa",
        "url": "https://www.google.com/maps/place/UCO+Bank+Pehowa/data=!4m7!3m6!1s0x390e25affc245317:0x9408467e07e7801d!8m2!3d29.9862349!4d76.5837911!16s%2Fg%2F11gg9l2xkn!19sChIJF1Mk_K8lDjkRHYDnB35GCJQ?authuser=0&hl=en&rclk=1",
        "state": "Haryana"
    },
    {
        "name": "UCO Bank Nilokheri",
        "url": "https://www.google.com/maps/place/UCO+Bank+Nilokheri/data=!4m7!3m6!1s0x390e69900ea47ba5:0xa6f13139048d5a63!8m2!3d29.8405342!4d76.9307715!16s%2Fg%2F11hcj3sxm4!19sChIJpXukDpBpDjkRY1qNBDkx8aY?authuser=0&hl=en&rclk=1",
        "state": "Haryana"
    },
    {
        "name": "UCO Bank",
        "url": "https://www.google.com/maps/place/UCO+Bank/data=!4m7!3m6!1s0x390d05265d70e29f:0x57ce00b5f8000c73!8m2!3d28.6212365!4d77.051086!16s%2Fg%2F1ptymr09m!19sChIJn-JwXSYFDTkRcwwA-LUAzlc?authuser=0&hl=en&rclk=1",
        "state": "Haryana"
    },
    {
        "name": "UCO Bank",
        "url": "https://www.google.com/maps/place/UCO+Bank/data=!4m7!3m6!1s0x390ce212e970d9d1:0xefd8141e1dec9385!8m2!3d28.5520004!4d77.207753!16s%2Fg%2F1ptwy06qf!19sChIJ0dlw6RLiDDkRhZPsHR4U2O8?authuser=0&hl=en&rclk=1",
        "state": "Haryana"
    },
    {
        "name": "UCO Bank",
        "url": "https://www.google.com/maps/place/UCO+Bank/data=!4m7!3m6!1s0x390ce2d72decd029:0x8daf52b90199ef28!8m2!3d28.61579!4d77.23502!16s%2Fg%2F11b6byr2xr!19sChIJKdDsLdfiDDkRKO-ZAblSr40?authuser=0&hl=en&rclk=1",
        "state": "Haryana"
    },
    {
        "name": "SBP UCO Bank",
        "url": "https://www.google.com/maps/place/SBP+UCO+Bank/data=!4m7!3m6!1s0x390d85216779d66b:0xc2d6c5f52de2e654!8m2!3d28.890961!4d76.6221937!16s%2Fg%2F11hb8mjzd4!19sChIJa9Z5ZyGFDTkRVObiLfXF1sI?authuser=0&hl=en&rclk=1",
        "state": "Haryana"
    },
    {
        "name": "UCO Bank",
        "url": "https://www.google.com/maps/place/UCO+Bank/data=!4m7!3m6!1s0x390ce4a274ac890b:0x2c046488d161bb85!8m2!3d28.6080012!4d77.2937288!16s%2Fg%2F12m8z22yj!19sChIJC4msdKLkDDkRhbth0YhkBCw?authuser=0&hl=en&rclk=1",
        "state": "Haryana"
    },
    {
        "name": "UCO Bank",
        "url": "https://www.google.com/maps/place/UCO+Bank/data=!4m7!3m6!1s0x390ce3f660c081c1:0x2872b5b4b93e873b!8m2!3d28.58582!4d77.2553!16s%2Fg%2F11mfwwrc66!19sChIJwYHAYPbjDDkRO4c-ubS1cig?authuser=0&hl=en&rclk=1",
        "state": "Haryana"
    },
    {
        "name": "UCO Bank",
        "url": "https://www.google.com/maps/place/UCO+Bank/data=!4m7!3m6!1s0x390d0162ef03f931:0xe4e9565f5c7ab392!8m2!3d28.7095712!4d77.1346592!16s%2Fg%2F12hlbh5yn!19sChIJMfkD72IBDTkRkrN6XF9W6eQ?authuser=0&hl=en&rclk=1",
        "state": "Haryana"
    },
    {
        "name": "UCO Bank",
        "url": "https://www.google.com/maps/place/UCO+Bank/data=!4m7!3m6!1s0x390cfac8fdf1fc27:0xdd17b1753d97808c!8m2!3d28.6448096!4d77.3521106!16s%2Fg%2F1pp2vgwnd!19sChIJJ_zx_cj6DDkRjICXPXWxF90?authuser=0&hl=en&rclk=1",
        "state": "Haryana"
    },
    {
        "name": "UCO Bank",
        "url": "https://www.google.com/maps/place/UCO+Bank/data=!4m7!3m6!1s0x390ce36338c14ebb:0x3a4adb09efd22bd3!8m2!3d28.5865465!4d77.2525832!16s%2Fg%2F11l965_qr2!19sChIJu07BOGPjDDkR0yvS7wnbSjo?authuser=0&hl=en&rclk=1",
        "state": "Haryana"
    },
    {
        "name": "UCO Bank",
        "url": "https://www.google.com/maps/place/UCO+Bank/data=!4m7!3m6!1s0x390d0324b16c889d:0x7d4e44ad293075fb!8m2!3d28.6317958!4d77.1388003!16s%2Fg%2F1263pw3d7!19sChIJnYhssSQDDTkR-3UwKa1ETn0?authuser=0&hl=en&rclk=1",
        "state": "Haryana"
    },
    {
        "name": "UCO Bank",
        "url": "https://www.google.com/maps/place/UCO+Bank/data=!4m7!3m6!1s0x390d378599ca652d:0x7d6cf5ec4b1159c!8m2!3d28.2138502!4d76.862037!16s%2Fg%2F11g8kr5whf!19sChIJLWXKmYU3DTkRnBWxxF7P1gc?authuser=0&hl=en&rclk=1",
        "state": "Haryana"
    },
    {
        "name": "UCO Bank",
        "url": "https://www.google.com/maps/place/UCO+Bank/data=!4m7!3m6!1s0x390cc039cf099af7:0x471ab45fb21e632c!8m2!3d28.4540245!4d77.5275373!16s%2Fg%2F11g88c49cf!19sChIJ95oJzznADDkRLGMesl-0Gkc?authuser=0&hl=en&rclk=1",
        "state": "Haryana"
    },
    {
        "name": "UCO Bank",
        "url": "https://www.google.com/maps/place/UCO+Bank/data=!4m7!3m6!1s0x390ce3cd76b0d945:0x8b42dafd8eb0195!8m2!3d28.6203504!4d77.227345!16s%2Fg%2F11mfxlqs2h!19sChIJRdmwds3jDDkRlQHr2K8ttAg?authuser=0&hl=en&rclk=1",
        "state": "Haryana"
    },
    {
        "name": "UCO Bank - Customer Service Point",
        "url": "https://www.google.com/maps/place/UCO+Bank+-+Customer+Service+Point/data=!4m7!3m6!1s0x3912e478da965d4d:0x75929ea77620543b!8m2!3d28.4293821!4d75.8091863!16s%2Fg%2F11f3jwpcqj!19sChIJTV2W2njkEjkRO1QgdqeeknU?authuser=0&hl=en&rclk=1",
        "state": "Haryana"
    },
    {
        "name": "UCO Bank",
        "url": "https://www.google.com/maps/place/UCO+Bank/data=!4m7!3m6!1s0x390ce33e6717b567:0x4e5c8dbb2f0c5a94!8m2!3d28.5317517!4d77.2136822!16s%2Fg%2F11mfwy00v5!19sChIJZ7UXZz7jDDkRlFoML7uNXE4?authuser=0&hl=en&rclk=1",
        "state": "Haryana"
    },
    {
        "name": "UCO Bank",
        "url": "https://www.google.com/maps/place/UCO+Bank/data=!4m7!3m6!1s0x390fee702d03c131:0x155ef183a58f5066!8m2!3d30.7278295!4d76.7226081!16s%2Fg%2F1pv0252py!19sChIJMcEDLXDuDzkRZlCPpYPxXhU?authuser=0&hl=en&rclk=1",
        "state": "Haryana"
    },
    {
        "name": "UCO Bank",
        "url": "https://www.google.com/maps/place/UCO+Bank/data=!4m7!3m6!1s0x390cfabe6040ec07:0xacdb0246f588d3d8!8m2!3d28.65772!4d77.35944!16s%2Fg%2F1pp2vjjrs!19sChIJB-xAYL76DDkR2NOI9UYC26w?authuser=0&hl=en&rclk=1",
        "state": "Haryana"
    },
    {
        "name": "UCO Bank & ATM Jakhauli",
        "url": "https://www.google.com/maps/place/UCO+Bank+%26+ATM+Jakhauli/data=!4m7!3m6!1s0x390dacfecf889d05:0x2db91a9ff0d4c533!8m2!3d28.9329075!4d77.1522502!16s%2Fg%2F1hm4f9vl9!19sChIJBZ2Iz_6sDTkRM8XU8J8auS0?authuser=0&hl=en&rclk=1",
        "state": "Haryana"
    },
    {
        "name": "UCO Bank",
        "url": "https://www.google.com/maps/place/UCO+Bank/data=!4m7!3m6!1s0x390d018e614417ab:0x8eb3b76c1324756!8m2!3d28.72863!4d77.16605!16s%2Fg%2F11mfwvdk1d!19sChIJqxdEYY4BDTkRVkcywXY76wg?authuser=0&hl=en&rclk=1",
        "state": "Haryana"
    },
    {
        "name": "UCO Bank",
        "url": "https://www.google.com/maps/place/UCO+Bank/data=!4m7!3m6!1s0x390cfc9d47493bf9:0x97fb195a01296a64!8m2!3d28.6603298!4d77.2830129!16s%2Fg%2F1pp2vdftc!19sChIJ-TtJR538DDkRZGopAVoZ-5c?authuser=0&hl=en&rclk=1",
        "state": "Haryana"
    },
    {
        "name": "UCO Bank",
        "url": "https://www.google.com/maps/place/UCO+Bank/data=!4m7!3m6!1s0x39f89f46882ba859:0xec5ebc9aa18bc72d!8m2!3d22.693125!4d88.464699!16s%2Fg%2F12lw8rw5_!19sChIJWagriEaf-DkRLceLoZq8Xuw?authuser=0&hl=en&rclk=1",
        "state": "Haryana"
    },
    {
        "name": "UCO Bank",
        "url": "https://www.google.com/maps/place/UCO+Bank/data=!4m7!3m6!1s0x390d031358d8d03f:0x8529cbc685ae93c0!8m2!3d28.6435065!4d77.1263733!16s%2Fg%2F11gddmvpp_!19sChIJP9DYWBMDDTkRwJOuhcbLKYU?authuser=0&hl=en&rclk=1",
        "state": "Haryana"
    },
    {
        "name": "UCO Bank",
        "url": "https://www.google.com/maps/place/UCO+Bank/data=!4m7!3m6!1s0x390d03aea657adf3:0x3a0bd18a9ec68bd9!8m2!3d28.6686864!4d77.1426294!16s%2Fg%2F1hd_4lfvp!19sChIJ861Xpq4DDTkR2YvGnorRCzo?authuser=0&hl=en&rclk=1",
        "state": "Haryana"
    },
    {
        "name": "UCO Bank",
        "url": "https://www.google.com/maps/place/UCO+Bank/data=!4m7!3m6!1s0x390d0157cc687e8b:0xea9991968c3904f7!8m2!3d28.7060855!4d77.1113196!16s%2Fg%2F124sr0wxx!19sChIJi35ozFcBDTkR9wQ5jJaRmeo?authuser=0&hl=en&rclk=1",
        "state": "Haryana"
    },
    {
        "name": "UCO Bank",
        "url": "https://www.google.com/maps/place/UCO+Bank/data=!4m7!3m6!1s0x390cfb4e8bd1705b:0x3e80e9677cf0c7f!8m2!3d28.6547069!4d77.2961341!16s%2Fg%2F11mfwr84hl!19sChIJW3DRi077DDkRfwzPd5YO6AM?authuser=0&hl=en&rclk=1",
        "state": "Haryana"
    },
    {
        "name": "UCO Bank",
        "url": "https://www.google.com/maps/place/UCO+Bank/data=!4m7!3m6!1s0x390d030f6f6e81fd:0xba4ee1185e84568f!8m2!3d28.6538849!4d77.1360326!16s%2Fg%2F1pp2tx1y9!19sChIJ_YFubw8DDTkRj1aEXhjhTro?authuser=0&hl=en&rclk=1",
        "state": "Haryana"
    },
    {
        "name": "UCO Bank",
        "url": "https://www.google.com/maps/place/UCO+Bank/data=!4m7!3m6!1s0x390d030bd90234ff:0x881ebc4ada3ed9aa!8m2!3d28.64613!4d77.18995!16s%2Fg%2F11qjlmvhrx!19sChIJ_zQC2QsDDTkRqtk-2kq8Hog?authuser=0&hl=en&rclk=1",
        "state": "Haryana"
    },
    {
        "name": "UCO Bank",
        "url": "https://www.google.com/maps/place/UCO+Bank/data=!4m7!3m6!1s0x390d058cb94bf317:0xe213a4d95e6ad77f!8m2!3d28.6413922!4d77.0792691!16s%2Fg%2F11mfwyrkbh!19sChIJF_NLuYwFDTkRf9dqXtmkE-I?authuser=0&hl=en&rclk=1",
        "state": "Haryana"
    },
    {
        "name": "UCO Bank",
        "url": "https://www.google.com/maps/place/UCO+Bank/data=!4m7!3m6!1s0x390d024e89bc36bf:0x69e55da1b445ecf1!8m2!3d28.6782635!4d77.1552116!16s%2Fg%2F12hl4kcv0!19sChIJvza8iU4CDTkR8exFtKFd5Wk?authuser=0&hl=en&rclk=1",
        "state": "Haryana"
    },
    {
        "name": "UCO Bank",
        "url": "https://www.google.com/maps/place/UCO+Bank/data=!4m7!3m6!1s0x39f89ef6924a3023:0x620e0b4c18f53b3!8m2!3d22.6636639!4d88.4253414!16s%2Fg%2F1pzqk_k7l!19sChIJIzBKkvae-DkRs1OPwbTgIAY?authuser=0&hl=en&rclk=1",
        "state": "Haryana"
    },
    {
        "name": "UCO Bank",
        "url": "https://www.google.com/maps/place/UCO+Bank/data=!4m7!3m6!1s0x390d02a2e1a2b483:0x3192ed7d3b7653c3!8m2!3d28.6403732!4d77.1846014!16s%2Fg%2F124strs0w!19sChIJg7Si4aICDTkRw1N2O33tkjE?authuser=0&hl=en&rclk=1",
        "state": "Haryana"
    },
    {
        "name": "UCO Bank",
        "url": "https://www.google.com/maps/place/UCO+Bank/data=!4m7!3m6!1s0x390cef73cdaa6e1d:0xf20569657e0176cf!8m2!3d28.6257191!4d77.4090887!16s%2Fg%2F11qjlbfbjt!19sChIJHW6qzXPvDDkRz3YBfmVpBfI?authuser=0&hl=en&rclk=1",
        "state": "Haryana"
    },
    {
        "name": "UCO Bank",
        "url": "https://www.google.com/maps/place/UCO+Bank/data=!4m7!3m6!1s0x390cfde56dea5f33:0x9c78e8b5493f9b9!8m2!3d28.66345!4d77.25823!16s%2Fg%2F11mfwq77p8!19sChIJM1_qbeX9DDkRufmTVIuOxwk?authuser=0&hl=en&rclk=1",
        "state": "Haryana"
    },
    {
        "name": "UCO Bank",
        "url": "https://www.google.com/maps/place/UCO+Bank/data=!4m7!3m6!1s0x390cfd822e11b1e9:0x917ce22e32203234!8m2!3d28.6410155!4d77.2790845!16s%2Fg%2F11lq7t67qq!19sChIJ6bERLoL9DDkRNDIgMi7ifJE?authuser=0&hl=en&rclk=1",
        "state": "Haryana"
    },
    {
        "name": "UCO Bank",
        "url": "https://www.google.com/maps/place/UCO+Bank/data=!4m7!3m6!1s0x390cfd26c0bfcef9:0x63b491ea2d35898c!8m2!3d28.6410527!4d77.2361152!16s%2Fg%2F11cn9jpd3l!19sChIJ-c6_wCb9DDkRjIk1LeqRtGM?authuser=0&hl=en&rclk=1",
        "state": "Haryana"
    },
    {
        "name": "UCO Bank",
        "url": "https://www.google.com/maps/place/UCO+Bank/data=!4m7!3m6!1s0x390cfd179b7a4b03:0xa14646e9aa32dbed!8m2!3d28.6498576!4d77.2281673!16s%2Fg%2F1ptygrdvt!19sChIJA0t6mxf9DDkR7dsyqulGRqE?authuser=0&hl=en&rclk=1",
        "state": "Haryana"
    },
    {
        "name": "UCO Bank",
        "url": "https://www.google.com/maps/place/UCO+Bank/data=!4m7!3m6!1s0x390d02eac9f521db:0x19b01f2afad6c457!8m2!3d28.6445637!4d77.1765447!16s%2Fg%2F12lkry430!19sChIJ2yH1yeoCDTkRV8TW-iofsBk?authuser=0&hl=en&rclk=1",
        "state": "Haryana"
    },
    {
        "name": "UCO Bank",
        "url": "https://www.google.com/maps/place/UCO+Bank/data=!4m7!3m6!1s0x390d02031af6e96b:0x1166c3333d77e409!8m2!3d28.7070434!4d77.1845415!16s%2Fg%2F1hm5dg7b0!19sChIJa-n2GgMCDTkRCeR3PTPDZhE?authuser=0&hl=en&rclk=1",
        "state": "Haryana"
    },
    {
        "name": "UCO Bank",
        "url": "https://www.google.com/maps/place/UCO+Bank/data=!4m7!3m6!1s0x3a0275e7f2151cd1:0x4bce6cc3274f6151!8m2!3d22.5888343!4d88.4102368!16s%2Fg%2F11bzsh2ng8!19sChIJ0RwV8ud1AjoRUWFPJ8Nszks?authuser=0&hl=en&rclk=1",
        "state": "Haryana"
    }
]