[
    {
        "name": "UCO Bank",
        "url": "https://www.google.com/maps/place/UCO+Bank/data=!4m7!3m6!1s0x3a28c2c4ffffffff:0xf60807aed7bc3df6!8m2!3d21.2378637!4d81.706949!16s%2Fg%2F11b7xf_2__!19sChIJ_____8TCKDoR9j28164HCPY?authuser=0&hl=en&rclk=1",
        "state": "Chhattisgarh"
    },
    {
        "name": "UCO Bank - Jashpur Branch",
        "url": "https://www.google.com/maps/place/UCO+Bank+-+Jashpur+Branch/data=!4m7!3m6!1s0x398a67846a6576c5:0x407c7720159125c1!8m2!3d22.8852928!4d84.137042!16s%2Fg%2F11c60plxkm!19sChIJxXZlaoRnijkRwSWRFSB3fEA?authuser=0&hl=en&rclk=1",
        "state": "Chhattisgarh"
    },
    {
        "name": "UCO Bank - Nardaha Branch",
        "url": "https://www.google.com/maps/place/UCO+Bank+-+Nardaha+Branch/data=!4m7!3m6!1s0x3a28e9c9a56cd71d:0x48ffccf0d491e4b4!8m2!3d21.2939512!4d81.7423817!16s%2Fg%2F11g87bn45t!19sChIJHddspcnpKDoRtOSR1PDM_0g?authuser=0&hl=en&rclk=1",
        "state": "Chhattisgarh"
    },
    {
        "name": "UCO Bank",
        "url": "https://www.google.com/maps/place/UCO+Bank/data=!4m7!3m6!1s0x3a280b17a8de7f4f:0x832c3cba2803c436!8m2!3d22.0768358!4d82.1582999!16s%2Fg%2F11fy93b1tw!19sChIJT3_eqBcLKDoRNsQDKLo8LIM?authuser=0&hl=en&rclk=1",
        "state": "Chhattisgarh"
    },
    {
        "name": "UCO Bank - Raigarh Branch",
        "url": "https://www.google.com/maps/place/UCO+Bank+-+Raigarh+Branch/data=!4m7!3m6!1s0x3a2725304f8d32c9:0x8f5a27ac0da002ad!8m2!3d21.905419!4d83.3914629!16s%2Fg%2F11c44prgvp!19sChIJyTKNTzAlJzoRrQKgDawnWo8?authuser=0&hl=en&rclk=1",
        "state": "Chhattisgarh"
    },
    {
        "name": "UCO Bank - Dhamtari Branch",
        "url": "https://www.google.com/maps/place/UCO+Bank+-+Dhamtari+Branch/data=!4m7!3m6!1s0x3a2f285bf7b62511:0x2e7e21fe2795f856!8m2!3d20.725019!4d81.5532831!16s%2Fg%2F11c32840bq!19sChIJESW291soLzoRVviVJ_4hfi4?authuser=0&hl=en&rclk=1",
        "state": "Chhattisgarh"
    },
    {
        "name": "UCO Bank",
        "url": "https://www.google.com/maps/place/UCO+Bank/data=!4m7!3m6!1s0x3a280c8225aa0cbf:0x308c0ac103b8f494!8m2!3d22.0897103!4d82.1260987!16s%2Fg%2F11cn7h023t!19sChIJvwyqJYIMKDoRlPS4A8EKjDA?authuser=0&hl=en&rclk=1",
        "state": "Chhattisgarh"
    },
    {
        "name": "UCO Bank, Agarkhar Branch",
        "url": "https://www.google.com/maps/place/UCO+Bank,+Agarkhar+Branch/data=!4m7!3m6!1s0x3a2789f74dfb464d:0xfcd7ec16472968ca!8m2!3d22.4172291!4d82.6651988!16s%2Fg%2F11f72_7t72!19sChIJTUb7TfeJJzoRymgpRxbs1_w?authuser=0&hl=en&rclk=1",
        "state": "Chhattisgarh"
    },
    {
        "name": "UCO Bank bilaspur",
        "url": "https://www.google.com/maps/place/UCO+Bank+bilaspur/data=!4m7!3m6!1s0x3a2854bc60eba25b:0x2ad26f09ca9e09a7!8m2!3d21.7203733!4d81.5334882!16s%2Fg%2F11cs619ly9!19sChIJW6LrYLxUKDoRpwmeyglv0io?authuser=0&hl=en&rclk=1",
        "state": "Chhattisgarh"
    },
    {
        "name": "UCO Bank",
        "url": "https://www.google.com/maps/place/UCO+Bank/data=!4m7!3m6!1s0x3a27dee4675bcdb3:0xe8c74d1305d3cd8f!8m2!3d21.99293!4d82.265095!16s%2Fg%2F11g6xrf6nv!19sChIJs81bZ-TeJzoRj83TBRNNx-g?authuser=0&hl=en&rclk=1",
        "state": "Chhattisgarh"
    },
    {
        "name": "UCO Bank",
        "url": "https://www.google.com/maps/place/UCO+Bank/data=!4m7!3m6!1s0x3a2880962cc9977d:0x6b00bc2a1da840da!8m2!3d21.6562684!4d82.1500379!16s%2Fg%2F11bwl3ykf9!19sChIJfZfJLJaAKDoR2kCoHSq8AGs?authuser=0&hl=en&rclk=1",
        "state": "Chhattisgarh"
    },
    {
        "name": "UCO Bank - Balod Branch",
        "url": "https://www.google.com/maps/place/UCO+Bank+-+Balod+Branch/data=!4m7!3m6!1s0x3a2ec9ac3115f0f7:0x9f95f36e091b3a80!8m2!3d20.725173!4d81.2073709!16s%2Fg%2F11bv6pl2yy!19sChIJ9_AVMazJLjoRgDobCW7zlZ8?authuser=0&hl=en&rclk=1",
        "state": "Chhattisgarh"
    },
    {
        "name": "UCO Bank",
        "url": "https://www.google.com/maps/place/UCO+Bank/data=!4m7!3m6!1s0x3a293c456ef6ee8d:0x7e734c3764375254!8m2!3d21.2063171!4d81.348226!16s%2Fg%2F1x5qr666!19sChIJje72bkU8KToRVFI3ZDdMc34?authuser=0&hl=en&rclk=1",
        "state": "Chhattisgarh"
    },
    {
        "name": "UCO Bank",
        "url": "https://www.google.com/maps/place/UCO+Bank/data=!4m7!3m6!1s0x3a28dda33fa0585d:0x3169633f99d9949e!8m2!3d21.2230535!4d81.6610767!16s%2Fg%2F11tnfxypq8!19sChIJXVigP6PdKDoRnpTZmT9jaTE?authuser=0&hl=en&rclk=1",
        "state": "Chhattisgarh"
    },
    {
        "name": "UCO Bank",
        "url": "https://www.google.com/maps/place/UCO+Bank/data=!4m7!3m6!1s0x3a29231c7e4ff12b:0xacefebd7a9e9cea8!8m2!3d21.2009699!4d81.3700592!16s%2Fg%2F1tgvc0vw!19sChIJK_FPfhwjKToRqM7pqdfr76w?authuser=0&hl=en&rclk=1",
        "state": "Chhattisgarh"
    },
    {
        "name": "UCO Bank",
        "url": "https://www.google.com/maps/place/UCO+Bank/data=!4m7!3m6!1s0x3a28dd00a95712f3:0x6d1e55df606b762b!8m2!3d21.2261617!4d81.6476494!16s%2Fg%2F124yg69tt!19sChIJ8xJXqQDdKDoRK3ZrYN9VHm0?authuser=0&hl=en&rclk=1",
        "state": "Chhattisgarh"
    },
    {
        "name": "UCO Bank",
        "url": "https://www.google.com/maps/place/UCO+Bank/data=!4m7!3m6!1s0x3a2941aa86929397:0x2a6bd91945fa4d05!8m2!3d21.188794!4d81.1236229!16s%2Fg%2F11g1_8cgv3!19sChIJl5OShqpBKToRBU36RRnZayo?authuser=0&hl=en&rclk=1",
        "state": "Chhattisgarh"
    },
    {
        "name": "UCO Bank",
        "url": "https://www.google.com/maps/place/UCO+Bank/data=!4m7!3m6!1s0x3a278f33eb486cb1:0x326fad3d5849e276!8m2!3d22.3557029!4d82.7067458!16s%2Fg%2F11r9w3t3s!19sChIJsWxI6zOPJzoRduJJWD2tbzI?authuser=0&hl=en&rclk=1",
        "state": "Chhattisgarh"
    },
    {
        "name": "UCO Bank",
        "url": "https://www.google.com/maps/place/UCO+Bank/data=!4m7!3m6!1s0x3a27bf7f6174f029:0x76989b6d8ceb8bb3!8m2!3d22.0218729!4d82.5656592!16s%2Fg%2F11b7fzyqk6!19sChIJKfB0YX-_JzoRs4vrjG2bmHY?authuser=0&hl=en&rclk=1",
        "state": "Chhattisgarh"
    },
    {
        "name": "UCO Bank",
        "url": "https://www.google.com/maps/place/UCO+Bank/data=!4m7!3m6!1s0x3a2922dadf534e8d:0x5a9a54ee7d7b1a0e!8m2!3d21.2164189!4d81.3538164!16s%2Fg%2F1wc46dht!19sChIJjU5T39oiKToRDhp7fe5Umlo?authuser=0&hl=en&rclk=1",
        "state": "Chhattisgarh"
    },
    {
        "name": "UCO Bank",
        "url": "https://www.google.com/maps/place/UCO+Bank/data=!4m7!3m6!1s0x3a28f2230cd54d25:0x6777f568fc4234d5!8m2!3d21.4922939!4d81.7874136!16s%2Fg%2F11fz8vb2lb!19sChIJJU3VDCPyKDoR1TRC_Gj1d2c?authuser=0&hl=en&rclk=1",
        "state": "Chhattisgarh"
    },
    {
        "name": "UCO Bank",
        "url": "https://www.google.com/maps/place/UCO+Bank/data=!4m7!3m6!1s0x3a292335d189b963:0x514d077a78eb782a!8m2!3d21.1842451!4d81.3449397!16s%2Fg%2F1tfzf5bg!19sChIJY7mJ0TUjKToRKnjreHoHTVE?authuser=0&hl=en&rclk=1",
        "state": "Chhattisgarh"
    },
    {
        "name": "UCO Bank",
        "url": "https://www.google.com/maps/place/UCO+Bank/data=!4m7!3m6!1s0x3a28a58fb68490ab:0xdadaeac05896bd1d!8m2!3d21.1103884!4d82.097532!16s%2Fg%2F11gf3xnzv6!19sChIJq5CEto-lKDoRHb2WWMDq2to?authuser=0&hl=en&rclk=1",
        "state": "Chhattisgarh"
    },
    {
        "name": "UCO Bank",
        "url": "https://www.google.com/maps/place/UCO+Bank/data=!4m7!3m6!1s0x3a28734e4add9599:0x78299c60ea345f8f!8m2!3d22.0394439!4d82.1154116!16s%2Fg%2F11dxst830h!19sChIJmZXdSk5zKDoRj1806mCcKXg?authuser=0&hl=en&rclk=1",
        "state": "Chhattisgarh"
    },
    {
        "name": "UCO Bank - Mungeli Branch",
        "url": "https://www.google.com/maps/place/UCO+Bank+-+Mungeli+Branch/data=!4m7!3m6!1s0x3a28378759c707d9:0x9967cda5ce7e11a4!8m2!3d22.0679466!4d81.6909313!16s%2Fg%2F11bwn38z1r!19sChIJ2QfHWYc3KDoRpBF-zqXNZ5k?authuser=0&hl=en&rclk=1",
        "state": "Chhattisgarh"
    },
    {
        "name": "UCO Bank",
        "url": "https://www.google.com/maps/place/UCO+Bank/data=!4m7!3m6!1s0x3a280b03d7701699:0xc41fe75c5f49ab89!8m2!3d22.0633792!4d82.1550345!16s%2Fg%2F11k44r_18_!19sChIJmRZw1wMLKDoRiatJX1znH8Q?authuser=0&hl=en&rclk=1",
        "state": "Chhattisgarh"
    },
    {
        "name": "UCO Bank",
        "url": "https://www.google.com/maps/place/UCO+Bank/data=!4m7!3m6!1s0x3a2883a96eb74343:0x3e50173f755db618!8m2!3d21.5337569!4d82.1649933!16s%2Fg%2F1pzr2w0yw!19sChIJQ0O3bqmDKDoRGLZddT8XUD4?authuser=0&hl=en&rclk=1",
        "state": "Chhattisgarh"
    },
    {
        "name": "UCO Bank",
        "url": "https://www.google.com/maps/place/UCO+Bank/data=!4m7!3m6!1s0x3a28dde5afe2a59b:0x112e322150f82a3!8m2!3d21.2446743!4d81.635215!16s%2Fg%2F11j7cw8c9x!19sChIJm6Xir-XdKDoRo4IPFSLjEgE?authuser=0&hl=en&rclk=1",
        "state": "Chhattisgarh"
    }
]