[
    {
        "name": "UCO Bank",
        "url": "https://www.google.com/maps/place/UCO+Bank/data=!4m7!3m6!1s0x3a396986a7e22839:0x1334299d81b0677c!8m2!3d17.6855907!4d83.2123571!16s%2Fg%2F11lq7vrv2k!19sChIJOSjip4ZpOToRfGewgZ0pNBM?authuser=0&hl=en&rclk=1",
        "state": "Andhra Pradesh"
    },
    {
        "name": "UCO Bank",
        "url": "https://www.google.com/maps/place/UCO+Bank/data=!4m7!3m6!1s0x3a39433b6332a0dd:0xda8b39fc3fc21030!8m2!3d17.7271549!4d83.3060914!16s%2Fg%2F1td5djys!19sChIJ3aAyYztDOToRMBDCP_w5i9o?authuser=0&hl=en&rclk=1",
        "state": "Andhra Pradesh"
    },
    {
        "name": "UCO Bank",
        "url": "https://www.google.com/maps/place/UCO+Bank/data=!4m7!3m6!1s0x3a4a7544bc196a79:0x43c92f42b3b706d2!8m2!3d16.3045962!4d80.4391946!16s%2Fg%2F11r9rkzl_!19sChIJeWoZvER1SjoR0ga3s0IvyUM?authuser=0&hl=en&rclk=1",
        "state": "Andhra Pradesh"
    },
    {
        "name": "UCO Bank",
        "url": "https://www.google.com/maps/place/UCO+Bank/data=!4m7!3m6!1s0x3a396f6ad83ed3cd:0x27c24ec69c04959!8m2!3d17.6508224!4d83.1615808!16s%2Fg%2F11mfwqycc4!19sChIJzdM-2GpvOToRWUnAaewkfAI?authuser=0&hl=en&rclk=1",
        "state": "Andhra Pradesh"
    },
    {
        "name": "UCO Bank",
        "url": "https://www.google.com/maps/place/UCO+Bank/data=!4m7!3m6!1s0x3a3bd43d3f32f7f7:0xabb2d645ea9d62b2!8m2!3d17.99055!4d82.9815502!16s%2Fg%2F11f2wcv4zw!19sChIJ9_cyPz3UOzoRsmKd6kXWsqs?authuser=0&hl=en&rclk=1",
        "state": "Andhra Pradesh"
    },
    {
        "name": "UCO Bank",
        "url": "https://www.google.com/maps/place/UCO+Bank/data=!4m7!3m6!1s0x3a4a0955b5314f2d:0x3495d58374b9d1ea!8m2!3d16.2333926!4d80.5465972!16s%2Fg%2F11by_n5pk0!19sChIJLU8xtVUJSjoR6tG5dIPVlTQ?authuser=0&hl=en&rclk=1",
        "state": "Andhra Pradesh"
    },
    {
        "name": "UCO Bank",
        "url": "https://www.google.com/maps/place/UCO+Bank/data=!4m7!3m6!1s0x3a3be54fc3c22a4d:0x8dd51af5db738da4!8m2!3d18.1124164!4d83.4125!16s%2Fg%2F11ygt7cms!19sChIJTSrCw0_lOzoRpI1z2_Ua1Y0?authuser=0&hl=en&rclk=1",
        "state": "Andhra Pradesh"
    },
    {
        "name": "UCO Bank",
        "url": "https://www.google.com/maps/place/UCO+Bank/data=!4m7!3m6!1s0x3a35faaf44f6696d:0x245e8285f75c00ad!8m2!3d16.5022119!4d80.6391689!16s%2Fg%2F1q62f6g95!19sChIJbWn2RK_6NToRrQBc94WCXiQ?authuser=0&hl=en&rclk=1",
        "state": "Andhra Pradesh"
    },
    {
        "name": "UCO Bank",
        "url": "https://www.google.com/maps/place/UCO+Bank/data=!4m7!3m6!1s0x3a3970de2f1f3925:0x12595fed65da68b0!8m2!3d17.6902988!4d83.0140516!16s%2Fg%2F12627rxhv!19sChIJJTkfL95wOToRsGjaZe1fWRI?authuser=0&hl=en&rclk=1",
        "state": "Andhra Pradesh"
    },
    {
        "name": "UCO Bank",
        "url": "https://www.google.com/maps/place/UCO+Bank/data=!4m7!3m6!1s0x3a3c151c0db91c39:0xb9fc0ed8662b3b9f!8m2!3d18.2993063!4d83.8944522!16s%2Fg%2F11c5bjhrhy!19sChIJORy5DRwVPDoRnzsrZtgO_Lk?authuser=0&hl=en&rclk=1",
        "state": "Andhra Pradesh"
    },
    {
        "name": "UCO Bank",
        "url": "https://www.google.com/maps/place/UCO+Bank/data=!4m7!3m6!1s0x3a37b4b7fcc2457f:0x2fcbed493684e14e!8m2!3d16.8083528!4d81.5261215!16s%2Fg%2F11g6xrb7qz!19sChIJf0XC_Le0NzoRTuGENkntyy8?authuser=0&hl=en&rclk=1",
        "state": "Andhra Pradesh"
    },
    {
        "name": "UCO Bank",
        "url": "https://www.google.com/maps/place/UCO+Bank/data=!4m7!3m6!1s0x3a4b01a9d834ab1b:0x16aa5ef2d5becba!8m2!3d15.5099118!4d80.0458744!16s%2Fg%2F124yn5zw8!19sChIJG6s02KkBSzoRuuxbLe-lagE?authuser=0&hl=en&rclk=1",
        "state": "Andhra Pradesh"
    },
    {
        "name": "UCO Bank",
        "url": "https://www.google.com/maps/place/UCO+Bank/data=!4m7!3m6!1s0x3a4a757d27b9f683:0x91b5de8ce6ee6377!8m2!3d16.3138488!4d80.4207071!16s%2Fg%2F1hcb5zhww!19sChIJg_a5J311SjoRd2Pu5ozetZE?authuser=0&hl=en&rclk=1",
        "state": "Andhra Pradesh"
    },
    {
        "name": "UCO Bank",
        "url": "https://www.google.com/maps/place/UCO+Bank/data=!4m7!3m6!1s0x3a3942676362910b:0x7e55903525d2442!8m2!3d17.6880685!4d83.271672!16s%2Fg%2F11gb3smv3n!19sChIJC5FiY2dCOToRQiRdUgNZ5Qc?authuser=0&hl=en&rclk=1",
        "state": "Andhra Pradesh"
    },
    {
        "name": "UCO Bank",
        "url": "https://www.google.com/maps/place/UCO+Bank/data=!4m7!3m6!1s0x3a35e5003e8c3f73:0x7e9aca7f82726c2c!8m2!3d16.5149973!4d80.6360994!16s%2Fg%2F11vt6tt6xb!19sChIJcz-MPgDlNToRLGxygn_Kmn4?authuser=0&hl=en&rclk=1",
        "state": "Andhra Pradesh"
    },
    {
        "name": "UCO Bank",
        "url": "https://www.google.com/maps/place/UCO+Bank/data=!4m7!3m6!1s0x3a382874ab346871:0xcb17fbda9980e9a8!8m2!3d16.9591523!4d82.2366085!16s%2Fg%2F1hm2q1zm5!19sChIJcWg0q3QoODoRqOmAmdr7F8s?authuser=0&hl=en&rclk=1",
        "state": "Andhra Pradesh"
    },
    {
        "name": "UCO Bank",
        "url": "https://www.google.com/maps/place/UCO+Bank/data=!4m7!3m6!1s0x3a37a3f5a56d0573:0xd1013bf6b527c505!8m2!3d17.0094159!4d81.7805178!16s%2Fg%2F1tlgwcrn!19sChIJcwVtpfWjNzoRBcUntfY7AdE?authuser=0&hl=en&rclk=1",
        "state": "Andhra Pradesh"
    },
    {
        "name": "UCO Bank",
        "url": "https://www.google.com/maps/place/UCO+Bank/data=!4m7!3m6!1s0x3a3943aee57feccf:0x3df308d478d8ba82!8m2!3d17.6812608!4d83.2617879!16s%2Fg%2F11kbrrrpm1!19sChIJz-x_5a5DOToRgrrYeNQI8z0?authuser=0&hl=en&rclk=1",
        "state": "Andhra Pradesh"
    },
    {
        "name": "UCO Bank",
        "url": "https://www.google.com/maps/place/UCO+Bank/data=!4m7!3m6!1s0x3a37556d5109a191:0x675857996cf7e4d8!8m2!3d17.8602181!4d82.1978436!16s%2Fg%2F11qjlb1p1b!19sChIJkaEJUW1VNzoR2OT3bJlXWGc?authuser=0&hl=en&rclk=1",
        "state": "Andhra Pradesh"
    },
    {
        "name": "UCO Bank - Hanuman Junction Branch",
        "url": "https://www.google.com/maps/place/UCO+Bank+-+Hanuman+Junction+Branch/data=!4m7!3m6!1s0x3a360de8de9e7d29:0xca7d960881772648!8m2!3d16.6352874!4d80.969423!16s%2Fg%2F11b7tq0z65!19sChIJKX2e3ugNNjoRSCZ3gQiWfco?authuser=0&hl=en&rclk=1",
        "state": "Andhra Pradesh"
    },
    {
        "name": "UCO Bank",
        "url": "https://www.google.com/maps/place/UCO+Bank/data=!4m7!3m6!1s0x3a35f147f6e4e687:0x507f4c7a74bd1ff5!8m2!3d16.4289981!4d80.565842!16s%2Fg%2F1q6789qss!19sChIJh-bk9kfxNToR9R-9dHpMf1A?authuser=0&hl=en&rclk=1",
        "state": "Andhra Pradesh"
    },
    {
        "name": "UCO Bank",
        "url": "https://www.google.com/maps/place/UCO+Bank/data=!4m7!3m6!1s0x3a4c8cb7ecb7e955:0x80cb2dfce3450202!8m2!3d14.4545771!4d79.9877268!16s%2Fg%2F11cltkvbwt!19sChIJVem37LeMTDoRAgJF4_wty4A?authuser=0&hl=en&rclk=1",
        "state": "Andhra Pradesh"
    },
    {
        "name": "UCO Bank",
        "url": "https://www.google.com/maps/place/UCO+Bank/data=!4m7!3m6!1s0x3a35ff93d49e614b:0x5fad4559af445e77!8m2!3d16.3474542!4d80.7827346!16s%2Fg%2F11g8yflcxz!19sChIJS2Ge1JP_NToRd15Er1lFrV8?authuser=0&hl=en&rclk=1",
        "state": "Andhra Pradesh"
    },
    {
        "name": "UCO Bank",
        "url": "https://www.google.com/maps/place/UCO+Bank/data=!4m7!3m6!1s0x3bb3720c46d944bf:0xd6dd2bc677db78b9!8m2!3d14.4656953!4d78.8307694!16s%2Fg%2F1hhn6jjfd!19sChIJv0TZRgxyszsRuXjbd8Yr3dY?authuser=0&hl=en&rclk=1",
        "state": "Andhra Pradesh"
    },
    {
        "name": "UCO Bank - Anantavaram Branch",
        "url": "https://www.google.com/maps/place/UCO+Bank+-+Anantavaram+Branch/data=!4m7!3m6!1s0x3a3592981bd9aa09:0x58f4ebffec0b56bd!8m2!3d16.5147118!4d80.431621!16s%2Fg%2F11c58kq0hq!19sChIJCarZG5iSNToRvVYL7P_r9Fg?authuser=0&hl=en&rclk=1",
        "state": "Andhra Pradesh"
    },
    {
        "name": "UCO Bank",
        "url": "https://www.google.com/maps/place/UCO+Bank/data=!4m7!3m6!1s0x3a3614cf409161d5:0x4645536d3d65e26d!8m2!3d16.7093365!4d81.1069891!16s%2Fg%2F11c75pk0qr!19sChIJ1WGRQM8UNjoRbeJlPW1TRUY?authuser=0&hl=en&rclk=1",
        "state": "Andhra Pradesh"
    },
    {
        "name": "UCO Bank",
        "url": "https://www.google.com/maps/place/UCO+Bank/data=!4m7!3m6!1s0x3a35914434307a07:0x9bc3cb8fe6d9b444!8m2!3d16.5781687!4d80.350336!16s%2Fg%2F11dxkfh0zz!19sChIJB3owNESRNToRRLTZ5o_Lw5s?authuser=0&hl=en&rclk=1",
        "state": "Andhra Pradesh"
    },
    {
        "name": "UCO Bank",
        "url": "https://www.google.com/maps/place/UCO+Bank/data=!4m7!3m6!1s0x3a0275439a3339b3:0xd657b11b66a9982b!8m2!3d22.581091!4d88.440661!16s%2Fg%2F11mfwx57_k!19sChIJszkzmkN1AjoRK5ipZhuxV9Y?authuser=0&hl=en&rclk=1",
        "state": "Andhra Pradesh"
    },
    {
        "name": "UCO Bank",
        "url": "https://www.google.com/maps/place/UCO+Bank/data=!4m7!3m6!1s0x3a35ed388eb42b11:0xcc6decb36351347e!8m2!3d16.529596!4d80.4691745!16s%2Fg%2F11f403qzp0!19sChIJESu0jjjtNToRfjRRY7Psbcw?authuser=0&hl=en&rclk=1",
        "state": "Andhra Pradesh"
    }
]