[
    {
        "name": "UCO Bank Sector 35 Chandigarh",
        "url": "https://www.google.com/maps/place/UCO+Bank+Sector+35+Chandigarh/data=!4m7!3m6!1s0x390fedb10ff8201d:0xc95733546e9242f7!8m2!3d30.7266532!4d76.7576937!16s%2Fg%2F1td4snwq!19sChIJHSD4D7HtDzkR90KSblQzV8k?authuser=0&hl=en&rclk=1",
        "state": "Chandigarh"
    },
    {
        "name": "UCO Bank",
        "url": "https://www.google.com/maps/place/UCO+Bank/data=!4m7!3m6!1s0x390fede5df0e892f:0x9b663f9ad98af6e3!8m2!3d30.7443341!4d76.7435631!16s%2Fg%2F1pv0wy_29!19sChIJL4kO3-XtDzkR4_aK2Zo_Zps?authuser=0&hl=en&rclk=1",
        "state": "Chandigarh"
    },
    {
        "name": "UCO Bank - Behlana Branch",
        "url": "https://www.google.com/maps/place/UCO+Bank+-+Behlana+Branch/data=!4m7!3m6!1s0x390fec9fcd71fd8d:0x22ebdddc00094f49!8m2!3d30.6784948!4d76.8002141!16s%2Fg%2F11c2k87dtt!19sChIJjf1xzZ_sDzkRSU8JANzd6yI?authuser=0&hl=en&rclk=1",
        "state": "Chandigarh"
    },
    {
        "name": "UCO Bank",
        "url": "https://www.google.com/maps/place/UCO+Bank/data=!4m7!3m6!1s0x390ff29c20529329:0x41450445333ab7bf!8m2!3d30.7708205!4d76.7972151!16s%2Fg%2F1vkxkndc!19sChIJKZNSIJzyDzkRv7c6M0UERUE?authuser=0&hl=en&rclk=1",
        "state": "Chandigarh"
    },
    {
        "name": "UCO Bank ,Branch Manimajra",
        "url": "https://www.google.com/maps/place/UCO+Bank+,Branch+Manimajra/data=!4m7!3m6!1s0x390f936f59589963:0xef76b86a6b203dca!8m2!3d30.7201408!4d76.8328862!16s%2Fg%2F11g1vzjfky!19sChIJY5lYWW-TDzkRyj0ga2q4du8?authuser=0&hl=en&rclk=1",
        "state": "Chandigarh"
    },
    {
        "name": "UCO Bank",
        "url": "https://www.google.com/maps/place/UCO+Bank/data=!4m7!3m6!1s0x390fee702d03c131:0x155ef183a58f5066!8m2!3d30.7278295!4d76.7226081!16s%2Fg%2F1pv0252py!19sChIJMcEDLXDuDzkRZlCPpYPxXhU?authuser=0&hl=en&rclk=1",
        "state": "Chandigarh"
    }
]