[
    {
        "name": "UCO Bank",
        "url": "https://www.google.com/maps/place/UCO+Bank/data=!4m7!3m6!1s0x37507e8d8112637b:0x3885dc090e116343!8m2!3d25.5765986!4d91.8803655!16s%2Fg%2F1hm4f022x!19sChIJe2MSgY1-UDcRQ2MRDgnchTg?authuser=0&hl=en&rclk=1",
        "state": "Meghalaya"
    },
    {
        "name": "UCO Bank",
        "url": "https://www.google.com/maps/place/UCO+Bank/data=!4m7!3m6!1s0x37507ebb917f2b67:0xd68c75a33a6b94cb!8m2!3d25.5717295!4d91.8961458!16s%2Fg%2F1hm3sdlk0!19sChIJZyt_kbt-UDcRy5RrOqN1jNY?authuser=0&hl=en&rclk=1",
        "state": "Meghalaya"
    },
    {
        "name": "UCO Bank",
        "url": "https://www.google.com/maps/place/UCO+Bank/data=!4m7!3m6!1s0x3757f184d97b2f25:0x94b5e3d858af0955!8m2!3d25.5120109!4d90.2158636!16s%2Fg%2F11clyqv88l!19sChIJJS972YTxVzcRVQmvWNjjtZQ?authuser=0&hl=en&rclk=1",
        "state": "Meghalaya"
    },
    {
        "name": "UCO Bank",
        "url": "https://www.google.com/maps/place/UCO+Bank/data=!4m7!3m6!1s0x375a890c4ac37b2f:0x10f0c3c300d14d0a!8m2!3d25.9069763!4d91.8781318!16s%2Fg%2F11f116bqz0!19sChIJL3vDSgyJWjcRCk3RAMPD8BA?authuser=0&hl=en&rclk=1",
        "state": "Meghalaya"
    },
    {
        "name": "UCO Bank - Basistha Branch",
        "url": "https://www.google.com/maps/place/UCO+Bank+-+Basistha+Branch/data=!4m7!3m6!1s0x375a58d614564e99:0x60bc6e9728cb0c48!8m2!3d26.1319859!4d91.7939054!16s%2Fg%2F11c48ngh1_!19sChIJmU5WFNZYWjcRSAzLKJduvGA?authuser=0&hl=en&rclk=1",
        "state": "Meghalaya"
    }
]