[
    {
        "name": "UCO Bank",
        "url": "https://www.google.com/maps/place/UCO+Bank/data=!4m7!3m6!1s0x39f89d3fbe44f577:0x6fd59fd5745848ac!8m2!3d22.6338608!4d88.3785022!16s%2Fg%2F11lq7wfyct!19sChIJd_VEvj-d-DkRrEhYdNWf1W8?authuser=0&hl=en&rclk=1",
        "state": "West Bengal"
    },
    {
        "name": "UCO Bank",
        "url": "https://www.google.com/maps/place/UCO+Bank/data=!4m7!3m6!1s0x3a027616103ac821:0xd6599653b86d42ab!8m2!3d22.6005176!4d88.3741629!16s%2Fg%2F1tfmg6vc!19sChIJIcg6EBZ2AjoRq0JtuFOWWdY?authuser=0&hl=en&rclk=1",
        "state": "West Bengal"
    },
    {
        "name": "UCO Bank",
        "url": "https://www.google.com/maps/place/UCO+Bank/data=!4m7!3m6!1s0x39f89d65ce931de9:0xa1a1a1d8c2f993b4!8m2!3d22.6209067!4d88.3488781!16s%2Fg%2F1v7pwx1t!19sChIJ6R2TzmWd-DkRtJP5wtihoaE?authuser=0&hl=en&rclk=1",
        "state": "West Bengal"
    },
    {
        "name": "UCO Bank",
        "url": "https://www.google.com/maps/place/UCO+Bank/data=!4m7!3m6!1s0x3a0277fe2fe8ca7f:0x85ee17e67b1d70dd!8m2!3d22.56584!4d88.35213!16s%2Fg%2F11l146l65r!19sChIJf8roL_53AjoR3XAde-YX7oU?authuser=0&hl=en&rclk=1",
        "state": "West Bengal"
    },
    {
        "name": "UCO Bank",
        "url": "https://www.google.com/maps/place/UCO+Bank/data=!4m7!3m6!1s0x3a027633a84aa81b:0xa18d82df89449485!8m2!3d22.5958707!4d88.3652905!16s%2Fg%2F1q62cg81k!19sChIJG6hKqDN2AjoRhZREid-CjaE?authuser=0&hl=en&rclk=1",
        "state": "West Bengal"
    },
    {
        "name": "UCO Bank",
        "url": "https://www.google.com/maps/place/UCO+Bank/data=!4m7!3m6!1s0x39f89d13c9a88daf:0xbbdf3d59f00543ff!8m2!3d22.639601!4d88.348188!16s%2Fg%2F11clvsyrsj!19sChIJr42oyROd-DkR_0MF8Fk937s?authuser=0&hl=en&rclk=1",
        "state": "West Bengal"
    },
    {
        "name": "UCO Bank",
        "url": "https://www.google.com/maps/place/UCO+Bank/data=!4m7!3m6!1s0x3a02761b59a3a2e7:0x31e0c9ba7e7bc673!8m2!3d22.6071781!4d88.3860426!16s%2Fg%2F1w0h5y9s!19sChIJ56KjWRt2AjoRc8Z7frrJ4DE?authuser=0&hl=en&rclk=1",
        "state": "West Bengal"
    },
    {
        "name": "UCO Bank",
        "url": "https://www.google.com/maps/place/UCO+Bank/data=!4m7!3m6!1s0x3a02777765c450d9:0x40468ae4120430ad!8m2!3d22.59556!4d88.374748!16s%2Fg%2F1tg6hzhh!19sChIJ2VDEZXd3AjoRrTAEEuSKRkA?authuser=0&hl=en&rclk=1",
        "state": "West Bengal"
    },
    {
        "name": "UCO Bank",
        "url": "https://www.google.com/maps/place/UCO+Bank/data=!4m7!3m6!1s0x39f89d0001d88203:0x1ec629099c1aed7c!8m2!3d22.659102!4d88.362558!16s%2Fg%2F11g5_4wkv_!19sChIJA4LYAQCd-DkRfO0anAkpxh4?authuser=0&hl=en&rclk=1",
        "state": "West Bengal"
    },
    {
        "name": "UCO Bank",
        "url": "https://www.google.com/maps/place/UCO+Bank/data=!4m7!3m6!1s0x3a027647ffa4ee37:0x3ebb10c22ecbf4e4!8m2!3d22.5902042!4d88.36348!16s%2Fg%2F11c5s2zrkz!19sChIJN-6k_0d2AjoR5PTLLsIQuz4?authuser=0&hl=en&rclk=1",
        "state": "West Bengal"
    },
    {
        "name": "UCO Bank",
        "url": "https://www.google.com/maps/place/UCO+Bank/data=!4m7!3m6!1s0x3a0270d1c5eb3e8f:0x346cf7a79474569d!8m2!3d22.5741389!4d88.3516992!16s%2Fg%2F11bzs3dh_6!19sChIJjz7rxdFwAjoRnVZ0lKf3bDQ?authuser=0&hl=en&rclk=1",
        "state": "West Bengal"
    },
    {
        "name": "UCO Bank",
        "url": "https://www.google.com/maps/place/UCO+Bank/data=!4m7!3m6!1s0x3a0277ab9f1dada3:0xaaecf755fddab09d!8m2!3d22.56734!4d88.36038!16s%2Fg%2F1vtzfmw0!19sChIJo60dn6t3AjoRnbDa_VX37Ko?authuser=0&hl=en&rclk=1",
        "state": "West Bengal"
    },
    {
        "name": "UCO Bank",
        "url": "https://www.google.com/maps/place/UCO+Bank/data=!4m7!3m6!1s0x3a0275e7f2151cd1:0x4bce6cc3274f6151!8m2!3d22.5888343!4d88.4102368!16s%2Fg%2F11bzsh2ng8!19sChIJ0RwV8ud1AjoRUWFPJ8Nszks?authuser=0&hl=en&rclk=1",
        "state": "West Bengal"
    },
    {
        "name": "UCO Bank",
        "url": "https://www.google.com/maps/place/UCO+Bank/data=!4m7!3m6!1s0x3a0277e7660c5cef:0x20a9a1792a4930b6!8m2!3d22.6047124!4d88.3430812!16s%2Fg%2F11c1qc583k!19sChIJ71wMZud3AjoRtjBJKnmhqSA?authuser=0&hl=en&rclk=1",
        "state": "West Bengal"
    },
    {
        "name": "UCO Bank",
        "url": "https://www.google.com/maps/place/UCO+Bank/data=!4m7!3m6!1s0x39f89d1901754d37:0x80dcd92c93b77732!8m2!3d22.6504872!4d88.3458646!16s%2Fg%2F11c1nxks57!19sChIJN011ARmd-DkRMne3kyzZ3IA?authuser=0&hl=en&rclk=1",
        "state": "West Bengal"
    },
    {
        "name": "UCO Bank",
        "url": "https://www.google.com/maps/place/UCO+Bank/data=!4m7!3m6!1s0x39f88256e2b41c7d:0xb1b3fd145dfb5357!8m2!3d22.649583!4d88.281964!16s%2Fg%2F11c617jwtz!19sChIJfRy04laC-DkRV1P7XRT9s7E?authuser=0&hl=en&rclk=1",
        "state": "West Bengal"
    },
    {
        "name": "UCO Bank",
        "url": "https://www.google.com/maps/place/UCO+Bank/data=!4m7!3m6!1s0x3a02762d401ea8f7:0xadeda89c79642282!8m2!3d22.6011315!4d88.3639471!16s%2Fg%2F11cs17sz2f!19sChIJ96geQC12AjoRgiJkeZyo7a0?authuser=0&hl=en&rclk=1",
        "state": "West Bengal"
    },
    {
        "name": "UCO Bank",
        "url": "https://www.google.com/maps/place/UCO+Bank/data=!4m7!3m6!1s0x3a02763124508223:0xd8a7b2ce04f47975!8m2!3d22.5943388!4d88.3694484!16s%2Fg%2F1q5bln2fj!19sChIJI4JQJDF2AjoRdXn0BM6yp9g?authuser=0&hl=en&rclk=1",
        "state": "West Bengal"
    },
    {
        "name": "UCO Bank",
        "url": "https://www.google.com/maps/place/UCO+Bank/data=!4m7!3m6!1s0x3a0277fbda1df0b5:0x9308f4527dd2bdf5!8m2!3d22.6026554!4d88.3290403!16s%2Fg%2F11cp5g443p!19sChIJtfAd2vt3AjoR9b3SfVL0CJM?authuser=0&hl=en&rclk=1",
        "state": "West Bengal"
    },
    {
        "name": "UCO Bank",
        "url": "https://www.google.com/maps/place/UCO+Bank/data=!4m7!3m6!1s0x3a0277c88ad8a20b:0xfe84e20f47dc9cd5!8m2!3d22.5943873!4d88.3858775!16s%2Fg%2F1hjgr765x!19sChIJC6LYish3AjoR1ZzcRw_ihP4?authuser=0&hl=en&rclk=1",
        "state": "West Bengal"
    },
    {
        "name": "UCO Bank",
        "url": "https://www.google.com/maps/place/UCO+Bank/data=!4m7!3m6!1s0x3a0275d1fa9df37b:0x547e7902b7a431fc!8m2!3d22.571188!4d88.410562!16s%2Fg%2F11c1x4dhth!19sChIJe_Od-tF1AjoR_DGktwJ5flQ?authuser=0&hl=en&rclk=1",
        "state": "West Bengal"
    },
    {
        "name": "UCO Bank",
        "url": "https://www.google.com/maps/place/UCO+Bank/data=!4m7!3m6!1s0x3a02760054774859:0x8aaf44d7888454cb!8m2!3d22.6092573!4d88.3992959!16s%2Fg%2F1hm48x7fh!19sChIJWUh3VAB2AjoRy1SEiNdEr4o?authuser=0&hl=en&rclk=1",
        "state": "West Bengal"
    },
    {
        "name": "UCO Bank",
        "url": "https://www.google.com/maps/place/UCO+Bank/data=!4m7!3m6!1s0x3a02716a05c63eef:0xde349ed0dc3f148d!8m2!3d22.5556905!4d88.3905676!16s%2Fg%2F1q67r8zl5!19sChIJ7z7GBWpxAjoRjRQ_3NCeNN4?authuser=0&hl=en&rclk=1",
        "state": "West Bengal"
    },
    {
        "name": "UCO Bank",
        "url": "https://www.google.com/maps/place/UCO+Bank/data=!4m7!3m6!1s0x3a02766eed3c7c35:0x4cd80892dd4e0205!8m2!3d22.5861351!4d88.3604082!16s%2Fg%2F1tk6tb30!19sChIJNXw87W52AjoRBQJO3ZII2Ew?authuser=0&hl=en&rclk=1",
        "state": "West Bengal"
    },
    {
        "name": "UCO Bank",
        "url": "https://www.google.com/maps/place/UCO+Bank/data=!4m7!3m6!1s0x3a0277a9203f6207:0x8a222d97ec3adb35!8m2!3d22.56838!4d88.35762!16s%2Fg%2F1hm2rs8vg!19sChIJB2I_IKl3AjoRNds67JctIoo?authuser=0&hl=en&rclk=1",
        "state": "West Bengal"
    },
    {
        "name": "UCO Bank",
        "url": "https://www.google.com/maps/place/UCO+Bank/data=!4m7!3m6!1s0x39f89c7049311dff:0x5f713296d39e2177!8m2!3d22.7011894!4d88.3743549!16s%2Fg%2F1q6jf9n8f!19sChIJ_x0xSXCc-DkRdyGe05YycV8?authuser=0&hl=en&rclk=1",
        "state": "West Bengal"
    },
    {
        "name": "UCO Bank",
        "url": "https://www.google.com/maps/place/UCO+Bank/data=!4m7!3m6!1s0x3a02726136573861:0x9e42e16b839a917a!8m2!3d22.5734196!4d88.3741055!16s%2Fg%2F1tcvmplm!19sChIJYThXNmFyAjoRepGag2vhQp4?authuser=0&hl=en&rclk=1",
        "state": "West Bengal"
    },
    {
        "name": "UCO Bank",
        "url": "https://www.google.com/maps/place/UCO+Bank/data=!4m7!3m6!1s0x3a027714a13c5ed7:0xcfaa3aee55da07c1!8m2!3d22.5601728!4d88.3618054!16s%2Fg%2F1td5djsj!19sChIJ1148oRR3AjoRwQfaVe46qs8?authuser=0&hl=en&rclk=1",
        "state": "West Bengal"
    },
    {
        "name": "UCO Bank",
        "url": "https://www.google.com/maps/place/UCO+Bank/data=!4m7!3m6!1s0x39f882c33aeb2293:0x372b14c7c1a35582!8m2!3d22.6458892!4d88.3077862!16s%2Fg%2F11bxfq3fkd!19sChIJkyLrOsOC-DkRglWjwccUKzc?authuser=0&hl=en&rclk=1",
        "state": "West Bengal"
    },
    {
        "name": "UCO Bank",
        "url": "https://www.google.com/maps/place/UCO+Bank/data=!4m7!3m6!1s0x39f89e1f9bf1133d:0x707c31a73bea976d!8m2!3d22.6119418!4d88.4216407!16s%2Fg%2F11c1v92vjp!19sChIJPRPxmx-e-DkRbZfqO6cxfHA?authuser=0&hl=en&rclk=1",
        "state": "West Bengal"
    },
    {
        "name": "UCO Bank",
        "url": "https://www.google.com/maps/place/UCO+Bank/data=!4m7!3m6!1s0x3a027599774d31ff:0x5850a2042718429!8m2!3d22.593578!4d88.433008!16s%2Fg%2F11bbs2z6l4!19sChIJ_zFNd5l1AjoRKYRxQiAKhQU?authuser=0&hl=en&rclk=1",
        "state": "West Bengal"
    },
    {
        "name": "UCO Bank",
        "url": "https://www.google.com/maps/place/UCO+Bank/data=!4m7!3m6!1s0x3a02779c10a17ea3:0xadd051d05d4ec242!8m2!3d22.59551!4d88.32821!16s%2Fg%2F11bw643q3j!19sChIJo36hEJx3AjoRQsJOXdBR0K0?authuser=0&hl=en&rclk=1",
        "state": "West Bengal"
    },
    {
        "name": "UCO Bank",
        "url": "https://www.google.com/maps/place/UCO+Bank/data=!4m7!3m6!1s0x3a0275b81f3b1489:0x9ba977757d67b547!8m2!3d22.5766238!4d88.4217483!16s%2Fg%2F1t_wms33!19sChIJiRQ7H7h1AjoRR7VnfXV3qZs?authuser=0&hl=en&rclk=1",
        "state": "West Bengal"
    },
    {
        "name": "UCO Bank",
        "url": "https://www.google.com/maps/place/UCO+Bank/data=!4m7!3m6!1s0x3a0270ef329bf74d:0xc2a7f926386985ca!8m2!3d22.5709086!4d88.3438826!16s%2Fg%2F1q2vxynpp!19sChIJTfebMu9wAjoRyoVpOCb5p8I?authuser=0&hl=en&rclk=1",
        "state": "West Bengal"
    },
    {
        "name": "UCO Bank",
        "url": "https://www.google.com/maps/place/UCO+Bank/data=!4m7!3m6!1s0x3a0277fe7b54dffb:0x72e95d6d498b3a46!8m2!3d22.5844733!4d88.3766467!16s%2Fg%2F11qjl6w3gk!19sChIJ-99Ue_53AjoRRjqLSW1d6XI?authuser=0&hl=en&rclk=1",
        "state": "West Bengal"
    },
    {
        "name": "UCO Bank",
        "url": "https://www.google.com/maps/place/UCO+Bank/data=!4m7!3m6!1s0x3a027735f3067927:0x96c6297e4fb357d2!8m2!3d22.5204788!4d88.3440837!16s%2Fg%2F1tfvfmln!19sChIJJ3kG8zV3AjoR0lezT34pxpY?authuser=0&hl=en&rclk=1",
        "state": "West Bengal"
    },
    {
        "name": "UCO Bank",
        "url": "https://www.google.com/maps/place/UCO+Bank/data=!4m7!3m6!1s0x3a0275439a3339b3:0xd657b11b66a9982b!8m2!3d22.581091!4d88.440661!16s%2Fg%2F11mfwx57_k!19sChIJszkzmkN1AjoRK5ipZhuxV9Y?authuser=0&hl=en&rclk=1",
        "state": "West Bengal"
    },
    {
        "name": "UCO Bank",
        "url": "https://www.google.com/maps/place/UCO+Bank/data=!4m7!3m6!1s0x3a0277872c45df0d:0x279872ab230045ec!8m2!3d22.5695695!4d88.3258173!16s%2Fg%2F11c5vq6jsy!19sChIJDd9FLId3AjoR7EUAI6tymCc?authuser=0&hl=en&rclk=1",
        "state": "West Bengal"
    },
    {
        "name": "UCO Bank",
        "url": "https://www.google.com/maps/place/UCO+Bank/data=!4m7!3m6!1s0x3a02773542cb379f:0x6afda67e42dc79a!8m2!3d22.57852!4d88.35213!16s%2Fg%2F11mfxl8hzy!19sChIJnzfLQjV3AjoRmsct5GfarwY?authuser=0&hl=en&rclk=1",
        "state": "West Bengal"
    },
    {
        "name": "UCO Bank",
        "url": "https://www.google.com/maps/place/UCO+Bank/data=!4m7!3m6!1s0x3a0277e56410abd7:0xac7a29579f08dbe3!8m2!3d22.5630704!4d88.3576188!16s%2Fg%2F11mfxjvtvv!19sChIJ16sQZOV3AjoR49sIn1cpeqw?authuser=0&hl=en&rclk=1",
        "state": "West Bengal"
    },
    {
        "name": "UCO Bank",
        "url": "https://www.google.com/maps/place/UCO+Bank/data=!4m7!3m6!1s0x3a02793366f4fae7:0x146729cb7dd056e4!8m2!3d22.60399!4d88.270076!16s%2Fg%2F11c61fczh2!19sChIJ5_r0ZjN5AjoR5FbQfcspZxQ?authuser=0&hl=en&rclk=1",
        "state": "West Bengal"
    },
    {
        "name": "UCO Bank",
        "url": "https://www.google.com/maps/place/UCO+Bank/data=!4m7!3m6!1s0x3a02785bf9dbe3f7:0xf7c9393838d92996!8m2!3d22.5808594!4d88.2901982!16s%2Fg%2F1v4k4yfq!19sChIJ9-Pb-Vt4AjoRlinZODg5yfc?authuser=0&hl=en&rclk=1",
        "state": "West Bengal"
    },
    {
        "name": "UCO Bank",
        "url": "https://www.google.com/maps/place/UCO+Bank/data=!4m7!3m6!1s0x3a0277b3e6901f9b:0x5d4062d5407314bd!8m2!3d22.57852!4d88.36861!16s%2Fg%2F11l148wwj1!19sChIJmx-Q5rN3AjoRvRRzQNViQF0?authuser=0&hl=en&rclk=1",
        "state": "West Bengal"
    },
    {
        "name": "UCO Bank",
        "url": "https://www.google.com/maps/place/UCO+Bank/data=!4m7!3m6!1s0x3a0275884a23bd59:0x9c54e559a900e717!8m2!3d22.6104969!4d88.4282238!16s%2Fg%2F11csszpgvf!19sChIJWb0jSoh1AjoRF-cAqVnlVJw?authuser=0&hl=en&rclk=1",
        "state": "West Bengal"
    },
    {
        "name": "UCO Bank",
        "url": "https://www.google.com/maps/place/UCO+Bank/data=!4m7!3m6!1s0x3a027122e6727f69:0x4e902416b21d0372!8m2!3d22.4947928!4d88.3709132!16s%2Fg%2F124yjgmcc!19sChIJaX9y5iJxAjoRcgMdshYkkE4?authuser=0&hl=en&rclk=1",
        "state": "West Bengal"
    },
    {
        "name": "UCO Bank",
        "url": "https://www.google.com/maps/place/UCO+Bank/data=!4m7!3m6!1s0x3a02771ab859d1f1:0x386377b9edb73a27!8m2!3d22.550974!4d88.354428!16s%2Fg%2F124t3z1_x!19sChIJ8dFZuBp3AjoRJzq37bl3Yzg?authuser=0&hl=en&rclk=1",
        "state": "West Bengal"
    },
    {
        "name": "UCO Bank",
        "url": "https://www.google.com/maps/place/UCO+Bank/data=!4m7!3m6!1s0x3a0277373a18dcc7:0x79a2a53fc08b8521!8m2!3d22.524351!4d88.350988!16s%2Fg%2F1w2yxw6z!19sChIJx9wYOjd3AjoRIYWLwD-lonk?authuser=0&hl=en&rclk=1",
        "state": "West Bengal"
    },
    {
        "name": "UCO Bank",
        "url": "https://www.google.com/maps/place/UCO+Bank/data=!4m7!3m6!1s0x3a0276e516db0f91:0x5d83c3a15f1c564!8m2!3d22.5502715!4d88.3710528!16s%2Fg%2F1pp2vfdsf!19sChIJkQ_bFuV2AjoRZMXxFTo82AU?authuser=0&hl=en&rclk=1",
        "state": "West Bengal"
    },
    {
        "name": "UCO Bank",
        "url": "https://www.google.com/maps/place/UCO+Bank/data=!4m7!3m6!1s0x3a0276ff266ffa4f:0xe7420c419e821dd5!8m2!3d22.5700828!4d88.3703411!16s%2Fg%2F11bbrn816w!19sChIJT_pvJv92AjoR1R2CnkEMQuc?authuser=0&hl=en&rclk=1",
        "state": "West Bengal"
    },
    {
        "name": "UCO Bank",
        "url": "https://www.google.com/maps/place/UCO+Bank/data=!4m7!3m6!1s0x39f89fe83c68fb2d:0x30709a37d8c784e6!8m2!3d22.6341736!4d88.4136568!16s%2Fg%2F11hs_08lmg!19sChIJLftoPOif-DkR5oTH2DeacDA?authuser=0&hl=en&rclk=1",
        "state": "West Bengal"
    },
    {
        "name": "UCO Bank",
        "url": "https://www.google.com/maps/place/UCO+Bank/data=!4m7!3m6!1s0x3a027750eeefecbf:0x34e7f33211790d8f!8m2!3d22.5409!4d88.3681!16s%2Fg%2F1yg93pvzc!19sChIJv-zv7lB3AjoRjw15ETLz5zQ?authuser=0&hl=en&rclk=1",
        "state": "West Bengal"
    },
    {
        "name": "UCO Bank",
        "url": "https://www.google.com/maps/place/UCO+Bank/data=!4m7!3m6!1s0x3a027766cc7e16ab:0xa2fd1b342858a9a!8m2!3d22.5258701!4d88.3340872!16s%2Fg%2F11bbrkt2fg!19sChIJqxZ-zGZ3AjoRmoqFQrPRLwo?authuser=0&hl=en&rclk=1",
        "state": "West Bengal"
    },
    {
        "name": "UCO Bank",
        "url": "https://www.google.com/maps/place/UCO+Bank/data=!4m7!3m6!1s0x3a0279c849577ca1:0xfcf78122739d3879!8m2!3d22.5539191!4d88.3060278!16s%2Fg%2F119wmdzhd!19sChIJoXxXSch5AjoReTidcyKB9_w?authuser=0&hl=en&rclk=1",
        "state": "West Bengal"
    },
    {
        "name": "UCO Bank",
        "url": "https://www.google.com/maps/place/UCO+Bank/data=!4m7!3m6!1s0x3a0277e8e949fe8d:0x20dd77197ab82deb!8m2!3d22.5709614!4d88.3603346!16s%2Fg%2F11mfwz0056!19sChIJjf5J6eh3AjoR6y24ehl33SA?authuser=0&hl=en&rclk=1",
        "state": "West Bengal"
    },
    {
        "name": "UCO Bank",
        "url": "https://www.google.com/maps/place/UCO+Bank/data=!4m7!3m6!1s0x3a0277920881e94d:0xd4a83b835da5d80c!8m2!3d22.5557!4d88.36861!16s%2Fg%2F11l146nm3m!19sChIJTemBCJJ3AjoRDNilXYM7qNQ?authuser=0&hl=en&rclk=1",
        "state": "West Bengal"
    },
    {
        "name": "UCO Bank",
        "url": "https://www.google.com/maps/place/UCO+Bank/data=!4m7!3m6!1s0x39f89ef6924a3023:0x620e0b4c18f53b3!8m2!3d22.6636639!4d88.4253414!16s%2Fg%2F1pzqk_k7l!19sChIJIzBKkvae-DkRs1OPwbTgIAY?authuser=0&hl=en&rclk=1",
        "state": "West Bengal"
    },
    {
        "name": "UCO Bank",
        "url": "https://www.google.com/maps/place/UCO+Bank/data=!4m7!3m6!1s0x3a02772b21ee1623:0xdb4f7d13cfb117c0!8m2!3d22.517461!4d88.360092!16s%2Fg%2F1pyqt3wzx!19sChIJIxbuISt3AjoRwBexzxN9T9s?authuser=0&hl=en&rclk=1",
        "state": "West Bengal"
    },
    {
        "name": "UCO Bank",
        "url": "https://www.google.com/maps/place/UCO+Bank/data=!4m7!3m6!1s0x39f881f09e0c8ca3:0x4961cfefc897ea88!8m2!3d22.64633!4d88.241768!16s%2Fg%2F11l146xfdq!19sChIJo4wMnvCB-DkRiOqXyO_PYUk?authuser=0&hl=en&rclk=1",
        "state": "West Bengal"
    },
    {
        "name": "UCO Bank",
        "url": "https://www.google.com/maps/place/UCO+Bank/data=!4m7!3m6!1s0x3a0277f54db89293:0x671d1f697fc81601!8m2!3d22.56584!4d88.35762!16s%2Fg%2F11l14dr5ds!19sChIJk5K4TfV3AjoRARbIf2kfHWc?authuser=0&hl=en&rclk=1",
        "state": "West Bengal"
    },
    {
        "name": "UCO Bank",
        "url": "https://www.google.com/maps/place/UCO+Bank/data=!4m7!3m6!1s0x39f8827803013d5d:0xadce9dbf7b88f9b!8m2!3d22.611222!4d88.275275!16s%2Fg%2F11bbrk68v6!19sChIJXT0BA3iC-DkRm4-499vp3Ao?authuser=0&hl=en&rclk=1",
        "state": "West Bengal"
    },
    {
        "name": "UCO Bank",
        "url": "https://www.google.com/maps/place/UCO+Bank/data=!4m7!3m6!1s0x3a02773a8046295b:0x224e50818961538e!8m2!3d22.56331!4d88.35213!16s%2Fg%2F11mfx124kf!19sChIJWylGgDp3AjoRjlNhiYFQTiI?authuser=0&hl=en&rclk=1",
        "state": "West Bengal"
    },
    {
        "name": "UCO Bank",
        "url": "https://www.google.com/maps/place/UCO+Bank/data=!4m7!3m6!1s0x3a0277603c9b06e9:0xd9fb079a5c01d4d6!8m2!3d22.5312547!4d88.3664705!16s%2Fg%2F11qjl6ws_w!19sChIJ6QabPGB3AjoR1tQBXJoH-9k?authuser=0&hl=en&rclk=1",
        "state": "West Bengal"
    },
    {
        "name": "UCO Bank",
        "url": "https://www.google.com/maps/place/UCO+Bank/data=!4m7!3m6!1s0x3a027a3cd01f0337:0x8792fc3c7d0a5452!8m2!3d22.503081!4d88.301268!16s%2Fg%2F1hhvtbrlr!19sChIJNwMf0Dx6AjoRUlQKfTz8koc?authuser=0&hl=en&rclk=1",
        "state": "West Bengal"
    },
    {
        "name": "UCO Bank",
        "url": "https://www.google.com/maps/place/UCO+Bank/data=!4m7!3m6!1s0x3a02773da42b53b3:0xc09f9c02c0d7e610!8m2!3d22.5379611!4d88.3503268!16s%2Fg%2F1tlbmkpy!19sChIJs1MrpD13AjoREObXwAKcn8A?authuser=0&hl=en&rclk=1",
        "state": "West Bengal"
    },
    {
        "name": "UCO Bank",
        "url": "https://www.google.com/maps/place/UCO+Bank/data=!4m7!3m6!1s0x39f882a1af49d5c3:0x48d5b8447621a970!8m2!3d22.6065542!4d88.2627822!16s%2Fg%2F11cn3rg54r!19sChIJw9VJr6GC-DkRcKkhdkS41Ug?authuser=0&hl=en&rclk=1",
        "state": "West Bengal"
    },
    {
        "name": "UCO Bank",
        "url": "https://www.google.com/maps/place/UCO+Bank/data=!4m7!3m6!1s0x3a027716ba4f4bb5:0xe4daf3641df3b9f0!8m2!3d22.5488778!4d88.3664403!16s%2Fg%2F11mfwyrqm5!19sChIJtUtPuhZ3AjoR8LnzHWTz2uQ?authuser=0&hl=en&rclk=1",
        "state": "West Bengal"
    },
    {
        "name": "UCO Bank",
        "url": "https://www.google.com/maps/place/UCO+Bank/data=!4m7!3m6!1s0x39f89fc74f23bb7f:0x8a046e36d0b64570!8m2!3d22.6223082!4d88.4138796!16s%2Fg%2F11ft7grmh4!19sChIJf7sjT8ef-DkRcEW20DZuBIo?authuser=0&hl=en&rclk=1",
        "state": "West Bengal"
    },
    {
        "name": "UCO Bank",
        "url": "https://www.google.com/maps/place/UCO+Bank/data=!4m7!3m6!1s0x39f89f23f100aa51:0x656c3bdbff99cf3f!8m2!3d22.6896334!4d88.4462606!16s%2Fg%2F11c5zyx_f_!19sChIJUaoA8SOf-DkRP8-Z_9s7bGU?authuser=0&hl=en&rclk=1",
        "state": "West Bengal"
    },
    {
        "name": "UCO Bank",
        "url": "https://www.google.com/maps/place/UCO+Bank/data=!4m7!3m6!1s0x3a0278b0be609aa9:0xd6178919440c3f9!8m2!3d22.5938625!4d88.2546011!16s%2Fg%2F11_s8nkb2!19sChIJqZpgvrB4AjoR-cNAlJF4YQ0?authuser=0&hl=en&rclk=1",
        "state": "West Bengal"
    },
    {
        "name": "UCO Bank",
        "url": "https://www.google.com/maps/place/UCO+Bank/data=!4m7!3m6!1s0x3a027f31a724dfcb:0xbf891eee02db4c5e!8m2!3d22.5773658!4d88.2399353!16s%2Fg%2F1tfqzvcb!19sChIJy98kpzF_AjoRXkzbAu4eib8?authuser=0&hl=en&rclk=1",
        "state": "West Bengal"
    },
    {
        "name": "UCO Bank",
        "url": "https://www.google.com/maps/place/UCO+Bank/data=!4m7!3m6!1s0x3a02773dae81b16d:0x95f59f2fdeaf131a!8m2!3d22.558259!4d88.3603727!16s%2Fg%2F11l148vc4x!19sChIJbbGBrj13AjoRGhOv3i-f9ZU?authuser=0&hl=en&rclk=1",
        "state": "West Bengal"
    },
    {
        "name": "UCO Bank",
        "url": "https://www.google.com/maps/place/UCO+Bank/data=!4m7!3m6!1s0x3a0277a6d7c9f9ad:0xa9f17237b661decc!8m2!3d22.57345!4d88.34389!16s%2Fg%2F11qjl960p6!19sChIJrfnJ16Z3AjoRzN5htjdy8ak?authuser=0&hl=en&rclk=1",
        "state": "West Bengal"
    },
    {
        "name": "UCO Bank",
        "url": "https://www.google.com/maps/place/UCO+Bank/data=!4m7!3m6!1s0x3a02716700c7e04f:0xba100c2ab10f403d!8m2!3d22.4900899!4d88.3944085!16s%2Fg%2F124s_6xzm!19sChIJT-DHAGdxAjoRPUAPsSoMELo?authuser=0&hl=en&rclk=1",
        "state": "West Bengal"
    },
    {
        "name": "UCO Bank",
        "url": "https://www.google.com/maps/place/UCO+Bank/data=!4m7!3m6!1s0x3a0277592b88b2c1:0x8e35dffe1d13f6a2!8m2!3d22.5314663!4d88.3265912!16s%2Fg%2F1vfp211s!19sChIJwbKIK1l3AjoRovYTHf7fNY4?authuser=0&hl=en&rclk=1",
        "state": "West Bengal"
    },
    {
        "name": "UCO Bank",
        "url": "https://www.google.com/maps/place/UCO+Bank/data=!4m7!3m6!1s0x3a02770e2372a3e3:0xac03827a7e06c92f!8m2!3d22.552362!4d88.349925!16s%2Fg%2F1q5ccck9l!19sChIJ46NyIw53AjoRL8kGfnqCA6w?authuser=0&hl=en&rclk=1",
        "state": "West Bengal"
    },
    {
        "name": "UCO Bank",
        "url": "https://www.google.com/maps/place/UCO+Bank/data=!4m7!3m6!1s0x3a0276d81e7372f1:0xdcba167d16af0485!8m2!3d22.5279674!4d88.3643506!16s%2Fg%2F1vfzclfn!19sChIJ8XJzHth2AjoRhQSvFn0Wutw?authuser=0&hl=en&rclk=1",
        "state": "West Bengal"
    },
    {
        "name": "UCO Bank",
        "url": "https://www.google.com/maps/place/UCO+Bank/data=!4m7!3m6!1s0x3a027a0ca0b6269d:0x3af66fdb128870d6!8m2!3d22.493096!4d88.3189699!16s%2Fg%2F11c1rfszty!19sChIJnSa2oAx6AjoR1nCIEttv9jo?authuser=0&hl=en&rclk=1",
        "state": "West Bengal"
    },
    {
        "name": "UCO Bank",
        "url": "https://www.google.com/maps/place/UCO+Bank/data=!4m7!3m6!1s0x3a027708eca5c9a9:0xcd44e50c142631c!8m2!3d22.5596461!4d88.3516821!16s%2Fg%2F1td7g49p!19sChIJqcml7Ah3AjoRHGNCwVBO1Aw?authuser=0&hl=en&rclk=1",
        "state": "West Bengal"
    },
    {
        "name": "UCO Bank",
        "url": "https://www.google.com/maps/place/UCO+Bank/data=!4m7!3m6!1s0x3a0276456d396dc9:0x401ef4bdbde41383!8m2!3d22.5783309!4d88.3734886!16s%2Fg%2F1hc2slpkc!19sChIJyW05bUV2AjoRgxPkvb30HkA?authuser=0&hl=en&rclk=1",
        "state": "West Bengal"
    },
    {
        "name": "UCO Bank",
        "url": "https://www.google.com/maps/place/UCO+Bank/data=!4m7!3m6!1s0x39f89c5ca7789327:0xf05157f0087e3f21!8m2!3d22.6773815!4d88.3715902!16s%2Fg%2F11b6tb0lrq!19sChIJJ5N4p1yc-DkRIT9-CPBXUfA?authuser=0&hl=en&rclk=1",
        "state": "West Bengal"
    },
    {
        "name": "UCO Bank",
        "url": "https://www.google.com/maps/place/UCO+Bank/data=!4m7!3m6!1s0x3a027780bdfa9e21:0x19d6826966d3d5e4!8m2!3d22.5289329!4d88.3810258!16s%2Fg%2F11l14fdhkv!19sChIJIZ76vYB3AjoR5NXTZmmC1hk?authuser=0&hl=en&rclk=1",
        "state": "West Bengal"
    },
    {
        "name": "UCO Bank",
        "url": "https://www.google.com/maps/place/UCO+Bank/data=!4m7!3m6!1s0x39f89ecf1c04b7c3:0xe32b248c0ff7dd94!8m2!3d22.6984921!4d88.4270635!16s%2Fg%2F11c534st38!19sChIJw7cEHM-e-DkRlN33D4wkK-M?authuser=0&hl=en&rclk=1",
        "state": "West Bengal"
    },
    {
        "name": "UCO Bank",
        "url": "https://www.google.com/maps/place/UCO+Bank/data=!4m7!3m6!1s0x3a0277fbee39a1e9:0xee5e201930e7598e!8m2!3d22.527915!4d88.3472847!16s%2Fg%2F11mfwp47cg!19sChIJ6aE57vt3AjoRjlnnMBkgXu4?authuser=0&hl=en&rclk=1",
        "state": "West Bengal"
    },
    {
        "name": "UCO Bank",
        "url": "https://www.google.com/maps/place/UCO+Bank/data=!4m7!3m6!1s0x3a02796423d4f30d:0x10e81cb14633414f!8m2!3d22.56254!4d88.285801!16s%2Fg%2F11lq7w4v7p!19sChIJDfPUI2R5AjoRT0EzRrEc6BA?authuser=0&hl=en&rclk=1",
        "state": "West Bengal"
    },
    {
        "name": "UCO Bank",
        "url": "https://www.google.com/maps/place/UCO+Bank/data=!4m7!3m6!1s0x3a02715ae0969af3:0x698144fe65da4b43!8m2!3d22.4751787!4d88.3391399!16s%2Fg%2F11sct7jd74!19sChIJ85qW4FpxAjoRQ0vaZf5EgWk?authuser=0&hl=en&rclk=1",
        "state": "West Bengal"
    },
    {
        "name": "UCO Bank",
        "url": "https://www.google.com/maps/place/UCO+Bank/data=!4m7!3m6!1s0x3a0279a038c3f8cd:0xde030f2104e8aa0e!8m2!3d22.5405196!4d88.2864551!16s%2Fg%2F1ptyn_b38!19sChIJzfjDOKB5AjoRDqroBCEPA94?authuser=0&hl=en&rclk=1",
        "state": "West Bengal"
    },
    {
        "name": "UCO Bank",
        "url": "https://www.google.com/maps/place/UCO+Bank/data=!4m7!3m6!1s0x39f881d3eda460cf:0x66191798335a3fc3!8m2!3d22.61689!4d88.2107473!16s%2Fg%2F11by_xm6c9!19sChIJz2Ck7dOB-DkRwz9aM5gXGWY?authuser=0&hl=en&rclk=1",
        "state": "West Bengal"
    },
    {
        "name": "UCO Bank",
        "url": "https://www.google.com/maps/place/UCO+Bank/data=!4m7!3m6!1s0x3a0270aa6269a731:0x2bbcdba6cbe6c20c!8m2!3d22.5128918!4d88.3245904!16s%2Fg%2F1pp2wy8hp!19sChIJMadpYqpwAjoRDMLmy6bbvCs?authuser=0&hl=en&rclk=1",
        "state": "West Bengal"
    },
    {
        "name": "UCO Bank",
        "url": "https://www.google.com/maps/place/UCO+Bank/data=!4m7!3m6!1s0x3a027134ec2c3c03:0xc2007fdb18c4953d!8m2!3d22.515272!4d88.379162!16s%2Fg%2F11f3tj682v!19sChIJAzws7DRxAjoRPZXEGNt_AMI?authuser=0&hl=en&rclk=1",
        "state": "West Bengal"
    },
    {
        "name": "UCO Bank",
        "url": "https://www.google.com/maps/place/UCO+Bank/data=!4m7!3m6!1s0x3a027188095030cb:0x2c0136362c0e7b8f!8m2!3d22.500502!4d88.34514!16s%2Fg%2F11b7r_s34w!19sChIJyzBQCYhxAjoRj3sOLDY2ASw?authuser=0&hl=en&rclk=1",
        "state": "West Bengal"
    },
    {
        "name": "UCO Bank",
        "url": "https://www.google.com/maps/place/UCO+Bank/data=!4m7!3m6!1s0x3a0280ea8c05ce35:0x3659604d0ed10ac7!8m2!3d22.5392341!4d88.1464361!16s%2Fg%2F11f5h5ts15!19sChIJNc4FjOqAAjoRxwrRDk1gWTY?authuser=0&hl=en&rclk=1",
        "state": "West Bengal"
    },
    {
        "name": "UCO Bank",
        "url": "https://www.google.com/maps/place/UCO+Bank/data=!4m7!3m6!1s0x3a020aef16a2a65d:0x133df31c75a215c!8m2!3d22.5792289!4d88.5047955!16s%2Fg%2F11d_t44m5c!19sChIJXaaiFu8KAjoRXCFaxzHfMwE?authuser=0&hl=en&rclk=1",
        "state": "West Bengal"
    },
    {
        "name": "UCO Bank",
        "url": "https://www.google.com/maps/place/UCO+Bank/data=!4m7!3m6!1s0x3a027a8b1514db1d:0xc459446b304f56d6!8m2!3d22.4635737!4d88.3053692!16s%2Fg%2F11g71zv73_!19sChIJHdsUFYt6AjoR1lZPMGtEWcQ?authuser=0&hl=en&rclk=1",
        "state": "West Bengal"
    },
    {
        "name": "UCO Bank",
        "url": "https://www.google.com/maps/place/UCO+Bank/data=!4m7!3m6!1s0x3a0270e01dc03097:0x87fb5ed7182cb900!8m2!3d22.4913345!4d88.3625981!16s%2Fg%2F1q69xgp02!19sChIJlzDAHeBwAjoRALksGNde-4c?authuser=0&hl=en&rclk=1",
        "state": "West Bengal"
    },
    {
        "name": "UCO Bank",
        "url": "https://www.google.com/maps/place/UCO+Bank/data=!4m7!3m6!1s0x39f8a21959a5dd1b:0xab9b9c682cd832a6!8m2!3d22.7151453!4d88.4938176!16s%2Fg%2F1hm4rcth3!19sChIJG92lWRmi-DkRpjLYLGicm6s?authuser=0&hl=en&rclk=1",
        "state": "West Bengal"
    },
    {
        "name": "UCO Bank",
        "url": "https://www.google.com/maps/place/UCO+Bank/data=!4m7!3m6!1s0x39f8999001ab5f11:0x9ae78017bfecd609!8m2!3d22.71523!4d88.46736!16s%2Fg%2F11qjl7rn_n!19sChIJEV-rAZCZ-DkRCdbsvxeA55o?authuser=0&hl=en&rclk=1",
        "state": "West Bengal"
    },
    {
        "name": "UCO Bank",
        "url": "https://www.google.com/maps/place/UCO+Bank/data=!4m7!3m6!1s0x39f89f46882ba859:0xec5ebc9aa18bc72d!8m2!3d22.693125!4d88.464699!16s%2Fg%2F12lw8rw5_!19sChIJWagriEaf-DkRLceLoZq8Xuw?authuser=0&hl=en&rclk=1",
        "state": "West Bengal"
    },
    {
        "name": "UCO Bank",
        "url": "https://www.google.com/maps/place/UCO+Bank/data=!4m7!3m6!1s0x3a0276d4d265525b:0x533cccc716737341!8m2!3d22.5210809!4d88.3653787!16s%2Fg%2F1q5bn14_2!19sChIJW1Jl0tR2AjoRQXNzFsfMPFM?authuser=0&hl=en&rclk=1",
        "state": "West Bengal"
    },
    {
        "name": "UCO Bank Ward 26 Serampore Branch",
        "url": "https://www.google.com/maps/place/UCO+Bank+Ward+26+Serampore+Branch/data=!4m7!3m6!1s0x39f89b718af76251:0x11475fe43720c5f1!8m2!3d22.7542709!4d88.3362432!16s%2Fg%2F11tmmy1l3j!19sChIJUWL3inGb-DkR8cUgN-RfRxE?authuser=0&hl=en&rclk=1",
        "state": "West Bengal"
    },
    {
        "name": "UCO Bank",
        "url": "https://www.google.com/maps/place/UCO+Bank/data=!4m7!3m6!1s0x3a027952c4637c29:0xc6e86596cfb04cae!8m2!3d22.528318!4d88.320684!16s%2Fg%2F11mfwwl7cq!19sChIJKXxjxFJ5AjoRrkywz5Zl6MY?authuser=0&hl=en&rclk=1",
        "state": "West Bengal"
    },
    {
        "name": "UCO Bank",
        "url": "https://www.google.com/maps/place/UCO+Bank/data=!4m7!3m6!1s0x3a02775e3b07aee3:0x121f7b18173f5d2d!8m2!3d22.5172462!4d88.3530938!16s%2Fg%2F11gnp8k5wj!19sChIJ464HO153AjoRLV0_Fxh7HxI?authuser=0&hl=en&rclk=1",
        "state": "West Bengal"
    },
    {
        "name": "UCO Bank",
        "url": "https://www.google.com/maps/place/UCO+Bank/data=!4m7!3m6!1s0x3a02774da949ae4b:0x9fe429636db57b02!8m2!3d22.5168999!4d88.3292143!16s%2Fg%2F1tkjjm14!19sChIJS65JqU13AjoRAnu1bWMp5J8?authuser=0&hl=en&rclk=1",
        "state": "West Bengal"
    },
    {
        "name": "UCO Bank",
        "url": "https://www.google.com/maps/place/UCO+Bank/data=!4m7!3m6!1s0x3a02790f4db11233:0x5d7abd05f508128!8m2!3d22.59436!4d88.25043!16s%2Fg%2F11lq7vq3j3!19sChIJMxKxTQ95AjoRKIFQX9Cr1wU?authuser=0&hl=en&rclk=1",
        "state": "West Bengal"
    },
    {
        "name": "UCO Bank",
        "url": "https://www.google.com/maps/place/UCO+Bank/data=!4m7!3m6!1s0x3a0271419bc014dd:0x8f0d736778f46bdf!8m2!3d22.51446!4d88.36501!16s%2Fg%2F11tj55xqr1!19sChIJ3RTAm0FxAjoR32v0eGdzDY8?authuser=0&hl=en&rclk=1",
        "state": "West Bengal"
    },
    {
        "name": "UCO Bank",
        "url": "https://www.google.com/maps/place/UCO+Bank/data=!4m7!3m6!1s0x3a0276ffb62f8ff1:0x68cdb2f50aabb6a8!8m2!3d22.5530215!4d88.3565197!16s%2Fg%2F1tfrvxpx!19sChIJ8Y8vtv92AjoRqLarCvWyzWg?authuser=0&hl=en&rclk=1",
        "state": "West Bengal"
    },
    {
        "name": "UCO Bank",
        "url": "https://www.google.com/maps/place/UCO+Bank/data=!4m7!3m6!1s0x3a0277fb6f5e707d:0x501a006330632b08!8m2!3d22.5691838!4d88.3531773!16s%2Fg%2F11qk2dzhhp!19sChIJfXBeb_t3AjoRCCtjMGMAGlA?authuser=0&hl=en&rclk=1",
        "state": "West Bengal"
    },
    {
        "name": "UCO Bank",
        "url": "https://www.google.com/maps/place/UCO+Bank/data=!4m7!3m6!1s0x3a027018f6a85a47:0x46519eb65585bbde!8m2!3d22.4293823!4d88.3415685!16s%2Fg%2F11gcj06fw7!19sChIJR1qo9hhwAjoR3ruFVbaeUUY?authuser=0&hl=en&rclk=1",
        "state": "West Bengal"
    },
    {
        "name": "UCO Bank",
        "url": "https://www.google.com/maps/place/UCO+Bank/data=!4m7!3m6!1s0x3a027d7d8e5686f3:0xfc14da1a6cfa73f4!8m2!3d22.4971815!4d88.169213!16s%2Fg%2F11c2khv1pc!19sChIJ84ZWjn19AjoR9HP6bBraFPw?authuser=0&hl=en&rclk=1",
        "state": "West Bengal"
    },
    {
        "name": "UCO Bank",
        "url": "https://www.google.com/maps/place/UCO+Bank/data=!4m7!3m6!1s0x3a026129e574fc05:0x9be8929beb4a378!8m2!3d22.2861588!4d88.2298209!16s%2Fg%2F11c2jymrsy!19sChIJBfx05SlhAjoReKO0vimJvgk?authuser=0&hl=en&rclk=1",
        "state": "West Bengal"
    },
    {
        "name": "UCO Bank",
        "url": "https://www.google.com/maps/place/UCO+Bank/data=!4m7!3m6!1s0x39f881b9d4c62469:0x8fd17be4fb7056d9!8m2!3d22.6374764!4d88.2164958!16s%2Fg%2F11c1p8v22s!19sChIJaSTG1LmB-DkR2VZw--R70Y8?authuser=0&hl=en&rclk=1",
        "state": "West Bengal"
    },
    {
        "name": "UCO Bank",
        "url": "https://www.google.com/maps/place/UCO+Bank/data=!4m7!3m6!1s0x39f8a208c9dade4f:0x49c12fc5256c27a7!8m2!3d22.7188059!4d88.4811965!16s%2Fg%2F1q2whdpvs!19sChIJT97ayQii-DkRpydsJcUvwUk?authuser=0&hl=en&rclk=1",
        "state": "West Bengal"
    },
    {
        "name": "UCO Bank",
        "url": "https://www.google.com/maps/place/UCO+Bank/data=!4m7!3m6!1s0x3a027ff0e386f407:0x8fe9a62b88adfc7f!8m2!3d22.55782!4d88.22897!16s%2Fg%2F11lq7vr8y2!19sChIJB_SG4_B_AjoRf_ytiCum6Y8?authuser=0&hl=en&rclk=1",
        "state": "West Bengal"
    },
    {
        "name": "UCO Bank - Mayapur Branch",
        "url": "https://www.google.com/maps/place/UCO+Bank+-+Mayapur+Branch/data=!4m7!3m6!1s0x39f81332ad647c09:0x3abc83231c094533!8m2!3d22.8557521!4d87.8560233!16s%2Fg%2F11cnn1glv3!19sChIJCXxkrTIT-DkRM0UJHCODvDo?authuser=0&hl=en&rclk=1",
        "state": "West Bengal"
    },
    {
        "name": "UCO Bank",
        "url": "https://www.google.com/maps/place/UCO+Bank/data=!4m7!3m6!1s0x39f89baf1f626843:0x92ee21ef2fb2a441!8m2!3d22.7677811!4d88.387407!16s%2Fg%2F11mfwydj7n!19sChIJQ2hiH6-b-DkRQaSyL-8h7pI?authuser=0&hl=en&rclk=1",
        "state": "West Bengal"
    },
    {
        "name": "UCO Bank",
        "url": "https://www.google.com/maps/place/UCO+Bank/data=!4m7!3m6!1s0x3a026c4e490e4d71:0xc0e8485770f066a1!8m2!3d22.3653865!4d88.4291929!16s%2Fg%2F11f1rtqv5y!19sChIJcU0OSU5sAjoRoWbwcFdI6MA?authuser=0&hl=en&rclk=1",
        "state": "West Bengal"
    },
    {
        "name": "UCO Bank",
        "url": "https://www.google.com/maps/place/UCO+Bank/data=!4m7!3m6!1s0x39f8784d6390a2fb:0x7209c1255ed209ff!8m2!3d22.653676!4d88.040997!16s%2Fg%2F11cnc88lyk!19sChIJ-6KQY014-DkR_wnSXiXBCXI?authuser=0&hl=en&rclk=1",
        "state": "West Bengal"
    },
    {
        "name": "UCO Bank",
        "url": "https://www.google.com/maps/place/UCO+Bank/data=!4m7!3m6!1s0x3a02868a7ca8381f:0x7022eeb94d142b62!8m2!3d22.4674382!4d88.108414!16s%2Fg%2F11clr_vp3k!19sChIJHziofIqGAjoRYisUTbnuInA?authuser=0&hl=en&rclk=1",
        "state": "West Bengal"
    }
]