[
    {
        "name": "UCO Bank - Habibganj Branch",
        "url": "https://www.google.com/maps/place/UCO+Bank+-+Habibganj+Branch/data=!4m7!3m6!1s0x397c425e1e684dd7:0xfb01735ffada13b0!8m2!3d23.2318123!4d77.4311779!16s%2Fg%2F1hjgxv7h4!19sChIJ101oHl5CfDkRsBPa-l9zAfs?authuser=0&hl=en&rclk=1",
        "state": "Madhya Pradesh"
    },
    {
        "name": "UCO Bank - Jatkhedi Branch",
        "url": "https://www.google.com/maps/place/UCO+Bank+-+Jatkhedi+Branch/data=!4m7!3m6!1s0x397c436578a31575:0xcece04fa3d1bedb0!8m2!3d23.1719794!4d77.4647629!16s%2Fg%2F11j0s5dbsg!19sChIJdRWjeGVDfDkRsO0bPfoEzs4?authuser=0&hl=en&rclk=1",
        "state": "Madhya Pradesh"
    },
    {
        "name": "UCO Bank - Arera Colony Branch",
        "url": "https://www.google.com/maps/place/UCO+Bank+-+Arera+Colony+Branch/data=!4m7!3m6!1s0x397c42516e5993db:0xfe93476ca78d2734!8m2!3d23.2150522!4d77.4319859!16s%2Fg%2F1q5bm9s3v!19sChIJ25NZblFCfDkRNCeNp2xHk_4?authuser=0&hl=en&rclk=1",
        "state": "Madhya Pradesh"
    },
    {
        "name": "UCO Bank",
        "url": "https://www.google.com/maps/place/UCO+Bank/data=!4m7!3m6!1s0x397c43a4d4617f9f:0xacb9a910a00a2e70!8m2!3d23.1935409!4d77.4355831!16s%2Fg%2F1q64gylyd!19sChIJn39h1KRDfDkRcC4KoBCpuaw?authuser=0&hl=en&rclk=1",
        "state": "Madhya Pradesh"
    },
    {
        "name": "UCO Bank - Bagmugalia Branch",
        "url": "https://www.google.com/maps/place/UCO+Bank+-+Bagmugalia+Branch/data=!4m7!3m6!1s0x397c4163d020ee3b:0xb6096773bbe5d431!8m2!3d23.1947037!4d77.4736785!16s%2Fg%2F11bbt5vcxt!19sChIJO-4g0GNBfDkRMdTlu3NnCbY?authuser=0&hl=en&rclk=1",
        "state": "Madhya Pradesh"
    },
    {
        "name": "UCO Bank - Rau Branch",
        "url": "https://www.google.com/maps/place/UCO+Bank+-+Rau+Branch/data=!4m7!3m6!1s0x3962fbe23a898a95:0xf4026d84f4880a69!8m2!3d22.6325862!4d75.8090216!16s%2Fg%2F1q6j8vx0p!19sChIJlYqJOuL7YjkRaQqI9IRtAvQ?authuser=0&hl=en&rclk=1",
        "state": "Madhya Pradesh"
    },
    {
        "name": "UCO Bank - Maharani Road Branch",
        "url": "https://www.google.com/maps/place/UCO+Bank+-+Maharani+Road+Branch/data=!4m7!3m6!1s0x3962fd11873bd043:0xe861381fd95af26b!8m2!3d22.7184224!4d75.8674447!16s%2Fg%2F1q62bkj4n!19sChIJQ9A7hxH9YjkRa_Ja2R84Yeg?authuser=0&hl=en&rclk=1",
        "state": "Madhya Pradesh"
    },
    {
        "name": "UCO Bank Gram Pipliahana Branch",
        "url": "https://www.google.com/maps/place/UCO+Bank+Gram+Pipliahana+Branch/data=!4m7!3m6!1s0x3962fd33bd9270ad:0x7a681d1e07d364a6!8m2!3d22.7195995!4d75.8960386!16s%2Fg%2F1hm6j46fc!19sChIJrXCSvTP9YjkRpmTTBx4daHo?authuser=0&hl=en&rclk=1",
        "state": "Madhya Pradesh"
    },
    {
        "name": "UCO Bank - M.I.G. Colony Branch",
        "url": "https://www.google.com/maps/place/UCO+Bank+-+M.I.G.+Colony+Branch/data=!4m7!3m6!1s0x3962fd452287d07b:0x71a695d9d7a78562!8m2!3d22.7361483!4d75.8858987!16s%2Fg%2F124yh9t53!19sChIJe9CHIkX9YjkRYoWn19mVpnE?authuser=0&hl=en&rclk=1",
        "state": "Madhya Pradesh"
    },
    {
        "name": "UCO Bank - Vijay Nagar Branch",
        "url": "https://www.google.com/maps/place/UCO+Bank+-+Vijay+Nagar+Branch/data=!4m7!3m6!1s0x396302a9a529aa4d:0xa062b9a3e4aa4783!8m2!3d22.7521328!4d75.8918978!16s%2Fg%2F1q62mcj_3!19sChIJTaoppakCYzkRg0eq5KO5YqA?authuser=0&hl=en&rclk=1",
        "state": "Madhya Pradesh"
    },
    {
        "name": "UCO Bank - New Palasia Branch",
        "url": "https://www.google.com/maps/place/UCO+Bank+-+New+Palasia+Branch/data=!4m7!3m6!1s0x3962fd46c5555285:0x43d496818b529e83!8m2!3d22.7266522!4d75.8841747!16s%2Fg%2F1wd3tfx9!19sChIJhVJVxUb9YjkRg55Si4GW1EM?authuser=0&hl=en&rclk=1",
        "state": "Madhya Pradesh"
    },
    {
        "name": "UCO Bank - Airport Road Branch",
        "url": "https://www.google.com/maps/place/UCO+Bank+-+Airport+Road+Branch/data=!4m7!3m6!1s0x3962fdeafd0b34a7:0x68efbf567069090d!8m2!3d22.723599!4d75.8278087!16s%2Fg%2F1q64t16zn!19sChIJpzQL_er9YjkRDQlpcFa_72g?authuser=0&hl=en&rclk=1",
        "state": "Madhya Pradesh"
    },
    {
        "name": "UCO Bank - Babai Branch",
        "url": "https://www.google.com/maps/place/UCO+Bank+-+Babai+Branch/data=!4m7!3m6!1s0x397facdf7f6aaaab:0xa1febd6c10d5fc67!8m2!3d22.8312667!4d78.6763401!16s%2Fg%2F11b7xfkd06!19sChIJq6pqf9-sfzkRZ_zVEGy9_qE?authuser=0&hl=en&rclk=1",
        "state": "Madhya Pradesh"
    },
    {
        "name": "UCO Bank - Chhatri Bazar Branch",
        "url": "https://www.google.com/maps/place/UCO+Bank+-+Chhatri+Bazar+Branch/data=!4m7!3m6!1s0x3976c5d9c2c9373b:0x38576234e5903208!8m2!3d26.2054475!4d78.1442957!16s%2Fg%2F11dxc0fhhj!19sChIJOzfJwtnFdjkRCDKQ5TRiVzg?authuser=0&hl=en&rclk=1",
        "state": "Madhya Pradesh"
    },
    {
        "name": "UCO Bank",
        "url": "https://www.google.com/maps/place/UCO+Bank/data=!4m7!3m6!1s0x3981ae3a9023f211:0xe2eb929b22142dc4!8m2!3d23.1890737!4d79.931905!16s%2Fg%2F11c1pcnswf!19sChIJEfIjkDqugTkRxC0UIpuS6-I?authuser=0&hl=en&rclk=1",
        "state": "Madhya Pradesh"
    },
    {
        "name": "UCO Bank - Bairagarh Branch",
        "url": "https://www.google.com/maps/place/UCO+Bank+-+Bairagarh+Branch/data=!4m7!3m6!1s0x397c679f82bc6bc7:0xc9fb976bd89d39fe!8m2!3d23.269892!4d77.3352534!16s%2Fg%2F1q64c_52f!19sChIJx2u8gp9nfDkR_jmd2GuX-8k?authuser=0&hl=en&rclk=1",
        "state": "Madhya Pradesh"
    },
    {
        "name": "UCO Bank",
        "url": "https://www.google.com/maps/place/UCO+Bank/data=!4m7!3m6!1s0x3964758998384413:0x3afa2214f5ce9375!8m2!3d23.4523059!4d75.404009!16s%2Fg%2F11c1nhf1fv!19sChIJE0Q4mIl1ZDkRdZPO9RQi-jo?authuser=0&hl=en&rclk=1",
        "state": "Madhya Pradesh"
    },
    {
        "name": "UCO Bank",
        "url": "https://www.google.com/maps/place/UCO+Bank/data=!4m7!3m6!1s0x3963752667ead96f:0x8b26f562ebb543f5!8m2!3d23.1685111!4d75.8014525!16s%2Fg%2F1hm4kfpc9!19sChIJb9nqZyZ1YzkR9UO162L1Jos?authuser=0&hl=en&rclk=1",
        "state": "Madhya Pradesh"
    },
    {
        "name": "UCO Bank",
        "url": "https://www.google.com/maps/place/UCO+Bank/data=!4m7!3m6!1s0x3962fc4b7eae98a7:0xd8e79fcc1b1a1e5a!8m2!3d22.6902455!4d75.8290576!16s%2Fg%2F124t18rlw!19sChIJp5iufkv8YjkRWh4aG8yf59g?authuser=0&hl=en&rclk=1",
        "state": "Madhya Pradesh"
    },
    {
        "name": "UCO Bank",
        "url": "https://www.google.com/maps/place/UCO+Bank/data=!4m7!3m6!1s0x3962fd3f2a94b80d:0xd890045cf6bd9fbb!8m2!3d22.724371!4d75.8821608!16s%2Fg%2F1td8xj3l!19sChIJDbiUKj_9YjkRu5-99lwEkNg?authuser=0&hl=en&rclk=1",
        "state": "Madhya Pradesh"
    },
    {
        "name": "UCO Bank",
        "url": "https://www.google.com/maps/place/UCO+Bank/data=!4m7!3m6!1s0x3962fda85bfe95d1:0xd4b95a9a8347b12e!8m2!3d22.7093532!4d75.85087!16s%2Fg%2F11bbsy6k8z!19sChIJ0ZX-W6j9YjkRLrFHg5paudQ?authuser=0&hl=en&rclk=1",
        "state": "Madhya Pradesh"
    },
    {
        "name": "UCO Bank",
        "url": "https://www.google.com/maps/place/UCO+Bank/data=!4m7!3m6!1s0x3976c49703a05c89:0xb42284e4778d4171!8m2!3d26.1470102!4d78.1880667!16s%2Fg%2F12m9bntqq!19sChIJiVygA5fEdjkRcUGNd-SEIrQ?authuser=0&hl=en&rclk=1",
        "state": "Madhya Pradesh"
    },
    {
        "name": "UCO Bank",
        "url": "https://www.google.com/maps/place/UCO+Bank/data=!4m7!3m6!1s0x397f9ccca3623371:0x77544c7b703ed21d!8m2!3d22.9474932!4d79.1989278!16s%2Fg%2F11xg4ydhy!19sChIJcTNio8ycfzkRHdI-cHtMVHc?authuser=0&hl=en&rclk=1",
        "state": "Madhya Pradesh"
    },
    {
        "name": "UCO Bank",
        "url": "https://www.google.com/maps/place/UCO+Bank/data=!4m7!3m6!1s0x39641ae97160fb67:0xeb351a1633c8ca00!8m2!3d23.6361488!4d75.1252479!16s%2Fg%2F11bxjc6bc7!19sChIJZ_tgcekaZDkRAMrIMxYaNes?authuser=0&hl=en&rclk=1",
        "state": "Madhya Pradesh"
    },
    {
        "name": "UCO Bank - Umaria Branch",
        "url": "https://www.google.com/maps/place/UCO+Bank+-+Umaria+Branch/data=!4m7!3m6!1s0x3986b510b71f65e5:0x64ed79edc2e5397f!8m2!3d23.5273521!4d80.8383126!16s%2Fg%2F11csbtxsbd!19sChIJ5WUftxC1hjkRfznlwu157WQ?authuser=0&hl=en&rclk=1",
        "state": "Madhya Pradesh"
    },
    {
        "name": "UCO Bank - M.T Cloth Market Branch",
        "url": "https://www.google.com/maps/place/UCO+Bank+-+M.T+Cloth+Market+Branch/data=!4m7!3m6!1s0x3962fda6b65a8197:0x6dcb3b027476da2e!8m2!3d22.7162539!4d75.8488924!16s%2Fg%2F1q62crny7!19sChIJl4Fatqb9YjkRLtp2dAI7y20?authuser=0&hl=en&rclk=1",
        "state": "Madhya Pradesh"
    },
    {
        "name": "UCO Bank",
        "url": "https://www.google.com/maps/place/UCO+Bank/data=!4m7!3m6!1s0x3981ae0fe76aca37:0x6a7eca1d092c7b8!8m2!3d23.1657582!4d79.9318619!16s%2Fg%2F1w0qz9xr!19sChIJN8pq5w-ugTkRuMeS0KHspwY?authuser=0&hl=en&rclk=1",
        "state": "Madhya Pradesh"
    },
    {
        "name": "UCO Bank - Zonal Office",
        "url": "https://www.google.com/maps/place/UCO+Bank+-+Zonal+Office/data=!4m7!3m6!1s0x397c42626d52f3db:0x2cfa4c3527a6e677!8m2!3d23.2383963!4d77.4253594!16s%2Fg%2F11b6dplyd0!19sChIJ2_NSbWJCfDkRd-amJzVM-iw?authuser=0&hl=en&rclk=1",
        "state": "Madhya Pradesh"
    },
    {
        "name": "UCO Bank - Vehicle Factory Branch",
        "url": "https://www.google.com/maps/place/UCO+Bank+-+Vehicle+Factory+Branch/data=!4m7!3m6!1s0x3981af1c4b9b03cb:0xfd9f63cbec1993da!8m2!3d23.2075623!4d79.9788807!16s%2Fg%2F11cssxlspf!19sChIJywObSxyvgTkR2pMZ7Mtjn_0?authuser=0&hl=en&rclk=1",
        "state": "Madhya Pradesh"
    },
    {
        "name": "UCO Bank",
        "url": "https://www.google.com/maps/place/UCO+Bank/data=!4m7!3m6!1s0x3986fadc93d1e599:0xd99c2fcf83b91ea9!8m2!3d23.2965129!4d81.3575128!16s%2Fg%2F11gbxfdl71!19sChIJmeXRk9z6hjkRqR65g88vnNk?authuser=0&hl=en&rclk=1",
        "state": "Madhya Pradesh"
    },
    {
        "name": "UCO Bank",
        "url": "https://www.google.com/maps/place/UCO+Bank/data=!4m7!3m6!1s0x397c42be04a3ad21:0xf8a2fe3f314d4500!8m2!3d23.23428!4d77.400974!16s%2Fg%2F11bbrn0cv1!19sChIJIa2jBL5CfDkRAEVNMT_-ovg?authuser=0&hl=en&rclk=1",
        "state": "Madhya Pradesh"
    },
    {
        "name": "UCO Bank - Marwadi Road Branch",
        "url": "https://www.google.com/maps/place/UCO+Bank+-+Marwadi+Road+Branch/data=!4m7!3m6!1s0x397c6821caf36fe9:0x8b0125e6a7b6d333!8m2!3d23.2557014!4d77.402775!16s%2Fg%2F11bbs_ysyv!19sChIJ6W_zyiFofDkRM9O2p-YlAYs?authuser=0&hl=en&rclk=1",
        "state": "Madhya Pradesh"
    },
    {
        "name": "UCO Bank",
        "url": "https://www.google.com/maps/place/UCO+Bank/data=!4m7!3m6!1s0x397cc4ae8c8865d9:0xbeb56d0c89215c45!8m2!3d23.0165285!4d76.7253936!16s%2Fg%2F1q5bm239p!19sChIJ2WWIjK7EfDkRRVwhiQxttb4?authuser=0&hl=en&rclk=1",
        "state": "Madhya Pradesh"
    },
    {
        "name": "UCO Bank",
        "url": "https://www.google.com/maps/place/UCO+Bank/data=!4m7!3m6!1s0x3981ae4d51a6198b:0x37de004036c7fd70!8m2!3d23.2025815!4d79.9521573!16s%2Fg%2F11g7z9gvcm!19sChIJixmmUU2ugTkRcP3HNkAA3jc?authuser=0&hl=en&rclk=1",
        "state": "Madhya Pradesh"
    },
    {
        "name": "UCO Bank",
        "url": "https://www.google.com/maps/place/UCO+Bank/data=!4m7!3m6!1s0x397c366c451d2ce7:0xa217898da0d9891d!8m2!3d23.0020054!4d77.5881861!16s%2Fg%2F1q63cj42s!19sChIJ5ywdRWw2fDkRHYnZoI2JF6I?authuser=0&hl=en&rclk=1",
        "state": "Madhya Pradesh"
    },
    {
        "name": "UCO Bank - Hatod Branch",
        "url": "https://www.google.com/maps/place/UCO+Bank+-+Hatod+Branch/data=!4m7!3m6!1s0x396300f29555556b:0x7049fe00d895aa65!8m2!3d22.7940643!4d75.7410627!16s%2Fg%2F11cs6brhg7!19sChIJa1VVlfIAYzkRZaqV2AD-SXA?authuser=0&hl=en&rclk=1",
        "state": "Madhya Pradesh"
    },
    {
        "name": "UCO Bank, Guna",
        "url": "https://www.google.com/maps/place/UCO+Bank,+Guna/data=!4m7!3m6!1s0x397a5b8adfcf14b9:0xf971d98e77c179cd!8m2!3d24.6428636!4d77.3073581!16s%2Fg%2F11btv69zxc!19sChIJuRTP34pbejkRzXnBd47Zcfk?authuser=0&hl=en&rclk=1",
        "state": "Madhya Pradesh"
    },
    {
        "name": "UCO Bank",
        "url": "https://www.google.com/maps/place/UCO+Bank/data=!4m7!3m6!1s0x39716d30dc06fc9b:0x3ab60798bc23bf60!8m2!3d26.2489386!4d77.4073063!16s%2Fg%2F124yhm8rx!19sChIJm_wG3DBtcTkRYL8jvJgHtjo?authuser=0&hl=en&rclk=1",
        "state": "Madhya Pradesh"
    },
    {
        "name": "UCO Bank",
        "url": "https://www.google.com/maps/place/UCO+Bank/data=!4m7!3m6!1s0x39796ea1b430aabb:0x1cdc5255446354d7!8m2!3d24.1807!4d78.1989!16s%2Fg%2F11c70cg30c!19sChIJu6owtKFueTkR11RjRFVS3Bw?authuser=0&hl=en&rclk=1",
        "state": "Madhya Pradesh"
    },
    {
        "name": "UCO Bank - Tejaji Nagar Branch",
        "url": "https://www.google.com/maps/place/UCO+Bank+-+Tejaji+Nagar+Branch/data=!4m7!3m6!1s0x3962fb4625f9804d:0x508b7634fcf51a6c!8m2!3d22.636567!4d75.8878301!16s%2Fg%2F11b5pk17_2!19sChIJTYD5JUb7YjkRbBr1_DR2i1A?authuser=0&hl=en&rclk=1",
        "state": "Madhya Pradesh"
    },
    {
        "name": "UCO Bank",
        "url": "https://www.google.com/maps/place/UCO+Bank/data=!4m7!3m6!1s0x3962fd35e5981379:0xb29e19d4473617d5!8m2!3d22.7258287!4d75.8946986!16s%2Fg%2F1q6b8p6zj!19sChIJeROY5TX9YjkR1Rc2R9QZnrI?authuser=0&hl=en&rclk=1",
        "state": "Madhya Pradesh"
    },
    {
        "name": "UCO Bank",
        "url": "https://www.google.com/maps/place/UCO+Bank/data=!4m7!3m6!1s0x39764d2562f77f25:0x122c7b8e783bcad0!8m2!3d26.0005152!4d78.8741916!16s%2Fg%2F11g_f_zp9!19sChIJJX_3YiVNdjkR0Mo7eI57LBI?authuser=0&hl=en&rclk=1",
        "state": "Madhya Pradesh"
    },
    {
        "name": "UCO Bank",
        "url": "https://www.google.com/maps/place/UCO+Bank/data=!4m7!3m6!1s0x398297dc43041f1d:0xef6de25f1866c562!8m2!3d24.9104016!4d79.5870121!16s%2Fg%2F11c0py_b6g!19sChIJHR8EQ9yXgjkRYsVmGF_ibe8?authuser=0&hl=en&rclk=1",
        "state": "Madhya Pradesh"
    },
    {
        "name": "UCO Bank",
        "url": "https://www.google.com/maps/place/UCO+Bank/data=!4m7!3m6!1s0x3962f9d482f77ee5:0x5b79031e19be1aad!8m2!3d22.5574418!4d75.7627665!16s%2Fg%2F11clzgfn38!19sChIJ5X73gtT5YjkRrRq-GR4DeVs?authuser=0&hl=en&rclk=1",
        "state": "Madhya Pradesh"
    },
    {
        "name": "UCO Bank",
        "url": "https://www.google.com/maps/place/UCO+Bank/data=!4m7!3m6!1s0x3963bfba474d02b7:0x42685c347b9a8713!8m2!3d23.0444455!4d75.3743025!16s%2Fg%2F12hy39487!19sChIJtwJNR7q_YzkRE4eaezRcaEI?authuser=0&hl=en&rclk=1",
        "state": "Madhya Pradesh"
    },
    {
        "name": "UCO Bank - Dhar Branch",
        "url": "https://www.google.com/maps/place/UCO+Bank+-+Dhar+Branch/data=!4m7!3m6!1s0x396236794ba056f3:0x2415d690b54aeab8!8m2!3d22.5980191!4d75.3005927!16s%2Fg%2F11cnn0qnbb!19sChIJ81agS3k2YjkRuOpKtZDWFSQ?authuser=0&hl=en&rclk=1",
        "state": "Madhya Pradesh"
    },
    {
        "name": "UCO Bank Agar Malwa",
        "url": "https://www.google.com/maps/place/UCO+Bank+Agar+Malwa/data=!4m7!3m6!1s0x3964970036d40b9d:0x51237603d6151250!8m2!3d23.7127286!4d76.0042427!16s%2Fg%2F11vyyt8mwh!19sChIJnQvUNgCXZDkRUBIV1gN2I1E?authuser=0&hl=en&rclk=1",
        "state": "Madhya Pradesh"
    },
    {
        "name": "UCO Bank",
        "url": "https://www.google.com/maps/place/UCO+Bank/data=!4m7!3m6!1s0x3963746a688686f7:0x598b37f64698a40f!8m2!3d23.1792371!4d75.7849645!16s%2Fg%2F11b7xlkz8k!19sChIJ94aGaGp0YzkRD6SYRvY3i1k?authuser=0&hl=en&rclk=1",
        "state": "Madhya Pradesh"
    },
    {
        "name": "UCO Bank - Dindori Branch",
        "url": "https://www.google.com/maps/place/UCO+Bank+-+Dindori+Branch/data=!4m7!3m6!1s0x39873caeb09a766b:0xbb83a259fd0ad8ef!8m2!3d22.9337334!4d81.081622!16s%2Fg%2F11b6zkp3gt!19sChIJa3aasK48hzkR79gK_Vmig7s?authuser=0&hl=en&rclk=1",
        "state": "Madhya Pradesh"
    },
    {
        "name": "UCO Bank - Anoop Nagar Branch",
        "url": "https://www.google.com/maps/place/UCO+Bank+-+Anoop+Nagar+Branch/data=!4m7!3m6!1s0x3962fd4f2ea7c827:0x6ca354b2d51234c8!8m2!3d22.7326621!4d75.890726!16s%2Fg%2F1q6j6fgmj!19sChIJJ8inLk_9YjkRyDQS1bJUo2w?authuser=0&hl=en&rclk=1",
        "state": "Madhya Pradesh"
    },
    {
        "name": "UCO Bank",
        "url": "https://www.google.com/maps/place/UCO+Bank/data=!4m7!3m6!1s0x397c6f474af7cbaf:0x293d4409916d3d73!8m2!3d23.3629346!4d77.3999531!16s%2Fg%2F11gfjtsvxy!19sChIJr8v3SkdvfDkRcz1tkQlEPSk?authuser=0&hl=en&rclk=1",
        "state": "Madhya Pradesh"
    },
    {
        "name": "UCO Bank",
        "url": "https://www.google.com/maps/place/UCO+Bank/data=!4m7!3m6!1s0x3978d6b16ebb0c45:0x3e55785f0c49ca1e!8m2!3d23.8406264!4d78.7409435!16s%2Fg%2F11g6zj4sqz!19sChIJRQy7brHWeDkRHspJDF94VT4?authuser=0&hl=en&rclk=1",
        "state": "Madhya Pradesh"
    },
    {
        "name": "UCO Bank",
        "url": "https://www.google.com/maps/place/UCO+Bank/data=!4m7!3m6!1s0x3bd6099248dac6e7:0xe3928db5e973c788!8m2!3d21.8990508!4d77.9013753!16s%2Fg%2F11bx5phg15!19sChIJ58baSJIJ1jsRiMdz6bWNkuM?authuser=0&hl=en&rclk=1",
        "state": "Madhya Pradesh"
    },
    {
        "name": "UCO Bank",
        "url": "https://www.google.com/maps/place/UCO+Bank/data=!4m7!3m6!1s0x397a3019d05bff05:0xf57202d523d0ba0c!8m2!3d24.5698187!4d77.7343205!16s%2Fg%2F113fdc9bn!19sChIJBf9b0BkwejkRDLrQI9UCcvU?authuser=0&hl=en&rclk=1",
        "state": "Madhya Pradesh"
    },
    {
        "name": "UCO Bank",
        "url": "https://www.google.com/maps/place/UCO+Bank/data=!4m7!3m6!1s0x3970bbf8ade98b4d:0xcfe8509d7a8b9171!8m2!3d25.4170902!4d77.6542445!16s%2Fg%2F11dxlfktfl!19sChIJTYvprfi7cDkRcZGLep1Q6M8?authuser=0&hl=en&rclk=1",
        "state": "Madhya Pradesh"
    },
    {
        "name": "UCO Bank",
        "url": "https://www.google.com/maps/place/UCO+Bank/data=!4m7!3m6!1s0x3962fd2eb6f5024d:0xc33a20de1c9de32e!8m2!3d22.7094801!4d75.8919286!16s%2Fg%2F11f0kqwf62!19sChIJTQL1ti79YjkRLuOdHN4gOsM?authuser=0&hl=en&rclk=1",
        "state": "Madhya Pradesh"
    },
    {
        "name": "UCO Bank - Kalmukhi Branch",
        "url": "https://www.google.com/maps/place/UCO+Bank+-+Kalmukhi+Branch/data=!4m7!3m6!1s0x3962a7ceed58fc87:0x4e173028f234224!8m2!3d22.0740997!4d76.2562323!16s%2Fg%2F1hf0mntn5!19sChIJh_xY7c6nYjkRJEIjjwJz4QQ?authuser=0&hl=en&rclk=1",
        "state": "Madhya Pradesh"
    },
    {
        "name": "UCO Bank",
        "url": "https://www.google.com/maps/place/UCO+Bank/data=!4m7!3m6!1s0x39640bae0f932e7f:0x751fec899c51a65c!8m2!3d23.491255!4d75.2840865!16s%2Fg%2F11fz_1spd7!19sChIJfy6TD64LZDkRXKZRnInsH3U?authuser=0&hl=en&rclk=1",
        "state": "Madhya Pradesh"
    },
    {
        "name": "UCO Bank",
        "url": "https://www.google.com/maps/place/UCO+Bank/data=!4m7!3m6!1s0x397e5cd329f48013:0xc028f2d48ddc0b2f!8m2!3d22.7632948!4d78.347221!16s%2Fg%2F12cp1dd10!19sChIJE4D0KdNcfjkRLwvcjdTyKMA?authuser=0&hl=en&rclk=1",
        "state": "Madhya Pradesh"
    },
    {
        "name": "UCO Bank",
        "url": "https://www.google.com/maps/place/UCO+Bank/data=!4m7!3m6!1s0x3962fc4c4b89ef29:0xaf6783df1278c1c9!8m2!3d22.6960286!4d75.835056!16s%2Fg%2F11c4blv154!19sChIJKe-JS0z8YjkRycF4Et-DZ68?authuser=0&hl=en&rclk=1",
        "state": "Madhya Pradesh"
    },
    {
        "name": "UCO Bank - Jhabua Branch",
        "url": "https://www.google.com/maps/place/UCO+Bank+-+Jhabua+Branch/data=!4m7!3m6!1s0x39610d2b82f7e995:0x44c0f0d066cc19a8!8m2!3d22.7722851!4d74.5901182!16s%2Fg%2F11f1pc8163!19sChIJlen3gisNYTkRqBnMZtDwwEQ?authuser=0&hl=en&rclk=1",
        "state": "Madhya Pradesh"
    },
    {
        "name": "UCO Bank - Rajgarh Branch",
        "url": "https://www.google.com/maps/place/UCO+Bank+-+Rajgarh+Branch/data=!4m7!3m6!1s0x397b393005241ccb:0xa4e5df827e76c997!8m2!3d24.0022896!4d76.7220533!16s%2Fg%2F1q5bkq_01!19sChIJyxwkBTA5ezkRl8l2foLf5aQ?authuser=0&hl=en&rclk=1",
        "state": "Madhya Pradesh"
    },
    {
        "name": "UCO Bank - Ganj Basoda Branch",
        "url": "https://www.google.com/maps/place/UCO+Bank+-+Ganj+Basoda+Branch/data=!4m7!3m6!1s0x397957f9c20eb9ef:0xbac7b7ba585c081a!8m2!3d23.8531565!4d77.9385273!16s%2Fg%2F11gbm1crpx!19sChIJ77kOwvlXeTkRGghcWLq3x7o?authuser=0&hl=en&rclk=1",
        "state": "Madhya Pradesh"
    },
    {
        "name": "UCO Bank",
        "url": "https://www.google.com/maps/place/UCO+Bank/data=!4m7!3m6!1s0x39840a81b0e63953:0xec839ded778541cc!8m2!3d24.2024221!4d80.8119778!16s%2Fg%2F12qf_qc75!19sChIJUznmsIEKhDkRzEGFd-2dg-w?authuser=0&hl=en&rclk=1",
        "state": "Madhya Pradesh"
    },
    {
        "name": "UCO Bank",
        "url": "https://www.google.com/maps/place/UCO+Bank/data=!4m7!3m6!1s0x39766dd5208fb043:0xedaee6bd284bf2f7!8m2!3d26.5070046!4d78.9321435!16s%2Fg%2F11g6xqptkp!19sChIJQ7CPINVtdjkR9_JLKL3mru0?authuser=0&hl=en&rclk=1",
        "state": "Madhya Pradesh"
    },
    {
        "name": "UCO Bank - Jagoti Branch",
        "url": "https://www.google.com/maps/place/UCO+Bank+-+Jagoti+Branch/data=!4m7!3m6!1s0x39637eaa49d908bb:0xf9402567808b3080!8m2!3d23.3987835!4d75.8044608!16s%2Fg%2F11gf1wtyr9!19sChIJuwjZSap-YzkRgDCLgGclQPk?authuser=0&hl=en&rclk=1",
        "state": "Madhya Pradesh"
    },
    {
        "name": "UCO Bank",
        "url": "https://www.google.com/maps/place/UCO+Bank/data=!4m7!3m6!1s0x39631d67925e870b:0xe440ae0d6c268806!8m2!3d22.7627132!4d75.923916!16s%2Fg%2F11b6s2sr1q!19sChIJC4dekmcdYzkRBogmbA2uQOQ?authuser=0&hl=en&rclk=1",
        "state": "Madhya Pradesh"
    },
    {
        "name": "UCO Bank",
        "url": "https://www.google.com/maps/place/UCO+Bank/data=!4m7!3m6!1s0x3962fdd9e02043e5:0xa426ffbd3adb0428!8m2!3d22.7076501!4d75.8113831!16s%2Fg%2F11c2kn3hd4!19sChIJ5UMg4Nn9YjkRKATbOr3_JqQ?authuser=0&hl=en&rclk=1",
        "state": "Madhya Pradesh"
    },
    {
        "name": "UCO Bank",
        "url": "https://www.google.com/maps/place/UCO+Bank/data=!4m7!3m6!1s0x3981a5d483bee8a1:0x2b68d1483b7102d1!8m2!3d23.2978865!4d80.0034301!16s%2Fg%2F11c52xrnvk!19sChIJoei-g9SlgTkR0QJxO0jRaCs?authuser=0&hl=en&rclk=1",
        "state": "Madhya Pradesh"
    },
    {
        "name": "UCO Bank",
        "url": "https://www.google.com/maps/place/UCO+Bank/data=!4m7!3m6!1s0x3981ab1eb898f6b9:0xa562696ea64426d4!8m2!3d23.0956379!4d80.0489278!16s%2Fg%2F11gc9h2nh0!19sChIJufaYuB6rgTkR1CZEpm5pYqU?authuser=0&hl=en&rclk=1",
        "state": "Madhya Pradesh"
    },
    {
        "name": "UCO Bank",
        "url": "https://www.google.com/maps/place/UCO+Bank/data=!4m7!3m6!1s0x398161a300000001:0x56017c18925700fb!8m2!3d23.7997415!4d80.3814889!16s%2Fg%2F11ddzwzdg1!19sChIJAQAAAKNhgTkR-wBXkhh8AVY?authuser=0&hl=en&rclk=1",
        "state": "Madhya Pradesh"
    },
    {
        "name": "UCO Bank",
        "url": "https://www.google.com/maps/place/UCO+Bank/data=!4m7!3m6!1s0x39667386a709bfc1:0x1d12b4d42afc4f87!8m2!3d24.4586724!4d74.868362!16s%2Fg%2F11gd1w1p87!19sChIJwb8Jp4ZzZjkRh0_8KtS0Eh0?authuser=0&hl=en&rclk=1",
        "state": "Madhya Pradesh"
    },
    {
        "name": "UCO Bank",
        "url": "https://www.google.com/maps/place/UCO+Bank/data=!4m7!3m6!1s0x397cf3154221c3cd:0x7b228821faeb7a6b!8m2!3d23.2014872!4d77.0782502!16s%2Fg%2F1q5bmcj18!19sChIJzcMhQhXzfDkRa3rr-iGIIns?authuser=0&hl=en&rclk=1",
        "state": "Madhya Pradesh"
    },
    {
        "name": "UCO Bank",
        "url": "https://www.google.com/maps/place/UCO+Bank/data=!4m7!3m6!1s0x3962f0cf78468273:0x2e1d1d70f27a7753!8m2!3d22.5247696!4d75.8179184!16s%2Fg%2F11cltlfr3n!19sChIJc4JGeM_wYjkRU3d68nAdHS4?authuser=0&hl=en&rclk=1",
        "state": "Madhya Pradesh"
    },
    {
        "name": "UCO Bank - Zonal Office",
        "url": "https://www.google.com/maps/place/UCO+Bank+-+Zonal+Office/data=!4m7!3m6!1s0x3962fd3450b2037d:0x7fccea15b0fcf548!8m2!3d22.7234431!4d75.8965514!16s%2Fg%2F11bx8mvzl5!19sChIJfQOyUDT9YjkRSPX8sBXqzH8?authuser=0&hl=en&rclk=1",
        "state": "Madhya Pradesh"
    },
    {
        "name": "UCO Bank",
        "url": "https://www.google.com/maps/place/UCO+Bank/data=!4m7!3m6!1s0x396435ebfbbe212b:0x4da739dc3d579a12!8m2!3d24.1110153!4d75.323255!16s%2Fg%2F11ddwt8tgp!19sChIJKyG---s1ZDkREppXPdw5p00?authuser=0&hl=en&rclk=1",
        "state": "Madhya Pradesh"
    },
    {
        "name": "UCO Bank",
        "url": "https://www.google.com/maps/place/UCO+Bank/data=!4m7!3m6!1s0x397d9db88223d24b:0x1a05bfcff46e5049!8m2!3d22.3720219!4d77.2257613!16s%2Fg%2F11c3n33qrr!19sChIJS9IjgridfTkRSVBu9M-_BRo?authuser=0&hl=en&rclk=1",
        "state": "Madhya Pradesh"
    },
    {
        "name": "UCO Bank",
        "url": "https://www.google.com/maps/place/UCO+Bank/data=!4m7!3m6!1s0x397c0543aac07881:0x968dfdb1f2ba154e!8m2!3d23.5224593!4d77.813056!16s%2Fg%2F11my2sl9vz!19sChIJgXjAqkMFfDkRThW68rH9jZY?authuser=0&hl=en&rclk=1",
        "state": "Madhya Pradesh"
    },
    {
        "name": "UCO Bank - Bichhrod Branch",
        "url": "https://www.google.com/maps/place/UCO+Bank+-+Bichhrod+Branch/data=!4m7!3m6!1s0x3963644b1fb315cb:0xdc8694b4da2bd075!8m2!3d23.3644561!4d75.9664495!16s%2Fg%2F11f2pxpw1r!19sChIJyxWzH0tkYzkRddAr2rSUhtw?authuser=0&hl=en&rclk=1",
        "state": "Madhya Pradesh"
    },
    {
        "name": "UCO Bank",
        "url": "https://www.google.com/maps/place/UCO+Bank/data=!4m7!3m6!1s0x3981ae19418f63af:0x43dd87cfadb3aea4!8m2!3d23.17289!4d79.9261049!16s%2Fg%2F11cnbpttc2!19sChIJr2OPQRmugTkRpK6zrc-H3UM?authuser=0&hl=en&rclk=1",
        "state": "Madhya Pradesh"
    },
    {
        "name": "UCO Bank - City Back Office",
        "url": "https://www.google.com/maps/place/UCO+Bank+-+City+Back+Office/data=!4m7!3m6!1s0x3962fd7334133253:0xb9faca8a84bfac7f!8m2!3d22.7240447!4d75.8610097!16s%2Fg%2F125__8wfw!19sChIJUzITNHP9YjkRf6y_hIrK-rk?authuser=0&hl=en&rclk=1",
        "state": "Madhya Pradesh"
    }
]