[
    {
        "name": "UCO Bank",
        "url": "https://www.google.com/maps/place/UCO+Bank/data=!4m7!3m6!1s0x390ce2b368d39625:0xb6a743fd1d2f5878!8m2!3d28.6229147!4d77.2115647!16s%2Fg%2F1tf73xqb!19sChIJJZbTaLPiDDkReFgvHf1Dp7Y?authuser=0&hl=en&rclk=1",
        "state": "Delhi"
    },
    {
        "name": "UCO Bank",
        "url": "https://www.google.com/maps/place/UCO+Bank/data=!4m7!3m6!1s0x390ce2d72decd029:0x8daf52b90199ef28!8m2!3d28.61579!4d77.23502!16s%2Fg%2F11b6byr2xr!19sChIJKdDsLdfiDDkRKO-ZAblSr40?authuser=0&hl=en&rclk=1",
        "state": "Delhi"
    },
    {
        "name": "UCO Bank",
        "url": "https://www.google.com/maps/place/UCO+Bank/data=!4m7!3m6!1s0x390ce1f2555a2da5:0x2f9e0e3f01943154!8m2!3d28.5279123!4d77.208848!16s%2Fg%2F12hms8nf5!19sChIJpS1aVfLhDDkRVDGUAT8Oni8?authuser=0&hl=en&rclk=1",
        "state": "Delhi"
    },
    {
        "name": "UCO Bank",
        "url": "https://www.google.com/maps/place/UCO+Bank/data=!4m7!3m6!1s0x390d05265d70e29f:0x57ce00b5f8000c73!8m2!3d28.6212365!4d77.051086!16s%2Fg%2F1ptymr09m!19sChIJn-JwXSYFDTkRcwwA-LUAzlc?authuser=0&hl=en&rclk=1",
        "state": "Delhi"
    },
    {
        "name": "UCO Bank",
        "url": "https://www.google.com/maps/place/UCO+Bank/data=!4m7!3m6!1s0x390ce3af965c7b05:0x1a3d73e48bd7d596!8m2!3d28.6746356!4d77.4290438!16s%2Fg%2F11j8hm5sjf!19sChIJBXtclq_jDDkRltXXi-RzPRo?authuser=0&hl=en&rclk=1",
        "state": "Delhi"
    },
    {
        "name": "UCO Bank",
        "url": "https://www.google.com/maps/place/UCO+Bank/data=!4m7!3m6!1s0x390ce2144508f3bd:0xfa7d872e3ac47031!8m2!3d28.549726!4d77.215546!16s%2Fg%2F1ttdlc9r!19sChIJvfMIRRTiDDkRMXDEOi6Hffo?authuser=0&hl=en&rclk=1",
        "state": "Delhi"
    },
    {
        "name": "UCO Bank",
        "url": "https://www.google.com/maps/place/UCO+Bank/data=!4m7!3m6!1s0x390d1b52d2314897:0x7c556cfc2b739485!8m2!3d28.6112063!4d77.093268!16s%2Fg%2F11cn3pvhj_!19sChIJl0gx0lIbDTkRhZRzK_xsVXw?authuser=0&hl=en&rclk=1",
        "state": "Delhi"
    },
    {
        "name": "UCO Bank",
        "url": "https://www.google.com/maps/place/UCO+Bank/data=!4m7!3m6!1s0x390d1ad0c8fe85ab:0x326aef33f54eb81a!8m2!3d28.59749!4d77.05015!16s%2Fg%2F1hm26zwb_!19sChIJq4X-yNAaDTkRGrhO9TPvajI?authuser=0&hl=en&rclk=1",
        "state": "Delhi"
    },
    {
        "name": "UCO Bank",
        "url": "https://www.google.com/maps/place/UCO+Bank/data=!4m7!3m6!1s0x390ce212e970d9d1:0xefd8141e1dec9385!8m2!3d28.5520004!4d77.207753!16s%2Fg%2F1ptwy06qf!19sChIJ0dlw6RLiDDkRhZPsHR4U2O8?authuser=0&hl=en&rclk=1",
        "state": "Delhi"
    },
    {
        "name": "UCO Bank",
        "url": "https://www.google.com/maps/place/UCO+Bank/data=!4m7!3m6!1s0x390d036539991bb3:0xe3d3bbb7ef5dbcbc!8m2!3d28.64685!4d77.11233!16s%2Fg%2F11cmp5dz8n!19sChIJsxuZOWUDDTkRvLxd77e70-M?authuser=0&hl=en&rclk=1",
        "state": "Delhi"
    },
    {
        "name": "UCO Bank",
        "url": "https://www.google.com/maps/place/UCO+Bank/data=!4m7!3m6!1s0x390cfd179b7a4b03:0xa14646e9aa32dbed!8m2!3d28.6498576!4d77.2281673!16s%2Fg%2F1ptygrdvt!19sChIJA0t6mxf9DDkR7dsyqulGRqE?authuser=0&hl=en&rclk=1",
        "state": "Delhi"
    },
    {
        "name": "UCO Bank",
        "url": "https://www.google.com/maps/place/UCO+Bank/data=!4m7!3m6!1s0x390ce402013ca2f3:0x43cfd63cb18d2006!8m2!3d28.5474719!4d77.2926962!16s%2Fg%2F1tl1lv5h!19sChIJ86I8AQLkDDkRBiCNsTzWz0M?authuser=0&hl=en&rclk=1",
        "state": "Delhi"
    },
    {
        "name": "UCO Bank",
        "url": "https://www.google.com/maps/place/UCO+Bank/data=!4m7!3m6!1s0x390d031358d8d03f:0x8529cbc685ae93c0!8m2!3d28.6435065!4d77.1263733!16s%2Fg%2F11gddmvpp_!19sChIJP9DYWBMDDTkRwJOuhcbLKYU?authuser=0&hl=en&rclk=1",
        "state": "Delhi"
    },
    {
        "name": "UCO Bank",
        "url": "https://www.google.com/maps/place/UCO+Bank/data=!4m7!3m6!1s0x390d030f6f6e81fd:0xba4ee1185e84568f!8m2!3d28.6538849!4d77.1360326!16s%2Fg%2F1pp2tx1y9!19sChIJ_YFubw8DDTkRj1aEXhjhTro?authuser=0&hl=en&rclk=1",
        "state": "Delhi"
    },
    {
        "name": "UCO Bank",
        "url": "https://www.google.com/maps/place/UCO+Bank/data=!4m7!3m6!1s0x390cfd26c0bfcef9:0x63b491ea2d35898c!8m2!3d28.6410527!4d77.2361152!16s%2Fg%2F11cn9jpd3l!19sChIJ-c6_wCb9DDkRjIk1LeqRtGM?authuser=0&hl=en&rclk=1",
        "state": "Delhi"
    },
    {
        "name": "UCO Bank",
        "url": "https://www.google.com/maps/place/UCO+Bank/data=!4m7!3m6!1s0x390ce10e455be8b3:0xcce28df7d21f6996!8m2!3d28.5059575!4d77.2514713!16s%2Fg%2F1hm1t_j88!19sChIJs-hbRQ7hDDkRlmkf0veN4sw?authuser=0&hl=en&rclk=1",
        "state": "Delhi"
    },
    {
        "name": "UCO Bank",
        "url": "https://www.google.com/maps/place/UCO+Bank/data=!4m7!3m6!1s0x390d1d9fade07b7d:0x819195dc799bd398!8m2!3d28.5640787!4d77.1736726!16s%2Fg%2F11byp60xz2!19sChIJfXvgrZ8dDTkRmNObedyVkYE?authuser=0&hl=en&rclk=1",
        "state": "Delhi"
    },
    {
        "name": "UCO Bank",
        "url": "https://www.google.com/maps/place/UCO+Bank/data=!4m7!3m6!1s0x390ce24e38462a6d:0xcf450e717ba65179!8m2!3d28.566204!4d77.232608!16s%2Fg%2F11cjgfyz_d!19sChIJbSpGOE7iDDkReVGme3EORc8?authuser=0&hl=en&rclk=1",
        "state": "Delhi"
    },
    {
        "name": "UCO Bank",
        "url": "https://www.google.com/maps/place/UCO+Bank/data=!4m7!3m6!1s0x390d0162ef03f931:0xe4e9565f5c7ab392!8m2!3d28.7095712!4d77.1346592!16s%2Fg%2F12hlbh5yn!19sChIJMfkD72IBDTkRkrN6XF9W6eQ?authuser=0&hl=en&rclk=1",
        "state": "Delhi"
    },
    {
        "name": "UCO Bank",
        "url": "https://www.google.com/maps/place/UCO+Bank/data=!4m7!3m6!1s0x390d03aea657adf3:0x3a0bd18a9ec68bd9!8m2!3d28.6686864!4d77.1426294!16s%2Fg%2F1hd_4lfvp!19sChIJ861Xpq4DDTkR2YvGnorRCzo?authuser=0&hl=en&rclk=1",
        "state": "Delhi"
    },
    {
        "name": "UCO Bank",
        "url": "https://www.google.com/maps/place/UCO+Bank/data=!4m7!3m6!1s0x390cfd7abfa93813:0x4cba271fe80c4ecc!8m2!3d28.658865!4d77.2054601!16s%2Fg%2F11f4qys0jc!19sChIJEzipv3r9DDkRzE4M6B8nukw?authuser=0&hl=en&rclk=1",
        "state": "Delhi"
    },
    {
        "name": "UCO Bank",
        "url": "https://www.google.com/maps/place/UCO+Bank/data=!4m7!3m6!1s0x390d02031af6e96b:0x1166c3333d77e409!8m2!3d28.7070434!4d77.1845415!16s%2Fg%2F1hm5dg7b0!19sChIJa-n2GgMCDTkRCeR3PTPDZhE?authuser=0&hl=en&rclk=1",
        "state": "Delhi"
    },
    {
        "name": "UCO Bank",
        "url": "https://www.google.com/maps/place/UCO+Bank/data=!4m7!3m6!1s0x390ce4a274ac890b:0x2c046488d161bb85!8m2!3d28.6080012!4d77.2937288!16s%2Fg%2F12m8z22yj!19sChIJC4msdKLkDDkRhbth0YhkBCw?authuser=0&hl=en&rclk=1",
        "state": "Delhi"
    },
    {
        "name": "UCO Bank",
        "url": "https://www.google.com/maps/place/UCO+Bank/data=!4m7!3m6!1s0x390ce3c56a983ab9:0xef4f0becb3b3069!8m2!3d28.5483425!4d77.2523295!16s%2Fg%2F1tg59g_2!19sChIJuTqYasXjDDkRaTA7y77w9A4?authuser=0&hl=en&rclk=1",
        "state": "Delhi"
    },
    {
        "name": "UCO Bank",
        "url": "https://www.google.com/maps/place/UCO+Bank/data=!4m7!3m6!1s0x390d0220f86b7ba3:0x422d8a221630db27!8m2!3d28.7089233!4d77.1675573!16s%2Fg%2F12llx9jm5!19sChIJo3tr-CACDTkRJ9swFiKKLUI?authuser=0&hl=en&rclk=1",
        "state": "Delhi"
    },
    {
        "name": "UCO Bank",
        "url": "https://www.google.com/maps/place/UCO+Bank/data=!4m7!3m6!1s0x390d0157cc687e8b:0xea9991968c3904f7!8m2!3d28.7060855!4d77.1113196!16s%2Fg%2F124sr0wxx!19sChIJi35ozFcBDTkR9wQ5jJaRmeo?authuser=0&hl=en&rclk=1",
        "state": "Delhi"
    },
    {
        "name": "UCO Bank",
        "url": "https://www.google.com/maps/place/UCO+Bank/data=!4m7!3m6!1s0x390cfd822e11b1e9:0x917ce22e32203234!8m2!3d28.6410155!4d77.2790845!16s%2Fg%2F11lq7t67qq!19sChIJ6bERLoL9DDkRNDIgMi7ifJE?authuser=0&hl=en&rclk=1",
        "state": "Delhi"
    },
    {
        "name": "UCO Bank",
        "url": "https://www.google.com/maps/place/UCO+Bank/data=!4m7!3m6!1s0x390d030532cdc991:0x2265c3f20b6f77c7!8m2!3d28.6454754!4d77.1679006!16s%2Fg%2F11mfwqt6c3!19sChIJkcnNMgUDDTkRx3dvC_LDZSI?authuser=0&hl=en&rclk=1",
        "state": "Delhi"
    },
    {
        "name": "UCO Bank",
        "url": "https://www.google.com/maps/place/UCO+Bank/data=!4m7!3m6!1s0x390d02eac9f521db:0x19b01f2afad6c457!8m2!3d28.6445637!4d77.1765447!16s%2Fg%2F12lkry430!19sChIJ2yH1yeoCDTkRV8TW-iofsBk?authuser=0&hl=en&rclk=1",
        "state": "Delhi"
    },
    {
        "name": "UCO Bank",
        "url": "https://www.google.com/maps/place/UCO+Bank/data=!4m7!3m6!1s0x390d058cb94bf317:0xe213a4d95e6ad77f!8m2!3d28.6413922!4d77.0792691!16s%2Fg%2F11mfwyrkbh!19sChIJF_NLuYwFDTkRf9dqXtmkE-I?authuser=0&hl=en&rclk=1",
        "state": "Delhi"
    },
    {
        "name": "UCO Bank",
        "url": "https://www.google.com/maps/place/UCO+Bank/data=!4m7!3m6!1s0x390ce2d2b440ee6d:0x3516f52959dc3271!8m2!3d28.62433!4d77.23024!16s%2Fg%2F11b6hw0n0j!19sChIJbe5AtNLiDDkRcTLcWSn1FjU?authuser=0&hl=en&rclk=1",
        "state": "Delhi"
    },
    {
        "name": "UCO Bank",
        "url": "https://www.google.com/maps/place/UCO+Bank/data=!4m7!3m6!1s0x390ce33e6717b567:0x4e5c8dbb2f0c5a94!8m2!3d28.5317517!4d77.2136822!16s%2Fg%2F11mfwy00v5!19sChIJZ7UXZz7jDDkRlFoML7uNXE4?authuser=0&hl=en&rclk=1",
        "state": "Delhi"
    },
    {
        "name": "UCO Bank",
        "url": "https://www.google.com/maps/place/UCO+Bank/data=!4m7!3m6!1s0x390d05fbf6255c3d:0xea8987660532592a!8m2!3d28.67901!4d77.09796!16s%2Fg%2F11l1482vz4!19sChIJPVwl9vsFDTkRKlkyBWaHieo?authuser=0&hl=en&rclk=1",
        "state": "Delhi"
    },
    {
        "name": "UCO Bank",
        "url": "https://www.google.com/maps/place/UCO+Bank/data=!4m7!3m6!1s0x390d030bd90234ff:0x881ebc4ada3ed9aa!8m2!3d28.64613!4d77.18995!16s%2Fg%2F11qjlmvhrx!19sChIJ_zQC2QsDDTkRqtk-2kq8Hog?authuser=0&hl=en&rclk=1",
        "state": "Delhi"
    },
    {
        "name": "UCO Bank",
        "url": "https://www.google.com/maps/place/UCO+Bank/data=!4m7!3m6!1s0x390cfcd388105f53:0x2f0c03499fcb18c1!8m2!3d28.6297629!4d77.2463247!16s%2Fg%2F11csq_j84_!19sChIJU18QiNP8DDkRwRjLn0kDDC8?authuser=0&hl=en&rclk=1",
        "state": "Delhi"
    },
    {
        "name": "UCO Bank",
        "url": "https://www.google.com/maps/place/UCO+Bank/data=!4m7!3m6!1s0x390d02a2e1a2b483:0x3192ed7d3b7653c3!8m2!3d28.6403732!4d77.1846014!16s%2Fg%2F124strs0w!19sChIJg7Si4aICDTkRw1N2O33tkjE?authuser=0&hl=en&rclk=1",
        "state": "Delhi"
    },
    {
        "name": "UCO Bank",
        "url": "https://www.google.com/maps/place/UCO+Bank/data=!4m7!3m6!1s0x390d071f43c4beb7:0x428ba0ea2c151bc5!8m2!3d28.7520511!4d77.0781559!16s%2Fg%2F11c2068y0b!19sChIJt77EQx8HDTkRxRsVLOqgi0I?authuser=0&hl=en&rclk=1",
        "state": "Delhi"
    },
    {
        "name": "UCO Bank",
        "url": "https://www.google.com/maps/place/UCO+Bank/data=!4m7!3m6!1s0x390d1bcb7b981d77:0xd7793f03609f0df8!8m2!3d28.5340392!4d77.0589412!16s%2Fg%2F1hjgyb0h7!19sChIJdx2Ye8sbDTkR-A2fYAM_edc?authuser=0&hl=en&rclk=1",
        "state": "Delhi"
    },
    {
        "name": "UCO Bank",
        "url": "https://www.google.com/maps/place/UCO+Bank/data=!4m7!3m6!1s0x390cfc9d47493bf9:0x97fb195a01296a64!8m2!3d28.6603298!4d77.2830129!16s%2Fg%2F1pp2vdftc!19sChIJ-TtJR538DDkRZGopAVoZ-5c?authuser=0&hl=en&rclk=1",
        "state": "Delhi"
    },
    {
        "name": "UCO Bank",
        "url": "https://www.google.com/maps/place/UCO+Bank/data=!4m7!3m6!1s0x390cfb4e8bd1705b:0x3e80e9677cf0c7f!8m2!3d28.6547069!4d77.2961341!16s%2Fg%2F11mfwr84hl!19sChIJW3DRi077DDkRfwzPd5YO6AM?authuser=0&hl=en&rclk=1",
        "state": "Delhi"
    },
    {
        "name": "UCO Bank",
        "url": "https://www.google.com/maps/place/UCO+Bank/data=!4m7!3m6!1s0x390cfd8fc780b989:0x46ab18b710ffd1b5!8m2!3d28.6814991!4d77.2046059!16s%2Fg%2F1ptx_thv3!19sChIJibmAx4_9DDkRtdH_ELcYq0Y?authuser=0&hl=en&rclk=1",
        "state": "Delhi"
    },
    {
        "name": "UCO Bank",
        "url": "https://www.google.com/maps/place/UCO+Bank/data=!4m7!3m6!1s0x390d03475a72974b:0x5a5147157545ff52!8m2!3d28.6301136!4d77.1249242!16s%2Fg%2F11c2nkktd3!19sChIJS5dyWkcDDTkRUv9FdRVHUVo?authuser=0&hl=en&rclk=1",
        "state": "Delhi"
    },
    {
        "name": "UCO Bank",
        "url": "https://www.google.com/maps/place/UCO+Bank/data=!4m7!3m6!1s0x390d0324b16c889d:0x7d4e44ad293075fb!8m2!3d28.6317958!4d77.1388003!16s%2Fg%2F1263pw3d7!19sChIJnYhssSQDDTkR-3UwKa1ETn0?authuser=0&hl=en&rclk=1",
        "state": "Delhi"
    },
    {
        "name": "UCO Bank",
        "url": "https://www.google.com/maps/place/UCO+Bank/data=!4m7!3m6!1s0x390ce3f660c081c1:0x2872b5b4b93e873b!8m2!3d28.58582!4d77.2553!16s%2Fg%2F11mfwwrc66!19sChIJwYHAYPbjDDkRO4c-ubS1cig?authuser=0&hl=en&rclk=1",
        "state": "Delhi"
    },
    {
        "name": "UCO Bank",
        "url": "https://www.google.com/maps/place/UCO+Bank/data=!4m7!3m6!1s0x390ce36338c14ebb:0x3a4adb09efd22bd3!8m2!3d28.5865465!4d77.2525832!16s%2Fg%2F11l965_qr2!19sChIJu07BOGPjDDkR0yvS7wnbSjo?authuser=0&hl=en&rclk=1",
        "state": "Delhi"
    },
    {
        "name": "UCO Bank",
        "url": "https://www.google.com/maps/place/UCO+Bank/data=!4m7!3m6!1s0x390d024e89bc36bf:0x69e55da1b445ecf1!8m2!3d28.6782635!4d77.1552116!16s%2Fg%2F12hl4kcv0!19sChIJvza8iU4CDTkR8exFtKFd5Wk?authuser=0&hl=en&rclk=1",
        "state": "Delhi"
    },
    {
        "name": "UCO Bank",
        "url": "https://www.google.com/maps/place/UCO+Bank/data=!4m7!3m6!1s0x390cfda2bd9b036f:0xbeb1876da15f06d0!8m2!3d28.6794067!4d77.2185049!16s%2Fg%2F11g8lqjkcd!19sChIJbwObvaL9DDkR0AZfoW2Hsb4?authuser=0&hl=en&rclk=1",
        "state": "Delhi"
    },
    {
        "name": "UCO Bank",
        "url": "https://www.google.com/maps/place/UCO+Bank/data=!4m7!3m6!1s0x390d0384f7730931:0xe96752fa0e560261!8m2!3d28.6994996!4d77.1391848!16s%2Fg%2F11mfwsymwd!19sChIJMQlz94QDDTkRYQJWDvpSZ-k?authuser=0&hl=en&rclk=1",
        "state": "Delhi"
    },
    {
        "name": "UCO Bank",
        "url": "https://www.google.com/maps/place/UCO+Bank/data=!4m7!3m6!1s0x390ce3cd76b0d945:0x8b42dafd8eb0195!8m2!3d28.6203504!4d77.227345!16s%2Fg%2F11mfxlqs2h!19sChIJRdmwds3jDDkRlQHr2K8ttAg?authuser=0&hl=en&rclk=1",
        "state": "Delhi"
    },
    {
        "name": "UCO Bank",
        "url": "https://www.google.com/maps/place/UCO+Bank/data=!4m7!3m6!1s0x390d018e614417ab:0x8eb3b76c1324756!8m2!3d28.72863!4d77.16605!16s%2Fg%2F11mfwvdk1d!19sChIJqxdEYY4BDTkRVkcywXY76wg?authuser=0&hl=en&rclk=1",
        "state": "Delhi"
    },
    {
        "name": "UCO Bank",
        "url": "https://www.google.com/maps/place/UCO+Bank/data=!4m7!3m6!1s0x390cfba74d9f386b:0xa1a5522938687c08!8m2!3d28.6759129!4d77.2954412!16s%2Fg%2F11bwkdrm3w!19sChIJazifTaf7DDkRCHxoOClSpaE?authuser=0&hl=en&rclk=1",
        "state": "Delhi"
    },
    {
        "name": "UCO Bank",
        "url": "https://www.google.com/maps/place/UCO+Bank/data=!4m7!3m6!1s0x390cfde0c40c0b67:0x3f901becad38cc89!8m2!3d28.7100885!4d77.2154231!16s%2Fg%2F1tj1kwxk!19sChIJZwsMxOD9DDkRicw4rewbkD8?authuser=0&hl=en&rclk=1",
        "state": "Delhi"
    },
    {
        "name": "UCO Bank",
        "url": "https://www.google.com/maps/place/UCO+Bank/data=!4m7!3m6!1s0x390ce45a0dd2d949:0x42715c192dadf5b5!8m2!3d28.5805073!4d77.3202978!16s%2Fg%2F12mkvn517!19sChIJSdnSDVrkDDkRtfWtLRlccUI?authuser=0&hl=en&rclk=1",
        "state": "Delhi"
    },
    {
        "name": "UCO Bank",
        "url": "https://www.google.com/maps/place/UCO+Bank/data=!4m7!3m6!1s0x390cfde56dea5f33:0x9c78e8b5493f9b9!8m2!3d28.66345!4d77.25823!16s%2Fg%2F11mfwq77p8!19sChIJM1_qbeX9DDkRufmTVIuOxwk?authuser=0&hl=en&rclk=1",
        "state": "Delhi"
    },
    {
        "name": "UCO Bank",
        "url": "https://www.google.com/maps/place/UCO+Bank/data=!4m7!3m6!1s0x390d03a8b335b351:0xd4e53aca00b56b8c!8m2!3d28.649982!4d77.1625615!16s%2Fg%2F11mfw_452n!19sChIJUbM1s6gDDTkRjGu1AMo65dQ?authuser=0&hl=en&rclk=1",
        "state": "Delhi"
    },
    {
        "name": "UCO Bank",
        "url": "https://www.google.com/maps/place/UCO+Bank/data=!4m7!3m6!1s0x390cfd845972be85:0x372c50806387ea8a!8m2!3d28.6751308!4d77.2029424!16s%2Fg%2F1jkxz52g5!19sChIJhb5yWYT9DDkRiuqHY4BQLDc?authuser=0&hl=en&rclk=1",
        "state": "Delhi"
    },
    {
        "name": "UCO Bank",
        "url": "https://www.google.com/maps/place/UCO+Bank/data=!4m7!3m6!1s0x390cfd37fcdb6b71:0xfaa0c8f479bf802b!8m2!3d28.6336259!4d77.2220943!16s%2Fg%2F1pw3xbgf3!19sChIJcWvb_Df9DDkRK4C_efTIoPo?authuser=0&hl=en&rclk=1",
        "state": "Delhi"
    }
]