[
    {
        "name": "UCO Bank",
        "url": "https://www.google.com/maps/place/UCO+Bank/data=!4m7!3m6!1s0x390ff56bfbbb2c95:0x5177edf6bf056cd6!8m2!3d30.9299525!4d76.7978234!16s%2Fg%2F1hjgm23q1!19sChIJlSy7-2v1DzkR1mwFv_btd1E?authuser=0&hl=en&rclk=1",
        "state": "Himachal Pradesh"
    },
    {
        "name": "UCO Bank",
        "url": "https://www.google.com/maps/place/UCO+Bank/data=!4m7!3m6!1s0x390f86b677ead5c7:0xb8f9e4a4d9889eb7!8m2!3d30.9097954!4d77.1015103!16s%2Fg%2F11b86rkxdz!19sChIJx9Xqd7aGDzkRt56I2aTk-bg?authuser=0&hl=en&rclk=1",
        "state": "Himachal Pradesh"
    },
    {
        "name": "UCO Bank - Sarkaghat Branch",
        "url": "https://www.google.com/maps/place/UCO+Bank+-+Sarkaghat+Branch/data=!4m7!3m6!1s0x3904df2cee4162f1:0xc8c8a4e349d201c4!8m2!3d31.6971206!4d76.7357043!16s%2Fg%2F11c1r63kfw!19sChIJ8WJB7izfBDkRxAHSSeOkyMg?authuser=0&hl=en&rclk=1",
        "state": "Himachal Pradesh"
    },
    {
        "name": "UCO Bank",
        "url": "https://www.google.com/maps/place/UCO+Bank/data=!4m7!3m6!1s0x391b3ae813d31489:0x9fa6edde1765bcaa!8m2!3d31.8064788!4d76.2339672!16s%2Fg%2F11b7q2qp1j!19sChIJiRTTE-g6GzkRqrxlF97tpp8?authuser=0&hl=en&rclk=1",
        "state": "Himachal Pradesh"
    },
    {
        "name": "UCO Bank Mandi",
        "url": "https://www.google.com/maps/place/UCO+Bank+Mandi/data=!4m7!3m6!1s0x3904e223525efa5f:0xae9659156150a04a!8m2!3d31.7074392!4d76.9295489!16s%2Fg%2F11btvlfj23!19sChIJX_peUiPiBDkRSqBQYRVZlq4?authuser=0&hl=en&rclk=1",
        "state": "Himachal Pradesh"
    },
    {
        "name": "UCO Bank Manali",
        "url": "https://www.google.com/maps/place/UCO+Bank+Manali/data=!4m7!3m6!1s0x390487fe656fa4bd:0xc23562871728ba31!8m2!3d32.2456899!4d77.189582!16s%2Fg%2F11b76qc632!19sChIJvaRvZf6HBDkRMbooF4diNcI?authuser=0&hl=en&rclk=1",
        "state": "Himachal Pradesh"
    },
    {
        "name": "UCO Bank",
        "url": "https://www.google.com/maps/place/UCO+Bank/data=!4m7!3m6!1s0x39058c11dda2f44f:0x49ed5a5398a2649!8m2!3d31.1185464!4d77.4858749!16s%2Fg%2F1hm32rvgm!19sChIJT_Si3RGMBTkRSSaKOaXVngQ?authuser=0&hl=en&rclk=1",
        "state": "Himachal Pradesh"
    },
    {
        "name": "UCO Bank",
        "url": "https://www.google.com/maps/place/UCO+Bank/data=!4m7!3m6!1s0x390578b2ed507159:0x6eb2e9de8620bfbb!8m2!3d31.0786103!4d77.1815597!16s%2Fg%2F11b7llf3fj!19sChIJWXFQ7bJ4BTkRu78ght7psm4?authuser=0&hl=en&rclk=1",
        "state": "Himachal Pradesh"
    },
    {
        "name": "UCO Bank",
        "url": "https://www.google.com/maps/place/UCO+Bank/data=!4m7!3m6!1s0x39057f57b73b85f7:0x69758af51663c8dd!8m2!3d31.0686234!4d77.1927936!16s%2Fg%2F11c30wg2_5!19sChIJ94U7t1d_BTkR3chjFvWKdWk?authuser=0&hl=en&rclk=1",
        "state": "Himachal Pradesh"
    },
    {
        "name": "UCO Bank",
        "url": "https://www.google.com/maps/place/UCO+Bank/data=!4m7!3m6!1s0x390578b6473821a3:0x20c33d32ad2616c5!8m2!3d31.0831226!4d77.1730429!16s%2Fg%2F11b808h8z2!19sChIJoyE4R7Z4BTkRxRYmrTI9wyA?authuser=0&hl=en&rclk=1",
        "state": "Himachal Pradesh"
    },
    {
        "name": "UCO Bank - Tahliwala Branch",
        "url": "https://www.google.com/maps/place/UCO+Bank+-+Tahliwala+Branch/data=!4m7!3m6!1s0x391acf572b0a5845:0x977a5540db3c633a!8m2!3d31.3503769!4d76.2767025!16s%2Fg%2F11g68_j_7_!19sChIJRVgKK1fPGjkROmM820BVepc?authuser=0&hl=en&rclk=1",
        "state": "Himachal Pradesh"
    },
    {
        "name": "UCO Bank",
        "url": "https://www.google.com/maps/place/UCO+Bank/data=!4m7!3m6!1s0x3905256b1e0870ed:0x66031e32393e8c95!8m2!3d31.4979898!4d76.6625849!16s%2Fg%2F11b6_hg56c!19sChIJ7XAIHmslBTkRlYw-OTIeA2Y?authuser=0&hl=en&rclk=1",
        "state": "Himachal Pradesh"
    },
    {
        "name": "UCO Bank",
        "url": "https://www.google.com/maps/place/UCO+Bank/data=!4m7!3m6!1s0x390f8b9d5ba6a707:0xf90ae83be99c5927!8m2!3d30.8770619!4d76.8725821!16s%2Fg%2F1hg4vcq1w!19sChIJB6emW52LDzkRJ1mc6TvoCvk?authuser=0&hl=en&rclk=1",
        "state": "Himachal Pradesh"
    },
    {
        "name": "UCO Bank",
        "url": "https://www.google.com/maps/place/UCO+Bank/data=!4m7!3m6!1s0x3905789bf657aa3b:0x86d34d8d6b689e38!8m2!3d31.1024375!4d77.1983844!16s%2Fg%2F1262zthwd!19sChIJO6pX9pt4BTkROJ5oa41N04Y?authuser=0&hl=en&rclk=1",
        "state": "Himachal Pradesh"
    },
    {
        "name": "UCO Bank",
        "url": "https://www.google.com/maps/place/UCO+Bank/data=!4m7!3m6!1s0x3905eb3d46384d65:0x19d1c4d5c4beeb28!8m2!3d31.3058486!4d77.5836821!16s%2Fg%2F11g0qy44g5!19sChIJZU04Rj3rBTkRKOu-xNXE0Rk?authuser=0&hl=en&rclk=1",
        "state": "Himachal Pradesh"
    },
    {
        "name": "UCO Bank",
        "url": "https://www.google.com/maps/place/UCO+Bank/data=!4m7!3m6!1s0x391b4cfc96f929b1:0x336f4f95661f8491!8m2!3d32.1128859!4d76.4199597!16s%2Fg%2F11b6bnlyhd!19sChIJsSn5lvxMGzkRkYQfZpVPbzM?authuser=0&hl=en&rclk=1",
        "state": "Himachal Pradesh"
    },
    {
        "name": "UCO Bank",
        "url": "https://www.google.com/maps/place/UCO+Bank/data=!4m7!3m6!1s0x39053b74fd35b927:0x53ad693af3478d5!8m2!3d31.436058!4d76.712776!16s%2Fg%2F1pp2vjxtz!19sChIJJ7k1_XQ7BTkR1Xg0r5PWOgU?authuser=0&hl=en&rclk=1",
        "state": "Himachal Pradesh"
    },
    {
        "name": "UCO Bank",
        "url": "https://www.google.com/maps/place/UCO+Bank/data=!4m7!3m6!1s0x39053905f4e2e67f:0xe845f2de57ac6f26!8m2!3d31.3524244!4d76.69463!16s%2Fg%2F11cmj0hnh3!19sChIJf-bi9AU5BTkRJm-sV97yReg?authuser=0&hl=en&rclk=1",
        "state": "Himachal Pradesh"
    },
    {
        "name": "UCO Bank - Kandaghat Branch",
        "url": "https://www.google.com/maps/place/UCO+Bank+-+Kandaghat+Branch/data=!4m7!3m6!1s0x390f80adf4d54057:0xc62ccfa7208aa6e6!8m2!3d30.9669069!4d77.1078907!16s%2Fg%2F11b8244b34!19sChIJV0DV9K2ADzkR5qaKIKfPLMY?authuser=0&hl=en&rclk=1",
        "state": "Himachal Pradesh"
    },
    {
        "name": "UCO Bank sh subhash chand",
        "url": "https://www.google.com/maps/place/UCO+Bank+sh+subhash+chand/data=!4m7!3m6!1s0x3904d44ee9dad41d:0x2a0ac3f3ef37c011!8m2!3d31.6889736!4d76.5184064!16s%2Fg%2F12649chvd!19sChIJHdTa6U7UBDkREcA37_PDCio?authuser=0&hl=en&rclk=1",
        "state": "Himachal Pradesh"
    },
    {
        "name": "UCO Bank MCYC Branch",
        "url": "https://www.google.com/maps/place/UCO+Bank+MCYC+Branch/data=!4m7!3m6!1s0x39053f19a2d6edb1:0x1455726b6bc7ab62!8m2!3d31.3392725!4d76.7608896!16s%2Fg%2F11g6xrcqs5!19sChIJse3Wohk_BTkRYqvHa2tyVRQ?authuser=0&hl=en&rclk=1",
        "state": "Himachal Pradesh"
    },
    {
        "name": "UCO Bank",
        "url": "https://www.google.com/maps/place/UCO+Bank/data=!4m7!3m6!1s0x390f834e88f1df7d:0x33ffd6ce51b6bcec!8m2!3d30.8057923!4d77.1171061!16s%2Fg%2F11g6xs2q95!19sChIJfd_xiE6DDzkR7Ly2Uc7W_zM?authuser=0&hl=en&rclk=1",
        "state": "Himachal Pradesh"
    },
    {
        "name": "UCO Bank - Jukhala",
        "url": "https://www.google.com/maps/place/UCO+Bank+-+Jukhala/data=!4m7!3m6!1s0x39053ff834cfa251:0x28879e93b931035c!8m2!3d31.3113044!4d76.8160428!16s%2Fg%2F1tdfg1s2!19sChIJUaLPNPg_BTkRXAMxuZOehyg?authuser=0&hl=en&rclk=1",
        "state": "Himachal Pradesh"
    },
    {
        "name": "UCO Bank",
        "url": "https://www.google.com/maps/place/UCO+Bank/data=!4m7!3m6!1s0x3904b3e853a22845:0x3f52c60025e3a731!8m2!3d32.1053385!4d76.5345758!16s%2Fg%2F1hc49vxvy!19sChIJRSiiU-izBDkRMafjJQDGUj8?authuser=0&hl=en&rclk=1",
        "state": "Himachal Pradesh"
    },
    {
        "name": "UCO Bank - Chharol Branch",
        "url": "https://www.google.com/maps/place/UCO+Bank+-+Chharol+Branch/data=!4m7!3m6!1s0x390541031696c537:0xb4e7ff36558b549d!8m2!3d31.2556506!4d76.7699712!16s%2Fg%2F11fx5sy1r_!19sChIJN8WWFgNBBTkRnVSLVTb_57Q?authuser=0&hl=en&rclk=1",
        "state": "Himachal Pradesh"
    },
    {
        "name": "UCO Bank",
        "url": "https://www.google.com/maps/place/UCO+Bank/data=!4m7!3m6!1s0x39052c1865c10e7d:0x57b5463a63599fbb!8m2!3d31.5289695!4d76.5395472!16s%2Fg%2F12hlffhdr!19sChIJfQ7BZRgsBTkRu59ZYzpGtVc?authuser=0&hl=en&rclk=1",
        "state": "Himachal Pradesh"
    },
    {
        "name": "UCO Bank - Kashmir Branch",
        "url": "https://www.google.com/maps/place/UCO+Bank+-+Kashmir+Branch/data=!4m7!3m6!1s0x391b2a71200107d5:0xe44b833ce77e535b!8m2!3d31.6303345!4d76.3955744!16s%2Fg%2F11f3pnrk35!19sChIJ1QcBIHEqGzkRW1N-5zyDS-Q?authuser=0&hl=en&rclk=1",
        "state": "Himachal Pradesh"
    },
    {
        "name": "UCO Bank",
        "url": "https://www.google.com/maps/place/UCO+Bank/data=!4m7!3m6!1s0x3905249c8bdd73d5:0xb78f85f24f770bfa!8m2!3d31.510676!4d76.7292194!16s%2Fg%2F1pp2tk037!19sChIJ1XPdi5wkBTkR-gt3T_KFj7c?authuser=0&hl=en&rclk=1",
        "state": "Himachal Pradesh"
    },
    {
        "name": "UCO Bank",
        "url": "https://www.google.com/maps/place/UCO+Bank/data=!4m7!3m6!1s0x3905e86cfb16f24f:0x2a29c2a3d5987d25!8m2!3d31.3762665!4d77.7303964!16s%2Fg%2F11b6v8m_z5!19sChIJT_IW-2zoBTkRJX2Y1aPCKSo?authuser=0&hl=en&rclk=1",
        "state": "Himachal Pradesh"
    },
    {
        "name": "UCO Bank Dhargaura",
        "url": "https://www.google.com/maps/place/UCO+Bank+Dhargaura/data=!4m7!3m6!1s0x3905c34556524beb:0x8714cd0dd03605f7!8m2!3d31.4797594!4d77.7336951!16s%2Fg%2F11c7sxr4y3!19sChIJ60tSVkXDBTkR9wU20A3NFIc?authuser=0&hl=en&rclk=1",
        "state": "Himachal Pradesh"
    },
    {
        "name": "UCO Bank",
        "url": "https://www.google.com/maps/place/UCO+Bank/data=!4m7!3m6!1s0x3905371aacbb6151:0x703741e8e029d353!8m2!3d31.3434226!4d76.6061664!16s%2Fg%2F11clytm1yn!19sChIJUWG7rBo3BTkRU9Mp4OhBN3A?authuser=0&hl=en&rclk=1",
        "state": "Himachal Pradesh"
    },
    {
        "name": "UCO Bank - Reckong Peo Branch",
        "url": "https://www.google.com/maps/place/UCO+Bank+-+Reckong+Peo+Branch/data=!4m7!3m6!1s0x39066a2000bdd785:0xa9e23a4dd0c3db0e!8m2!3d31.5413206!4d78.2700962!16s%2Fg%2F11c1wpz8bs!19sChIJhde9ACBqBjkRDtvD0E064qk?authuser=0&hl=en&rclk=1",
        "state": "Himachal Pradesh"
    },
    {
        "name": "UCO Bank",
        "url": "https://www.google.com/maps/place/UCO+Bank/data=!4m7!3m6!1s0x3905627dc45602e7:0xd20ba335080afa89!8m2!3d30.9706365!4d76.9623482!16s%2Fg%2F1hf3nykdv!19sChIJ5wJWxH1iBTkRifoKCDWjC9I?authuser=0&hl=en&rclk=1",
        "state": "Himachal Pradesh"
    },
    {
        "name": "UCO Bank",
        "url": "https://www.google.com/maps/place/UCO+Bank/data=!4m7!3m6!1s0x391b4f8f894e7391:0xf206feec2838983!8m2!3d32.1138105!4d76.2808135!16s%2Fg%2F11cscchkz3!19sChIJkXNOiY9PGzkRg4mDwu5vIA8?authuser=0&hl=en&rclk=1",
        "state": "Himachal Pradesh"
    },
    {
        "name": "UCO Bank",
        "url": "https://www.google.com/maps/place/UCO+Bank/data=!4m7!3m6!1s0x3905892a8eabae19:0xb46425e631c8bf3a!8m2!3d31.0983659!4d77.425362!16s%2Fg%2F1hdzydn3p!19sChIJGa6rjiqJBTkROr_IMeYlZLQ?authuser=0&hl=en&rclk=1",
        "state": "Himachal Pradesh"
    },
    {
        "name": "UCO Bank",
        "url": "https://www.google.com/maps/place/UCO+Bank/data=!4m7!3m6!1s0x391b420a7e5db40f:0xa19f326421994c59!8m2!3d32.0555625!4d76.0858627!16s%2Fg%2F11bxf42d87!19sChIJD7RdfgpCGzkRWUyZIWQyn6E?authuser=0&hl=en&rclk=1",
        "state": "Himachal Pradesh"
    },
    {
        "name": "UCO Bank",
        "url": "https://www.google.com/maps/place/UCO+Bank/data=!4m7!3m6!1s0x391b1f47e86e979b:0x3cd4a03f9e5043f0!8m2!3d31.6647085!4d76.0637318!16s%2Fg%2F11c1njrkfm!19sChIJm5du6EcfGzkR8ENQnj-g1Dw?authuser=0&hl=en&rclk=1",
        "state": "Himachal Pradesh"
    },
    {
        "name": "UCO Bank",
        "url": "https://www.google.com/maps/place/UCO+Bank/data=!4m7!3m6!1s0x391b23ef0516bbe5:0x49635f9f697d0daf!8m2!3d31.7010708!4d76.1632643!16s%2Fg%2F11bbwppdw7!19sChIJ5bsWBe8jGzkRrw19aZ9fY0k?authuser=0&hl=en&rclk=1",
        "state": "Himachal Pradesh"
    },
    {
        "name": "UCO Bank",
        "url": "https://www.google.com/maps/place/UCO+Bank/data=!4m7!3m6!1s0x390578ecc3358569:0x7674eb3c04561187!8m2!3d31.1057144!4d77.1701985!16s%2Fg%2F1tj71zmw!19sChIJaYU1w-x4BTkRhxFWBDzrdHY?authuser=0&hl=en&rclk=1",
        "state": "Himachal Pradesh"
    },
    {
        "name": "UCO Bank",
        "url": "https://www.google.com/maps/place/UCO+Bank/data=!4m7!3m6!1s0x390583c203032de3:0x419b2fb8e0da6ddc!8m2!3d31.1012524!4d77.26308!16s%2Fg%2F113fgc2cq!19sChIJ4y0DA8KDBTkR3G3a4Lgvm0E?authuser=0&hl=en&rclk=1",
        "state": "Himachal Pradesh"
    },
    {
        "name": "UCO Bank",
        "url": "https://www.google.com/maps/place/UCO+Bank/data=!4m7!3m6!1s0x390f3c137eb0cac9:0x717e4a446f8069bd!8m2!3d30.5588306!4d77.6367492!16s%2Fg%2F11c2095dy2!19sChIJycqwfhM8DzkRvWmAb0RKfnE?authuser=0&hl=en&rclk=1",
        "state": "Himachal Pradesh"
    },
    {
        "name": "UCO Bank",
        "url": "https://www.google.com/maps/place/UCO+Bank/data=!4m7!3m6!1s0x3904f836e20dae23:0x37935f356a19a2b5!8m2!3d31.8640317!4d77.157123!16s%2Fg%2F11cs6bcd6p!19sChIJI64N4jb4BDkRtaIZajVfkzc?authuser=0&hl=en&rclk=1",
        "state": "Himachal Pradesh"
    },
    {
        "name": "UCO Bank",
        "url": "https://www.google.com/maps/place/UCO+Bank/data=!4m7!3m6!1s0x390615160cf132b1:0x9038dc0285082ffc!8m2!3d31.4276418!4d78.2643049!16s%2Fg%2F124ybfnnz!19sChIJsTLxDBYVBjkR_C8IhQLcOJA?authuser=0&hl=en&rclk=1",
        "state": "Himachal Pradesh"
    },
    {
        "name": "UCO Bank",
        "url": "https://www.google.com/maps/place/UCO+Bank/data=!4m7!3m6!1s0x391ace6a01495483:0x93d2e76a162fae2c!8m2!3d31.4107828!4d76.3408553!16s%2Fg%2F11b6_98psn!19sChIJg1RJAWrOGjkRLK4vFmrn0pM?authuser=0&hl=en&rclk=1",
        "state": "Himachal Pradesh"
    },
    {
        "name": "UCO Bank",
        "url": "https://www.google.com/maps/place/UCO+Bank/data=!4m7!3m6!1s0x3904d0c2f7a2a541:0xcc99bd6e5b7f5ee0!8m2!3d31.7562877!4d76.6094279!16s%2Fg%2F124yjhfzm!19sChIJQaWi98LQBDkR4F5_W269mcw?authuser=0&hl=en&rclk=1",
        "state": "Himachal Pradesh"
    },
    {
        "name": "UCO Bank",
        "url": "https://www.google.com/maps/place/UCO+Bank/data=!4m7!3m6!1s0x3905793d0c36fed1:0xf1fe65ea5410f2ba!8m2!3d31.0925621!4d77.1347079!16s%2Fg%2F11btwqggpm!19sChIJ0f42DD15BTkRuvIQVOpl_vE?authuser=0&hl=en&rclk=1",
        "state": "Himachal Pradesh"
    },
    {
        "name": "UCO Bank, Bassi",
        "url": "https://www.google.com/maps/place/UCO+Bank,+Bassi/data=!4m7!3m6!1s0x390527ff1a6ee8d1:0xd1a8faf1d316a2c9!8m2!3d31.648481!4d76.6453782!16s%2Fg%2F11c2lrwbb4!19sChIJ0ehuGv8nBTkRyaIW0_H6qNE?authuser=0&hl=en&rclk=1",
        "state": "Himachal Pradesh"
    },
    {
        "name": "UCO Bank Dhundan",
        "url": "https://www.google.com/maps/place/UCO+Bank+Dhundan/data=!4m7!3m6!1s0x39056be3b8d5d6bd:0x96b1792da45ff09e!8m2!3d31.1547922!4d76.9462246!16s%2Fg%2F11c1_w3jm8!19sChIJvdbVuONrBTkRnvBfpC15sZY?authuser=0&hl=en&rclk=1",
        "state": "Himachal Pradesh"
    },
    {
        "name": "UCO Bank",
        "url": "https://www.google.com/maps/place/UCO+Bank/data=!4m7!3m6!1s0x391b20e569a746e9:0xd6dbdceb1a66b0fe!8m2!3d31.630649!4d76.1451717!16s%2Fg%2F11c1q9fcgp!19sChIJ6UanaeUgGzkR_rBmGuvc29Y?authuser=0&hl=en&rclk=1",
        "state": "Himachal Pradesh"
    },
    {
        "name": "UCO Bank",
        "url": "https://www.google.com/maps/place/UCO+Bank/data=!4m7!3m6!1s0x39057dc53ff17403:0xf6eec89bcdc5f36!8m2!3d31.009459!4d77.0896053!16s%2Fg%2F11f4knb904!19sChIJA3TxP8V9BTkRNl_cvInsbg8?authuser=0&hl=en&rclk=1",
        "state": "Himachal Pradesh"
    },
    {
        "name": "UCO Bank",
        "url": "https://www.google.com/maps/place/UCO+Bank/data=!4m7!3m6!1s0x3905c112b99eca57:0xdd84924b6764a153!8m2!3d31.4485793!4d77.6298284!16s%2Fg%2F11c2nkcwd8!19sChIJV8qeuRLBBTkRU6FkZ0uShN0?authuser=0&hl=en&rclk=1",
        "state": "Himachal Pradesh"
    },
    {
        "name": "UCO Bank Jubberhatti",
        "url": "https://www.google.com/maps/place/UCO+Bank+Jubberhatti/data=!4m7!3m6!1s0x39057b97e0b95373:0xbbaec5e797c5a03d!8m2!3d31.0874376!4d77.0693288!16s%2Fg%2F11f1ybq6hc!19sChIJc1O54Jd7BTkRPaDFl-fFrrs?authuser=0&hl=en&rclk=1",
        "state": "Himachal Pradesh"
    },
    {
        "name": "UCO Bank",
        "url": "https://www.google.com/maps/place/UCO+Bank/data=!4m7!3m6!1s0x390f0c0e43348367:0x7890a572bd04d1ae!8m2!3d30.5610799!4d77.2958327!16s%2Fg%2F11byyqk8v4!19sChIJZ4M0Qw4MDzkRrtEEvXKlkHg?authuser=0&hl=en&rclk=1",
        "state": "Himachal Pradesh"
    },
    {
        "name": "UCO Bank",
        "url": "https://www.google.com/maps/place/UCO+Bank/data=!4m7!3m6!1s0x391b2e173ed0fb03:0x765075a30b8f312!8m2!3d31.7842244!4d76.3452557!16s%2Fg%2F11c70btgnf!19sChIJA_vQPhcuGzkREvO4MFoHZQc?authuser=0&hl=en&rclk=1",
        "state": "Himachal Pradesh"
    },
    {
        "name": "UCO Bank",
        "url": "https://www.google.com/maps/place/UCO+Bank/data=!4m7!3m6!1s0x391c827edb868e69:0xd36c80246ff5fbdf!8m2!3d32.2797682!4d75.8486936!16s%2Fg%2F11dxlchktz!19sChIJaY6G236CHDkR3_v1bySAbNM?authuser=0&hl=en&rclk=1",
        "state": "Himachal Pradesh"
    },
    {
        "name": "UCO Bank",
        "url": "https://www.google.com/maps/place/UCO+Bank/data=!4m7!3m6!1s0x390584d4898f573f:0xdb653b2ee3407b33!8m2!3d31.1786118!4d77.3277512!16s%2Fg%2F11h9y_fw10!19sChIJP1ePidSEBTkRM3tA4y47Zds?authuser=0&hl=en&rclk=1",
        "state": "Himachal Pradesh"
    },
    {
        "name": "UCO Bank",
        "url": "https://www.google.com/maps/place/UCO+Bank/data=!4m7!3m6!1s0x390f83c7c0b9b94b:0x9801ba5c65ab733!8m2!3d30.8706212!4d77.1356535!16s%2Fg%2F11g6qsdpty!19sChIJS7m5wMeDDzkRM7daxqUbgAk?authuser=0&hl=en&rclk=1",
        "state": "Himachal Pradesh"
    },
    {
        "name": "UCO Bank",
        "url": "https://www.google.com/maps/place/UCO+Bank/data=!4m7!3m6!1s0x3905826964df7819:0x116c656a5ec24b23!8m2!3d31.1084891!4d77.2138349!16s%2Fg%2F11b7zt_c8w!19sChIJGXjfZGmCBTkRI0vCXmplbBE?authuser=0&hl=en&rclk=1",
        "state": "Himachal Pradesh"
    },
    {
        "name": "UCO Bank",
        "url": "https://www.google.com/maps/place/UCO+Bank/data=!4m7!3m6!1s0x3905f54aa715e48d:0x8cfb68242368cd69!8m2!3d31.045951!4d77.5632184!16s%2Fg%2F11g8pd9wgm!19sChIJjeQVp0r1BTkRac1oIyRo-4w?authuser=0&hl=en&rclk=1",
        "state": "Himachal Pradesh"
    },
    {
        "name": "UCO Bank",
        "url": "https://www.google.com/maps/place/UCO+Bank/data=!4m7!3m6!1s0x391b5bf72c329843:0x491c152b15685fcc!8m2!3d32.211857!4d76.1838555!16s%2Fg%2F1pp2tw7js!19sChIJQ5gyLPdbGzkRzF9oFSsVHEk?authuser=0&hl=en&rclk=1",
        "state": "Himachal Pradesh"
    },
    {
        "name": "UCO Bank",
        "url": "https://www.google.com/maps/place/UCO+Bank/data=!4m7!3m6!1s0x390594753a4ad8dd:0xec6cd036f5c4cd91!8m2!3d31.2897316!4d77.4940568!16s%2Fg%2F11fxf15sfr!19sChIJ3dhKOnWUBTkRkc3E9TbQbOw?authuser=0&hl=en&rclk=1",
        "state": "Himachal Pradesh"
    },
    {
        "name": "UCO Bank",
        "url": "https://www.google.com/maps/place/UCO+Bank/data=!4m7!3m6!1s0x39053f1af38322ef:0x993f9ebc9d0b0729!8m2!3d31.3392628!4d76.765793!16s%2Fg%2F11cjhrrc0r!19sChIJ7yKD8xo_BTkRKQcLnbyeP5k?authuser=0&hl=en&rclk=1",
        "state": "Himachal Pradesh"
    },
    {
        "name": "UCO Bank Barotiwala",
        "url": "https://www.google.com/maps/place/UCO+Bank+Barotiwala/data=!4m7!3m6!1s0x390f8b2e0ffb5c6f:0xe390185b209d20a9!8m2!3d30.9054042!4d76.8418098!16s%2Fg%2F11s8kt854t!19sChIJb1z7Dy6LDzkRqSCdIFsYkOM?authuser=0&hl=en&rclk=1",
        "state": "Himachal Pradesh"
    },
    {
        "name": "UCO Bank",
        "url": "https://www.google.com/maps/place/UCO+Bank/data=!4m7!3m6!1s0x390f86bf43f29755:0xd5e96251ed4f8f7e!8m2!3d30.9078556!4d77.0841415!16s%2Fg%2F11dx954yb2!19sChIJVZfyQ7-GDzkRfo9P7VFi6dU?authuser=0&hl=en&rclk=1",
        "state": "Himachal Pradesh"
    },
    {
        "name": "UCO Bank",
        "url": "https://www.google.com/maps/place/UCO+Bank/data=!4m7!3m6!1s0x39058ca18973c9ab:0x631b11ddb64a419d!8m2!3d31.1175958!4d77.5408763!16s%2Fg%2F1hm56zg8m!19sChIJq8lziaGMBTkRnUFKtt0RG2M?authuser=0&hl=en&rclk=1",
        "state": "Himachal Pradesh"
    },
    {
        "name": "UCO Bank",
        "url": "https://www.google.com/maps/place/UCO+Bank/data=!4m7!3m6!1s0x3905eee02c966e35:0xb475850c1556b27e!8m2!3d31.2825909!4d77.6992566!16s%2Fg%2F1hhx9q5v3!19sChIJNW6WLODuBTkRfrJWFQyFdbQ?authuser=0&hl=en&rclk=1",
        "state": "Himachal Pradesh"
    },
    {
        "name": "UCO Bank",
        "url": "https://www.google.com/maps/place/UCO+Bank/data=!4m7!3m6!1s0x3905faa169df441d:0x4642b33f914882d7!8m2!3d31.204318!4d77.7499652!16s%2Fg%2F1hjgy0m_0!19sChIJHUTfaaH6BTkR14JIkT-zQkY?authuser=0&hl=en&rclk=1",
        "state": "Himachal Pradesh"
    },
    {
        "name": "UCO Bank",
        "url": "https://www.google.com/maps/place/UCO+Bank/data=!4m7!3m6!1s0x3905308278a1a9db:0xfdc83114c6cd0b46!8m2!3d31.4176446!4d76.6415799!16s%2Fg%2F11b64nmw6h!19sChIJ26mheIIwBTkRRgvNxhQxyP0?authuser=0&hl=en&rclk=1",
        "state": "Himachal Pradesh"
    },
    {
        "name": "UCO Bank",
        "url": "https://www.google.com/maps/place/UCO+Bank/data=!4m7!3m6!1s0x3904b77a264fc357:0xc9de70d707dd872d!8m2!3d32.0569885!4d76.6316746!16s%2Fg%2F11b6_fc0mc!19sChIJV8NPJnq3BDkRLYfdB9dw3sk?authuser=0&hl=en&rclk=1",
        "state": "Himachal Pradesh"
    },
    {
        "name": "UCO Bank",
        "url": "https://www.google.com/maps/place/UCO+Bank/data=!4m7!3m6!1s0x39053dfe29d7b459:0xcb46cf5f6f3cc98c!8m2!3d31.3999089!4d76.8225826!16s%2Fg%2F11b5pk27d9!19sChIJWbTXKf49BTkRjMk8b1_PRss?authuser=0&hl=en&rclk=1",
        "state": "Himachal Pradesh"
    },
    {
        "name": "UCO Bank",
        "url": "https://www.google.com/maps/place/UCO+Bank/data=!4m7!3m6!1s0x3904f4ce9ed1f6bd:0xe725c13bd43fd2f4!8m2!3d32.0531852!4d77.133033!16s%2Fg%2F11gzpczqd!19sChIJvfbRns70BDkR9NI_1DvBJec?authuser=0&hl=en&rclk=1",
        "state": "Himachal Pradesh"
    },
    {
        "name": "UCO Bank",
        "url": "https://www.google.com/maps/place/UCO+Bank/data=!4m7!3m6!1s0x3904ceba579b7581:0x71fcc57c615745d1!8m2!3d31.8965925!4d76.5634257!16s%2Fg%2F11b7k_0rr8!19sChIJgXWbV7rOBDkR0UVXYXzF_HE?authuser=0&hl=en&rclk=1",
        "state": "Himachal Pradesh"
    },
    {
        "name": "UCO Bank",
        "url": "https://www.google.com/maps/place/UCO+Bank/data=!4m7!3m6!1s0x3906721afc0098b7:0x47ff451b2148ff97!8m2!3d31.516593!4d78.0970593!16s%2Fg%2F11c70d5hcv!19sChIJt5gA_BpyBjkRl_9IIRtF_0c?authuser=0&hl=en&rclk=1",
        "state": "Himachal Pradesh"
    },
    {
        "name": "UCO Bank",
        "url": "https://www.google.com/maps/place/UCO+Bank/data=!4m7!3m6!1s0x391c82b92fbf3767:0x5828ccc814c94059!8m2!3d32.2992731!4d75.8830575!16s%2Fg%2F11bx7z480l!19sChIJZze_L7mCHDkRWUDJFMjMKFg?authuser=0&hl=en&rclk=1",
        "state": "Himachal Pradesh"
    },
    {
        "name": "UCO Bank",
        "url": "https://www.google.com/maps/place/UCO+Bank/data=!4m7!3m6!1s0x390539fb548624b3:0x622d2ada95a99015!8m2!3d31.3703118!4d76.6473656!16s%2Fg%2F11btym26qz!19sChIJsySGVPs5BTkRFZCpldoqLWI?authuser=0&hl=en&rclk=1",
        "state": "Himachal Pradesh"
    },
    {
        "name": "UCO Bank",
        "url": "https://www.google.com/maps/place/UCO+Bank/data=!4m7!3m6!1s0x39059165f90f10eb:0x34fc868db3d7d6df!8m2!3d31.255747!4d77.458956!16s%2Fg%2F11c70c9jst!19sChIJ6xAP-WWRBTkR39bXs42G_DQ?authuser=0&hl=en&rclk=1",
        "state": "Himachal Pradesh"
    },
    {
        "name": "UCO Bank",
        "url": "https://www.google.com/maps/place/UCO+Bank/data=!4m7!3m6!1s0x3904c566237273ed:0xd68e914b1e12c53c!8m2!3d31.8562649!4d76.6522376!16s%2Fg%2F11b7fsw9vq!19sChIJ7XNyI2bFBDkRPMUSHkuRjtY?authuser=0&hl=en&rclk=1",
        "state": "Himachal Pradesh"
    },
    {
        "name": "UCO Bank",
        "url": "https://www.google.com/maps/place/UCO+Bank/data=!4m7!3m6!1s0x39056e76cb22c93f:0xd6823062ba14b24!8m2!3d31.2306493!4d76.9799244!16s%2Fg%2F11g86s1ncr!19sChIJP8kiy3ZuBTkRJEuhKwYjaA0?authuser=0&hl=en&rclk=1",
        "state": "Himachal Pradesh"
    },
    {
        "name": "UCO Bank",
        "url": "https://www.google.com/maps/place/UCO+Bank/data=!4m7!3m6!1s0x39065acf9a75993d:0xc15a243c7a8e3807!8m2!3d31.6583232!4d78.4433051!16s%2Fg%2F11b6wflnvl!19sChIJPZl1ms9aBjkRBziOejwkWsE?authuser=0&hl=en&rclk=1",
        "state": "Himachal Pradesh"
    },
    {
        "name": "UCO Bank",
        "url": "https://www.google.com/maps/place/UCO+Bank/data=!4m7!3m6!1s0x390577e967140041:0xdbef85f8bf996475!8m2!3d31.1846891!4d77.1777534!16s%2Fg%2F11g6xrfxqn!19sChIJQQAUZ-l3BTkRdWSZv_iF79s?authuser=0&hl=en&rclk=1",
        "state": "Himachal Pradesh"
    },
    {
        "name": "UCO Bank",
        "url": "https://www.google.com/maps/place/UCO+Bank/data=!4m7!3m6!1s0x391b510f8259917f:0x43d65d62af0526c3!8m2!3d32.205244!4d76.3294665!16s%2Fg%2F11dfsmdwpg!19sChIJf5FZgg9RGzkRwyYFr2Jd1kM?authuser=0&hl=en&rclk=1",
        "state": "Himachal Pradesh"
    },
    {
        "name": "UCO Bank",
        "url": "https://www.google.com/maps/place/UCO+Bank/data=!4m7!3m6!1s0x3906438e8cf9e75d:0xc727d2e096f5bad4!8m2!3d31.5812618!4d78.3761241!16s%2Fg%2F1tfkjk0s!19sChIJXef5jI5DBjkR1Lr1luDSJ8c?authuser=0&hl=en&rclk=1",
        "state": "Himachal Pradesh"
    },
    {
        "name": "UCO Bank",
        "url": "https://www.google.com/maps/place/UCO+Bank/data=!4m7!3m6!1s0x39057fc53348d2ff:0x1a0799f3a84c0544!8m2!3d30.9956462!4d77.1618829!16s%2Fg%2F11c57nl0qv!19sChIJ_9JIM8V_BTkRRAVMqPOZBxo?authuser=0&hl=en&rclk=1",
        "state": "Himachal Pradesh"
    },
    {
        "name": "UCO Bank",
        "url": "https://www.google.com/maps/place/UCO+Bank/data=!4m7!3m6!1s0x391b56cc8bb7362f:0xc1102b33b885ce71!8m2!3d32.2443395!4d76.3335872!16s%2Fg%2F11cfcvm42!19sChIJLza3i8xWGzkRcc6FuDMrEME?authuser=0&hl=en&rclk=1",
        "state": "Himachal Pradesh"
    },
    {
        "name": "UCO Bank",
        "url": "https://www.google.com/maps/place/UCO+Bank/data=!4m7!3m6!1s0x3905784721b8f9af:0x34c26236cbf70e!8m2!3d31.1398181!4d77.1644326!16s%2Fg%2F11f3jhylyk!19sChIJr_m4IUd4BTkRDvfLNmLCNAA?authuser=0&hl=en&rclk=1",
        "state": "Himachal Pradesh"
    },
    {
        "name": "UCO Bank",
        "url": "https://www.google.com/maps/place/UCO+Bank/data=!4m7!3m6!1s0x390592d1be3a2d05:0xc39fe7369e9569b!8m2!3d31.2391361!4d77.5547121!16s%2Fg%2F11fy4x1wj1!19sChIJBS06vtGSBTkRm1bpaXP-OQw?authuser=0&hl=en&rclk=1",
        "state": "Himachal Pradesh"
    },
    {
        "name": "UCO Bank Katgaon",
        "url": "https://www.google.com/maps/place/UCO+Bank+Katgaon/data=!4m7!3m6!1s0x390670bf23e894bd:0xa057bb23b64e1fdf!8m2!3d31.590304!4d78.0378665!16s%2Fg%2F11hbh7yw6j!19sChIJvZToI79wBjkR3x9OtiO7V6A?authuser=0&hl=en&rclk=1",
        "state": "Himachal Pradesh"
    },
    {
        "name": "UCO Bank - Mukerian Branch",
        "url": "https://www.google.com/maps/place/UCO+Bank+-+Mukerian+Branch/data=!4m7!3m6!1s0x391b992d509eba3f:0xddd300e4a618ec8!8m2!3d31.9497976!4d75.6197147!16s%2Fg%2F11c1pggglf!19sChIJP7qeUC2ZGzkRyI5hSg4w3Q0?authuser=0&hl=en&rclk=1",
        "state": "Himachal Pradesh"
    },
    {
        "name": "UCO Bank Ropar Main branch",
        "url": "https://www.google.com/maps/place/UCO+Bank+Ropar+Main+branch/data=!4m7!3m6!1s0x3905551bc752b421:0xe0e1f3d0e7bf64da!8m2!3d30.9670463!4d76.5305602!16s%2Fg%2F11g0wgj76k!19sChIJIbRSxxtVBTkR2mS_59Dz4eA?authuser=0&hl=en&rclk=1",
        "state": "Himachal Pradesh"
    },
    {
        "name": "UCO Bank",
        "url": "https://www.google.com/maps/place/UCO+Bank/data=!4m7!3m6!1s0x3903696f4ccb83e9:0x34c94710959a7bf2!8m2!3d32.6364999!4d76.8640228!16s%2Fg%2F11rg1mlj3y!19sChIJ6YPLTG9pAzkR8nualRBHyTQ?authuser=0&hl=en&rclk=1",
        "state": "Himachal Pradesh"
    },
    {
        "name": "UCO Bank Zonal Office",
        "url": "https://www.google.com/maps/place/UCO+Bank+Zonal+Office/data=!4m7!3m6!1s0x390f86d24a57ab6d:0xf0990fd1fed04e85!8m2!3d30.9242684!4d77.0983228!16s%2Fg%2F11bvt8mtkp!19sChIJbatXStKGDzkRhU7Q_tEPmfA?authuser=0&hl=en&rclk=1",
        "state": "Himachal Pradesh"
    },
    {
        "name": "UCO Bank",
        "url": "https://www.google.com/maps/place/UCO+Bank/data=!4m7!3m6!1s0x39057f85f0c53d99:0x26a0b64ba2cceb40!8m2!3d31.0231179!4d77.1902489!16s%2Fg%2F11gdkqwt9r!19sChIJmT3F8IV_BTkRQOvMoku2oCY?authuser=0&hl=en&rclk=1",
        "state": "Himachal Pradesh"
    }
]