[
    {
        "name": "UCO Bank",
        "url": "https://www.google.com/maps/place/UCO+Bank/data=!4m7!3m6!1s0x390cf0c9b816765b:0xdab980e77fa41530!8m2!3d28.7263336!4d77.403814!16s%2Fg%2F11fx9jkch2!19sChIJW3YWuMnwDDkRMBWkf-eAudo?authuser=0&hl=en&rclk=1",
        "state": "Uttar Pradesh"
    },
    {
        "name": "UCO Bank",
        "url": "https://www.google.com/maps/place/UCO+Bank/data=!4m7!3m6!1s0x390cf0e8689af76d:0x9bb097abf3cc7058!8m2!3d28.7085807!4d77.4115816!16s%2Fg%2F11d_8_hpw7!19sChIJbfeaaOjwDDkRWHDM86uXsJs?authuser=0&hl=en&rclk=1",
        "state": "Uttar Pradesh"
    },
    {
        "name": "UCO Bank",
        "url": "https://www.google.com/maps/place/UCO+Bank/data=!4m7!3m6!1s0x399be27bad795eb9:0x94c4ea31dd5a9608!8m2!3d26.8747588!4d81.0286973!16s%2Fg%2F1tmckm_m!19sChIJuV55rXvimzkRCJZa3THqxJQ?authuser=0&hl=en&rclk=1",
        "state": "Uttar Pradesh"
    },
    {
        "name": "UCO Bank",
        "url": "https://www.google.com/maps/place/UCO+Bank/data=!4m7!3m6!1s0x390ced5ba59afb17:0xabe75a1543c2dd72!8m2!3d28.6198848!4d77.4820317!16s%2Fg%2F11mfxdcpbg!19sChIJF_uapVvtDDkRct3CQxVa56s?authuser=0&hl=en&rclk=1",
        "state": "Uttar Pradesh"
    },
    {
        "name": "UCO Bank Halsey Road Branch & UCO Bank Zonal Office Kanpur",
        "url": "https://www.google.com/maps/place/UCO+Bank+Halsey+Road+Branch+%26+UCO+Bank+Zonal+Office+Kanpur/data=!4m7!3m6!1s0x399c475c09e43c95:0x4b5058b88a604526!8m2!3d26.4625924!4d80.3492333!16s%2Fg%2F1q64pmvs7!19sChIJlTzkCVxHnDkRJkVgirhYUEs?authuser=0&hl=en&rclk=1",
        "state": "Uttar Pradesh"
    },
    {
        "name": "UCO Bank",
        "url": "https://www.google.com/maps/place/UCO+Bank/data=!4m7!3m6!1s0x399c38a1f027c5f1:0xeffec937b1d540f9!8m2!3d26.4743686!4d80.3444354!16s%2Fg%2F1q69n6z1n!19sChIJ8cUn8KE4nDkR-UDVsTfJ_u8?authuser=0&hl=en&rclk=1",
        "state": "Uttar Pradesh"
    },
    {
        "name": "UCO Bank",
        "url": "https://www.google.com/maps/place/UCO+Bank/data=!4m7!3m6!1s0x390cef73cdaa6e1d:0xf20569657e0176cf!8m2!3d28.6257191!4d77.4090887!16s%2Fg%2F11qjlbfbjt!19sChIJHW6qzXPvDDkRz3YBfmVpBfI?authuser=0&hl=en&rclk=1",
        "state": "Uttar Pradesh"
    },
    {
        "name": "UCO Bank",
        "url": "https://www.google.com/maps/place/UCO+Bank/data=!4m7!3m6!1s0x390cfabe6040ec07:0xacdb0246f588d3d8!8m2!3d28.65772!4d77.35944!16s%2Fg%2F1pp2vjjrs!19sChIJB-xAYL76DDkR2NOI9UYC26w?authuser=0&hl=en&rclk=1",
        "state": "Uttar Pradesh"
    },
    {
        "name": "UCO Bank",
        "url": "https://www.google.com/maps/place/UCO+Bank/data=!4m7!3m6!1s0x390cfac8fdf1fc27:0xdd17b1753d97808c!8m2!3d28.6448096!4d77.3521106!16s%2Fg%2F1pp2vgwnd!19sChIJJ_zx_cj6DDkRjICXPXWxF90?authuser=0&hl=en&rclk=1",
        "state": "Uttar Pradesh"
    },
    {
        "name": "UCO Bank, Aminabad Branch",
        "url": "https://www.google.com/maps/place/UCO+Bank,+Aminabad+Branch/data=!4m7!3m6!1s0x399bfdba20dc0f31:0x8137a90ab10526d!8m2!3d26.8482876!4d80.9263078!16s%2Fg%2F1263zvlq4!19sChIJMQ_cILr9mzkRbVIQq5B6Ewg?authuser=0&hl=en&rclk=1",
        "state": "Uttar Pradesh"
    },
    {
        "name": "UCO Bank - Varanasi Main Branch",
        "url": "https://www.google.com/maps/place/UCO+Bank+-+Varanasi+Main+Branch/data=!4m7!3m6!1s0x398e2e19331c1a29:0xb01656530ac34cee!8m2!3d25.3138419!4d83.01111!16s%2Fg%2F11g_gp42d!19sChIJKRocMxkujjkR7kzDClNWFrA?authuser=0&hl=en&rclk=1",
        "state": "Uttar Pradesh"
    },
    {
        "name": "UCO Bank",
        "url": "https://www.google.com/maps/place/UCO+Bank/data=!4m7!3m6!1s0x390cf10bff0ebf25:0x710613ca34d87aee!8m2!3d28.696125!4d77.4416503!16s%2Fg%2F11g9nvmcw1!19sChIJJb8O_wvxDDkR7nrYNMoTBnE?authuser=0&hl=en&rclk=1",
        "state": "Uttar Pradesh"
    },
    {
        "name": "UCO Bank",
        "url": "https://www.google.com/maps/place/UCO+Bank/data=!4m7!3m6!1s0x399be2ca1b7e6f39:0xcb673e3b89c92119!8m2!3d26.8614997!4d80.9921913!16s%2Fg%2F11g6mbv85p!19sChIJOW9-G8rimzkRGSHJiTs-Z8s?authuser=0&hl=en&rclk=1",
        "state": "Uttar Pradesh"
    },
    {
        "name": "UCO Bank",
        "url": "https://www.google.com/maps/place/UCO+Bank/data=!4m7!3m6!1s0x399acac54800f08b:0xc46ae8998decdb22!8m2!3d25.4486114!4d81.8340474!16s%2Fg%2F1hm3bv0gz!19sChIJi_AASMXKmjkRItvsjZnoasQ?authuser=0&hl=en&rclk=1",
        "state": "Uttar Pradesh"
    },
    {
        "name": "UCO Bank",
        "url": "https://www.google.com/maps/place/UCO+Bank/data=!4m7!3m6!1s0x3985357fa16aec0d:0xa6e389b14c735831!8m2!3d25.3919507!4d81.8637206!16s%2Fg%2F11byc_vvnh!19sChIJDexqoX81hTkRMVhzTLGJ46Y?authuser=0&hl=en&rclk=1",
        "state": "Uttar Pradesh"
    },
    {
        "name": "UCO Bank",
        "url": "https://www.google.com/maps/place/UCO+Bank/data=!4m7!3m6!1s0x399ab550153c3fdd:0xea7914570f2c1a2d!8m2!3d25.4591263!4d81.8778969!16s%2Fg%2F1hc11mbmv!19sChIJ3T88FVC1mjkRLRosD1cUeeo?authuser=0&hl=en&rclk=1",
        "state": "Uttar Pradesh"
    },
    {
        "name": "UCO Bank",
        "url": "https://www.google.com/maps/place/UCO+Bank/data=!4m7!3m6!1s0x399144418215c31b:0x9576663f3cba43c9!8m2!3d26.7622377!4d83.3624767!16s%2Fg%2F11c566ztm1!19sChIJG8MVgkFEkTkRyUO6PD9mdpU?authuser=0&hl=en&rclk=1",
        "state": "Uttar Pradesh"
    },
    {
        "name": "UCO Bank",
        "url": "https://www.google.com/maps/place/UCO+Bank/data=!4m7!3m6!1s0x399a0792c073a629:0x695e2a9a16869f79!8m2!3d26.7953279!4d82.202533!16s%2Fg%2F11cn957ny9!19sChIJKaZzwJIHmjkReZ-GFpoqXmk?authuser=0&hl=en&rclk=1",
        "state": "Uttar Pradesh"
    },
    {
        "name": "UCO Bank",
        "url": "https://www.google.com/maps/place/UCO+Bank/data=!4m7!3m6!1s0x398e31ee34cb4ca3:0xfa72c2b44c861aac!8m2!3d25.292981!4d83.0050428!16s%2Fg%2F124yjrwsf!19sChIJo0zLNO4xjjkRrBqGTLTCcvo?authuser=0&hl=en&rclk=1",
        "state": "Uttar Pradesh"
    },
    {
        "name": "UCO Bank",
        "url": "https://www.google.com/maps/place/UCO+Bank/data=!4m7!3m6!1s0x390ce45a0dd2d949:0x42715c192dadf5b5!8m2!3d28.5805073!4d77.3202978!16s%2Fg%2F12mkvn517!19sChIJSdnSDVrkDDkRtfWtLRlccUI?authuser=0&hl=en&rclk=1",
        "state": "Uttar Pradesh"
    },
    {
        "name": "UCO Bank",
        "url": "https://www.google.com/maps/place/UCO+Bank/data=!4m7!3m6!1s0x399bfd81fb0da52b:0x905c952b9f86b6cb!8m2!3d26.8766222!4d80.9421339!16s%2Fg%2F12619frjk!19sChIJK6UN-4H9mzkRy7aGnyuVXJA?authuser=0&hl=en&rclk=1",
        "state": "Uttar Pradesh"
    },
    {
        "name": "UCO Bank",
        "url": "https://www.google.com/maps/place/UCO+Bank/data=!4m7!3m6!1s0x399c3804cceb354b:0x28ca09d638c32a1!8m2!3d26.4765547!4d80.2843931!16s%2Fg%2F1q69w619y!19sChIJSzXrzAQ4nDkRoTKMY52gjAI?authuser=0&hl=en&rclk=1",
        "state": "Uttar Pradesh"
    },
    {
        "name": "UCO Bank",
        "url": "https://www.google.com/maps/place/UCO+Bank/data=!4m7!3m6!1s0x390ce51521046ddf:0x640fc74896b6c1a2!8m2!3d28.6109905!4d77.3541418!16s%2Fg%2F11c1pkf2w6!19sChIJ320EIRXlDDkRosG2lkjHD2Q?authuser=0&hl=en&rclk=1",
        "state": "Uttar Pradesh"
    },
    {
        "name": "UCO Bank, Hazratganj Branch",
        "url": "https://www.google.com/maps/place/UCO+Bank,+Hazratganj+Branch/data=!4m7!3m6!1s0x399bfda7a1709015:0x23343479d8e20ed0!8m2!3d26.8500126!4d80.9413068!16s%2Fg%2F124yd849j!19sChIJFZBwoaf9mzkR0A7i2Hk0NCM?authuser=0&hl=en&rclk=1",
        "state": "Uttar Pradesh"
    },
    {
        "name": "UCO Bank",
        "url": "https://www.google.com/maps/place/UCO+Bank/data=!4m7!3m6!1s0x399956533e166a69:0x609b9ccf063ade0e!8m2!3d26.92157!4d80.94162!16s%2Fg%2F1tg6hz6h!19sChIJaWoWPlNWmTkRDt46Bs-cm2A?authuser=0&hl=en&rclk=1",
        "state": "Uttar Pradesh"
    },
    {
        "name": "UCO Bank",
        "url": "https://www.google.com/maps/place/UCO+Bank/data=!4m7!3m6!1s0x397476a7b201c515:0xfdb5e5e6eab8a813!8m2!3d27.13037!4d78.0065684!16s%2Fg%2F1q6jbvmbq!19sChIJFcUBsqd2dDkRE6i46ubltf0?authuser=0&hl=en&rclk=1",
        "state": "Uttar Pradesh"
    },
    {
        "name": "UCO Bank",
        "url": "https://www.google.com/maps/place/UCO+Bank/data=!4m7!3m6!1s0x398e2e7f474e402b:0x376b1c616afeddf5!8m2!3d25.3486665!4d82.9938995!16s%2Fg%2F1hm3mcgfy!19sChIJK0BOR38ujjkR9d3-amEcazc?authuser=0&hl=en&rclk=1",
        "state": "Uttar Pradesh"
    },
    {
        "name": "UCO Bank - Mohaddipur Branch",
        "url": "https://www.google.com/maps/place/UCO+Bank+-+Mohaddipur+Branch/data=!4m7!3m6!1s0x399144bd3376a5dd:0x84eca15d0f396f14!8m2!3d26.7495923!4d83.4019491!16s%2Fg%2F11gffb3rff!19sChIJ3aV2M71EkTkRFG85D12h7IQ?authuser=0&hl=en&rclk=1",
        "state": "Uttar Pradesh"
    },
    {
        "name": "UCO Bank",
        "url": "https://www.google.com/maps/place/UCO+Bank/data=!4m7!3m6!1s0x399ba3e72aa1d977:0xe6016fdf2b50bc72!8m2!3d26.2516868!4d81.232593!16s%2Fg%2F11dztqk2xd!19sChIJd9mhKuejmzkRcrxQK99vAeY?authuser=0&hl=en&rclk=1",
        "state": "Uttar Pradesh"
    },
    {
        "name": "UCO Bank - Chandrawal Branch",
        "url": "https://www.google.com/maps/place/UCO+Bank+-+Chandrawal+Branch/data=!4m7!3m6!1s0x399bf84f1002d43f:0x29443b7a24577b89!8m2!3d26.7207553!4d80.8453456!16s%2Fg%2F11dxl7fdrb!19sChIJP9QCEE_4mzkRiXtXJHo7RCk?authuser=0&hl=en&rclk=1",
        "state": "Uttar Pradesh"
    },
    {
        "name": "UCO Bank - Shivpur Branch",
        "url": "https://www.google.com/maps/place/UCO+Bank+-+Shivpur+Branch/data=!4m7!3m6!1s0x398e2db52a028365:0x1c02956e35ee9888!8m2!3d25.3523882!4d82.9692593!16s%2Fg%2F124srgzy4!19sChIJZYMCKrUtjjkRiJjuNW6VAhw?authuser=0&hl=en&rclk=1",
        "state": "Uttar Pradesh"
    },
    {
        "name": "UCO Bank",
        "url": "https://www.google.com/maps/place/UCO+Bank/data=!4m7!3m6!1s0x39a00724ec112a97:0x431a96bfc3e5c9cf!8m2!3d28.369178!4d79.4159459!16s%2Fg%2F11b_00kxkj!19sChIJlyoR7CQHoDkRz8nlw7-WGkM?authuser=0&hl=en&rclk=1",
        "state": "Uttar Pradesh"
    },
    {
        "name": "UCO Bank",
        "url": "https://www.google.com/maps/place/UCO+Bank/data=!4m7!3m6!1s0x399acb5f4904acfb:0xf07d9139429744eb!8m2!3d25.4508547!4d81.7798112!16s%2Fg%2F11bxdwyzqb!19sChIJ-6wESV_LmjkR60SXQjmRffA?authuser=0&hl=en&rclk=1",
        "state": "Uttar Pradesh"
    },
    {
        "name": "UCO Bank",
        "url": "https://www.google.com/maps/place/UCO+Bank/data=!4m7!3m6!1s0x3974773f8ab34057:0x42a72994fe9bba83!8m2!3d27.1958283!4d77.9981317!16s%2Fg%2F11b5vwydd9!19sChIJV0Czij93dDkRg7qb_pQpp0I?authuser=0&hl=en&rclk=1",
        "state": "Uttar Pradesh"
    },
    {
        "name": "UCO Bank -Maldhaiya Branch and UCO ATM",
        "url": "https://www.google.com/maps/place/UCO+Bank+-Maldhaiya+Branch+and+UCO+ATM/data=!4m7!3m6!1s0x398e2dfca5c5579d:0xaf013ca202be57a9!8m2!3d25.3177203!4d82.9882999!16s%2Fg%2F11b6gnwx71!19sChIJnVfFpfwtjjkRqVe-AqI8Aa8?authuser=0&hl=en&rclk=1",
        "state": "Uttar Pradesh"
    },
    {
        "name": "UCO Bank",
        "url": "https://www.google.com/maps/place/UCO+Bank/data=!4m7!3m6!1s0x39a0072c4e305335:0xad5903ffbc8865bd!8m2!3d28.3573814!4d79.4174302!16s%2Fg%2F11g_g3xjh!19sChIJNVMwTiwHoDkRvWWIvP8DWa0?authuser=0&hl=en&rclk=1",
        "state": "Uttar Pradesh"
    },
    {
        "name": "UCO Bank",
        "url": "https://www.google.com/maps/place/UCO+Bank/data=!4m7!3m6!1s0x39993fa12c57c901:0x4d4ad12ce7a64a0b!8m2!3d27.2960939!4d81.1226244!16s%2Fg%2F124yd3vwc!19sChIJAclXLKE_mTkRC0qm5yzRSk0?authuser=0&hl=en&rclk=1",
        "state": "Uttar Pradesh"
    },
    {
        "name": "UCO Bank - Govind Nagar",
        "url": "https://www.google.com/maps/place/UCO+Bank+-+Govind+Nagar/data=!4m7!3m6!1s0x399c47bb6aa5e36f:0x90a4af549ea00bb6!8m2!3d26.4362035!4d80.3088836!16s%2Fg%2F1q6291hk5!19sChIJb-OlartHnDkRtgugnlSvpJA?authuser=0&hl=en&rclk=1",
        "state": "Uttar Pradesh"
    },
    {
        "name": "UCO Bank Rajajipuram",
        "url": "https://www.google.com/maps/place/UCO+Bank+Rajajipuram/data=!4m7!3m6!1s0x399bfe67911e0a0b:0x8fefa60873cf923f!8m2!3d26.8407458!4d80.8794307!16s%2Fg%2F1tk8l_kg!19sChIJCwoekWf-mzkRP5LPcwim748?authuser=0&hl=en&rclk=1",
        "state": "Uttar Pradesh"
    },
    {
        "name": "UCO Bank, Panki Kalyanpur",
        "url": "https://www.google.com/maps/place/UCO+Bank,+Panki+Kalyanpur/data=!4m7!3m6!1s0x399c37bcecce83d1:0xfd8c8f98177d7546!8m2!3d26.4958922!4d80.2502761!16s%2Fg%2F11bbt32cb5!19sChIJ0YPO7Lw3nDkRRnV9F5iPjP0?authuser=0&hl=en&rclk=1",
        "state": "Uttar Pradesh"
    },
    {
        "name": "UCO Bank",
        "url": "https://www.google.com/maps/place/UCO+Bank/data=!4m7!3m6!1s0x390cc039cf099af7:0x471ab45fb21e632c!8m2!3d28.4540245!4d77.5275373!16s%2Fg%2F11g88c49cf!19sChIJ95oJzznADDkRLGMesl-0Gkc?authuser=0&hl=en&rclk=1",
        "state": "Uttar Pradesh"
    },
    {
        "name": "UCO Bank",
        "url": "https://www.google.com/maps/place/UCO+Bank/data=!4m7!3m6!1s0x398ef9cea2563189:0xaa14320323cd3037!8m2!3d24.690952!4d83.0622437!16s%2Fg%2F11g8cy66r1!19sChIJiTFWos75jjkRNzDNIwMyFKo?authuser=0&hl=en&rclk=1",
        "state": "Uttar Pradesh"
    },
    {
        "name": "UCO Bank",
        "url": "https://www.google.com/maps/place/UCO+Bank/data=!4m7!3m6!1s0x399aca8fe12e75c1:0xb70611f8cc4521b5!8m2!3d25.4722678!4d81.8540859!16s%2Fg%2F11b7hvmbwy!19sChIJwXUu4Y_KmjkRtSFFzPgRBrc?authuser=0&hl=en&rclk=1",
        "state": "Uttar Pradesh"
    },
    {
        "name": "UCO Bank",
        "url": "https://www.google.com/maps/place/UCO+Bank/data=!4m7!3m6!1s0x399bfc3eff44304f:0x410b9855c871d673!8m2!3d26.8138639!4d80.9176623!16s%2Fg%2F11c6qdrkls!19sChIJTzBE_z78mzkRc9ZxyFWYC0E?authuser=0&hl=en&rclk=1",
        "state": "Uttar Pradesh"
    },
    {
        "name": "UCO Bank,Banda",
        "url": "https://www.google.com/maps/place/UCO+Bank,Banda/data=!4m7!3m6!1s0x399ccf1c05d92089:0xbc2d87e8509e912b!8m2!3d25.4909836!4d80.3375308!16s%2Fg%2F11cn9j08n0!19sChIJiSDZBRzPnDkRK5GeUOiHLbw?authuser=0&hl=en&rclk=1",
        "state": "Uttar Pradesh"
    },
    {
        "name": "UCO Bank",
        "url": "https://www.google.com/maps/place/UCO+Bank/data=!4m7!3m6!1s0x399c15bdcf4b8d8d:0x5893c57bb6fc1ba1!8m2!3d26.5415221!4d80.4792826!16s%2Fg%2F11g6xs130g!19sChIJjY1Lz70VnDkRoRv8tnvFk1g?authuser=0&hl=en&rclk=1",
        "state": "Uttar Pradesh"
    },
    {
        "name": "UCO Bank",
        "url": "https://www.google.com/maps/place/UCO+Bank/data=!4m7!3m6!1s0x398eda563ae9fc19:0x94d1058a0d5cbd58!8m2!3d24.2145074!4d83.0353814!16s%2Fg%2F1hc3d1vsw!19sChIJGfzpOlbajjkRWL1cDYoF0ZQ?authuser=0&hl=en&rclk=1",
        "state": "Uttar Pradesh"
    },
    {
        "name": "UCO Bank Behsa Branch Lucknow",
        "url": "https://www.google.com/maps/place/UCO+Bank+Behsa+Branch+Lucknow/data=!4m7!3m6!1s0x399bff004b09b3b7:0xcde6925a40994b3b!8m2!3d26.789469!4d80.889354!16s%2Fg%2F11vz277dms!19sChIJt7MJSwD_mzkRO0uZQFqS5s0?authuser=0&hl=en&rclk=1",
        "state": "Uttar Pradesh"
    },
    {
        "name": "UCO Bank",
        "url": "https://www.google.com/maps/place/UCO+Bank/data=!4m7!3m6!1s0x399c3867edea165f:0x800902a92514bdd8!8m2!3d26.482514!4d80.3163724!16s%2Fg%2F1w96f4nn!19sChIJXxbq7Wc4nDkR2L0UJakCCYA?authuser=0&hl=en&rclk=1",
        "state": "Uttar Pradesh"
    },
    {
        "name": "UCO Bank",
        "url": "https://www.google.com/maps/place/UCO+Bank/data=!4m7!3m6!1s0x390afdb642530621:0xf93af04658e89915!8m2!3d28.8231944!4d78.6949255!16s%2Fg%2F11cjk36bk2!19sChIJIQZTQrb9CjkRFZnoWEbwOvk?authuser=0&hl=en&rclk=1",
        "state": "Uttar Pradesh"
    },
    {
        "name": "UCO Bank - Zonal Office",
        "url": "https://www.google.com/maps/place/UCO+Bank+-+Zonal+Office/data=!4m7!3m6!1s0x398e2df1763493bf:0x5b044d73b3304c81!8m2!3d25.3040117!4d82.9768672!16s%2Fg%2F11c3k50m12!19sChIJv5M0dvEtjjkRgUwws3NNBFs?authuser=0&hl=en&rclk=1",
        "state": "Uttar Pradesh"
    },
    {
        "name": "UCO Bank",
        "url": "https://www.google.com/maps/place/UCO+Bank/data=!4m7!3m6!1s0x399bbb7445459d03:0x69d4ad9b7332358c!8m2!3d26.3848786!4d81.2704202!16s%2Fg%2F11bwfm8zjy!19sChIJA51FRXS7mzkRjDUyc5ut1Gk?authuser=0&hl=en&rclk=1",
        "state": "Uttar Pradesh"
    },
    {
        "name": "UCO Bank",
        "url": "https://www.google.com/maps/place/UCO+Bank/data=!4m7!3m6!1s0x390c7acdcf58e4d1:0xbd33e87e3ba5faf2!8m2!3d29.0078923!4d77.7499162!16s%2Fg%2F11g9h6vk2d!19sChIJ0eRYz816DDkR8vqlO37oM70?authuser=0&hl=en&rclk=1",
        "state": "Uttar Pradesh"
    },
    {
        "name": "UCO Bank",
        "url": "https://www.google.com/maps/place/UCO+Bank/data=!4m7!3m6!1s0x390c1b0b6b550ac9:0xe7e7c460d735b5df!8m2!3d29.4687091!4d77.7037239!16s%2Fg%2F11ckpy0g2d!19sChIJyQpVawsbDDkR37U112DE5-c?authuser=0&hl=en&rclk=1",
        "state": "Uttar Pradesh"
    },
    {
        "name": "UCO Bank",
        "url": "https://www.google.com/maps/place/UCO+Bank/data=!4m7!3m6!1s0x398e2d807a647dfb:0xe0744764070d49ab!8m2!3d25.305799!4d82.9518466!16s%2Fg%2F11ddx9qht8!19sChIJ-31keoAtjjkRq0kNB2RHdOA?authuser=0&hl=en&rclk=1",
        "state": "Uttar Pradesh"
    },
    {
        "name": "UCO Bank",
        "url": "https://www.google.com/maps/place/UCO+Bank/data=!4m7!3m6!1s0x399ba1377521cbf5:0x681397a162b26fd5!8m2!3d26.2197511!4d81.2425146!16s%2Fg%2F1262d0y57!19sChIJ9cshdTehmzkR1W-yYqGXE2g?authuser=0&hl=en&rclk=1",
        "state": "Uttar Pradesh"
    },
    {
        "name": "UCO Bank",
        "url": "https://www.google.com/maps/place/UCO+Bank/data=!4m7!3m6!1s0x3999d8cbc7c66d33:0xa3bcb37731488e38!8m2!3d27.4292685!4d82.189565!16s%2Fg%2F11dymd4kqp!19sChIJM23Gx8vYmTkROI5IMXezvKM?authuser=0&hl=en&rclk=1",
        "state": "Uttar Pradesh"
    },
    {
        "name": "UCO Bank",
        "url": "https://www.google.com/maps/place/UCO+Bank/data=!4m7!3m6!1s0x397371116ad19289:0x1586ec56d29f4c20!8m2!3d27.4993124!4d77.6852388!16s%2Fg%2F11f358s6dk!19sChIJiZLRahFxczkRIEyf0lbshhU?authuser=0&hl=en&rclk=1",
        "state": "Uttar Pradesh"
    },
    {
        "name": "UCO Bank",
        "url": "https://www.google.com/maps/place/UCO+Bank/data=!4m7!3m6!1s0x3975966d6ba6835b:0xcd925d387eb05a46!8m2!3d27.2254265!4d79.0435502!16s%2Fg%2F11c5xvwpb4!19sChIJW4Oma22WdTkRRlqwfjhdks0?authuser=0&hl=en&rclk=1",
        "state": "Uttar Pradesh"
    },
    {
        "name": "UCO Bank - Madanpura Branch",
        "url": "https://www.google.com/maps/place/UCO+Bank+-+Madanpura+Branch/data=!4m7!3m6!1s0x398e31e2969daa95:0x6c78f1ac9e09c6ba!8m2!3d25.306422!4d83.0054621!16s%2Fg%2F11b6c5ntzc!19sChIJlaqdluIxjjkRusYJnqzxeGw?authuser=0&hl=en&rclk=1",
        "state": "Uttar Pradesh"
    },
    {
        "name": "UCO Bank Chopan",
        "url": "https://www.google.com/maps/place/UCO+Bank+Chopan/data=!4m7!3m6!1s0x398ee4f7b55155cb:0x17d79251144aced3!8m2!3d24.5091583!4d83.0225286!16s%2Fg%2F11cm_q05sf!19sChIJy1VRtffkjjkR085KFFGS1xc?authuser=0&hl=en&rclk=1",
        "state": "Uttar Pradesh"
    },
    {
        "name": "UCO Bank",
        "url": "https://www.google.com/maps/place/UCO+Bank/data=!4m7!3m6!1s0x390c64e39712b0c7:0xd5ac059c2d6cf7b0!8m2!3d28.9864903!4d77.7145379!16s%2Fg%2F11hbfjr854!19sChIJx7ASl-NkDDkRsPdsLZwFrNU?authuser=0&hl=en&rclk=1",
        "state": "Uttar Pradesh"
    },
    {
        "name": "UCO Bank",
        "url": "https://www.google.com/maps/place/UCO+Bank/data=!4m7!3m6!1s0x390c796877d79d5f:0x7820866be158fe07!8m2!3d28.9823157!4d77.8481338!16s%2Fg%2F11bw4njqz7!19sChIJX53Xd2h5DDkRB_5Y4WuGIHg?authuser=0&hl=en&rclk=1",
        "state": "Uttar Pradesh"
    },
    {
        "name": "UCO Bank",
        "url": "https://www.google.com/maps/place/UCO+Bank/data=!4m7!3m6!1s0x3991bcc9e67e2299:0x7424577d1e67bcf9!8m2!3d26.0628357!4d83.1869316!16s%2Fg%2F1hd_xqkf8!19sChIJmSJ-5sm8kTkR-bxnHn1XJHQ?authuser=0&hl=en&rclk=1",
        "state": "Uttar Pradesh"
    },
    {
        "name": "UCO Bank",
        "url": "https://www.google.com/maps/place/UCO+Bank/data=!4m7!3m6!1s0x390c64a5dc7c3361:0xb8870f29475b2e6d!8m2!3d28.952995!4d77.7320075!16s%2Fg%2F11c2l0l577!19sChIJYTN83KVkDDkRbS5bRykPh7g?authuser=0&hl=en&rclk=1",
        "state": "Uttar Pradesh"
    },
    {
        "name": "UCO Bank",
        "url": "https://www.google.com/maps/place/UCO+Bank/data=!4m7!3m6!1s0x399957d5699b8c2f:0x1606242012f907cd!8m2!3d26.8836747!4d80.9444225!16s%2Fg%2F1hm3k26p_!19sChIJL4ybadVXmTkRzQf5EiAkBhY?authuser=0&hl=en&rclk=1",
        "state": "Uttar Pradesh"
    },
    {
        "name": "UCO Bank",
        "url": "https://www.google.com/maps/place/UCO+Bank/data=!4m7!3m6!1s0x399bfddca050284b:0x39723e426e33072e!8m2!3d26.85128!4d80.90846!16s%2Fg%2F1tgnkh4l!19sChIJSyhQoNz9mzkRLgczbkI-cjk?authuser=0&hl=en&rclk=1",
        "state": "Uttar Pradesh"
    },
    {
        "name": "UCO Bank",
        "url": "https://www.google.com/maps/place/UCO+Bank/data=!4m7!3m6!1s0x399bfdb57e48a939:0xa16e77fdff2b2d9f!8m2!3d26.8381293!4d80.9187668!16s%2Fg%2F1tgqgv31!19sChIJOalIfrX9mzkRny0r__13bqE?authuser=0&hl=en&rclk=1",
        "state": "Uttar Pradesh"
    },
    {
        "name": "UCO Bank",
        "url": "https://www.google.com/maps/place/UCO+Bank/data=!4m7!3m6!1s0x39759d615468f2b1:0x84d952f48fb7d91c!8m2!3d27.4954865!4d79.1718017!16s%2Fg%2F11c48pqdg8!19sChIJsfJoVGGddTkRHNm3j_RS2YQ?authuser=0&hl=en&rclk=1",
        "state": "Uttar Pradesh"
    },
    {
        "name": "UCO Bank",
        "url": "https://www.google.com/maps/place/UCO+Bank/data=!4m7!3m6!1s0x390ceadb572a2dfb:0xa333f0883579e0b6!8m2!3d28.505507!4d77.545084!16s%2Fg%2F11b64t505k!19sChIJ-y0qV9vqDDkRtuB5NYjwM6M?authuser=0&hl=en&rclk=1",
        "state": "Uttar Pradesh"
    },
    {
        "name": "UCO Bank",
        "url": "https://www.google.com/maps/place/UCO+Bank/data=!4m7!3m6!1s0x399acad60be05b57:0x9ea25e400d2b349!8m2!3d25.4416943!4d81.8226728!16s%2Fg%2F11bc73c6tl!19sChIJV1vgC9bKmjkRSbPSAOQl6gk?authuser=0&hl=en&rclk=1",
        "state": "Uttar Pradesh"
    },
    {
        "name": "UCO Bank, Jagdishpur",
        "url": "https://www.google.com/maps/place/UCO+Bank,+Jagdishpur/data=!4m7!3m6!1s0x399a4b1cfa2343af:0x34541f52a4176bfb!8m2!3d26.4953707!4d81.5459298!16s%2Fg%2F11c55dgzt2!19sChIJr0Mj-hxLmjkR-2sXpFIfVDQ?authuser=0&hl=en&rclk=1",
        "state": "Uttar Pradesh"
    },
    {
        "name": "UCO Bank",
        "url": "https://www.google.com/maps/place/UCO+Bank/data=!4m7!3m6!1s0x390cf3fd2a3c60ff:0xb28adee1134f6ad6!8m2!3d28.673296!4d77.4903341!16s%2Fg%2F11lq7t0f3x!19sChIJ_2A8Kv3zDDkR1mpPE-HeirI?authuser=0&hl=en&rclk=1",
        "state": "Uttar Pradesh"
    },
    {
        "name": "UCO Bank",
        "url": "https://www.google.com/maps/place/UCO+Bank/data=!4m7!3m6!1s0x399bedc4f73ec179:0x2f142d461aefb485!8m2!3d26.5925017!4d81.016699!16s%2Fg%2F11dxlbn55m!19sChIJecE-98TtmzkRhbTvGkYtFC8?authuser=0&hl=en&rclk=1",
        "state": "Uttar Pradesh"
    },
    {
        "name": "UCO Bank",
        "url": "https://www.google.com/maps/place/UCO+Bank/data=!4m7!3m6!1s0x39996048d145f589:0xe0b3926fbb36464c!8m2!3d26.9274029!4d81.1988965!16s%2Fg%2F11cm0jlqlc!19sChIJifVF0UhgmTkRTEY2u2-Ss-A?authuser=0&hl=en&rclk=1",
        "state": "Uttar Pradesh"
    },
    {
        "name": "UCO Bank Bahadurpur",
        "url": "https://www.google.com/maps/place/UCO+Bank+Bahadurpur/data=!4m7!3m6!1s0x399baca89e37363f:0x836a885d562ddb9!8m2!3d26.2663061!4d81.5048432!16s%2Fg%2F1q67p_0ts!19sChIJPzY3nqismzkRud1i1YWoNgg?authuser=0&hl=en&rclk=1",
        "state": "Uttar Pradesh"
    },
    {
        "name": "UCO Bank Kandhla",
        "url": "https://www.google.com/maps/place/UCO+Bank+Kandhla/data=!4m7!3m6!1s0x390c323129e46e19:0x8ce4cfe9a641b2d2!8m2!3d29.3236243!4d77.2696694!16s%2Fg%2F11hbgf6tb0!19sChIJGW7kKTEyDDkR0rJBpunP5Iw?authuser=0&hl=en&rclk=1",
        "state": "Uttar Pradesh"
    },
    {
        "name": "UCO Bank",
        "url": "https://www.google.com/maps/place/UCO+Bank/data=!4m7!3m6!1s0x3993eb5b42f6dd3f:0x64a729236d195be0!8m2!3d26.7503529!4d83.9170051!16s%2Fg%2F11ckqzgjzs!19sChIJP932QlvrkzkR4FsZbSMpp2Q?authuser=0&hl=en&rclk=1",
        "state": "Uttar Pradesh"
    },
    {
        "name": "UCO Bank",
        "url": "https://www.google.com/maps/place/UCO+Bank/data=!4m7!3m6!1s0x390c64e27765f13b:0x57aa5863a2b6ce3f!8m2!3d28.9907679!4d77.7144892!16s%2Fg%2F11gcdjxfmw!19sChIJO_Fld-JkDDkRP862omNYqlc?authuser=0&hl=en&rclk=1",
        "state": "Uttar Pradesh"
    },
    {
        "name": "UCO Bank",
        "url": "https://www.google.com/maps/place/UCO+Bank/data=!4m7!3m6!1s0x399acaa3e6e4d659:0x1a73b322ab21511d!8m2!3d25.4558137!4d81.8604408!16s%2Fg%2F124s_qw_x!19sChIJWdbk5qPKmjkRHVEhqyKzcxo?authuser=0&hl=en&rclk=1",
        "state": "Uttar Pradesh"
    },
    {
        "name": "UCO Bank Barhalganj",
        "url": "https://www.google.com/maps/place/UCO+Bank+Barhalganj/data=!4m7!3m6!1s0x39917f4d09c52b5f:0xbc1bf0130eeded2a!8m2!3d26.2864935!4d83.5096889!16s%2Fg%2F11hb3lg3m2!19sChIJXyvFCU1_kTkRKu3tDhPwG7w?authuser=0&hl=en&rclk=1",
        "state": "Uttar Pradesh"
    },
    {
        "name": "UCO Bank",
        "url": "https://www.google.com/maps/place/UCO+Bank/data=!4m7!3m6!1s0x399d4331183fecaf:0x87e2e743f542e8a7!8m2!3d25.6039368!4d79.5681857!16s%2Fg%2F1pzwmdnfj!19sChIJr-w_GDFDnTkRp-hC9UPn4oc?authuser=0&hl=en&rclk=1",
        "state": "Uttar Pradesh"
    },
    {
        "name": "UCO Bank Randaul",
        "url": "https://www.google.com/maps/place/UCO+Bank+Randaul/data=!4m7!3m6!1s0x390ec2bc408002a3:0xce03a13999bd567a!8m2!3d30.100159!4d77.5789976!16s%2Fg%2F11bx4l7ffs!19sChIJowKAQLzCDjkRela9mTmhA84?authuser=0&hl=en&rclk=1",
        "state": "Uttar Pradesh"
    },
    {
        "name": "UCO Bank",
        "url": "https://www.google.com/maps/place/UCO+Bank/data=!4m7!3m6!1s0x399be2e740086805:0x86df211f812c2c4e!8m2!3d26.8474113!4d81.0105792!16s%2Fg%2F11f009z5_9!19sChIJBWgIQOfimzkRTiwsgR8h34Y?authuser=0&hl=en&rclk=1",
        "state": "Uttar Pradesh"
    },
    {
        "name": "UCO Bank Nangla Tashi",
        "url": "https://www.google.com/maps/place/UCO+Bank+Nangla+Tashi/data=!4m7!3m6!1s0x390c6f591301290f:0x2d8d5c433a7d5aed!8m2!3d29.0366471!4d77.6687528!16s%2Fg%2F11bxft0r9l!19sChIJDykBE1lvDDkR7Vp9OkNcjS0?authuser=0&hl=en&rclk=1",
        "state": "Uttar Pradesh"
    },
    {
        "name": "UCO Bank",
        "url": "https://www.google.com/maps/place/UCO+Bank/data=!4m7!3m6!1s0x399b0e3057c7a127:0x13818bb34e373ca7!8m2!3d25.9822992!4d81.287161!16s%2Fg%2F11cn957nyq!19sChIJJ6HHVzAOmzkRpzw3TrOLgRM?authuser=0&hl=en&rclk=1",
        "state": "Uttar Pradesh"
    },
    {
        "name": "UCO Bank",
        "url": "https://www.google.com/maps/place/UCO+Bank/data=!4m7!3m6!1s0x39917ac075706a1f:0x9ed1c0437aa43276!8m2!3d26.4360935!4d83.4431369!16s%2Fg%2F1hm3f91pt!19sChIJH2pwdcB6kTkRdjKkekPA0Z4?authuser=0&hl=en&rclk=1",
        "state": "Uttar Pradesh"
    },
    {
        "name": "UCO Bank",
        "url": "https://www.google.com/maps/place/UCO+Bank/data=!4m7!3m6!1s0x398e326ac016bab7:0x256e5386dde3d857!8m2!3d25.2838019!4d82.970291!16s%2Fg%2F11b6d7fbkh!19sChIJt7oWwGoyjjkRV9jj3YZTbiU?authuser=0&hl=en&rclk=1",
        "state": "Uttar Pradesh"
    },
    {
        "name": "UCO Bank",
        "url": "https://www.google.com/maps/place/UCO+Bank/data=!4m7!3m6!1s0x390ea417da3e6d69:0x5b738cc40406a386!8m2!3d29.6863698!4d77.6791602!16s%2Fg%2F11cjkqqws4!19sChIJaW0-2hekDjkRhqMGBMSMc1s?authuser=0&hl=en&rclk=1",
        "state": "Uttar Pradesh"
    },
    {
        "name": "UCO Bank",
        "url": "https://www.google.com/maps/place/UCO+Bank/data=!4m7!3m6!1s0x399f34e77bca3b29:0xef0908ac9ede9363!8m2!3d27.9353503!4d80.7874402!16s%2Fg%2F11cjnpn270!19sChIJKTvKe-c0nzkRY5PenqwICe8?authuser=0&hl=en&rclk=1",
        "state": "Uttar Pradesh"
    },
    {
        "name": "UCO Bank",
        "url": "https://www.google.com/maps/place/UCO+Bank/data=!4m7!3m6!1s0x399e30359367eeff:0xba73b76a3aa72c47!8m2!3d27.3890582!4d79.5817902!16s%2Fg%2F11g6xp1wrq!19sChIJ_-5nkzUwnjkRRyynOmq3c7o?authuser=0&hl=en&rclk=1",
        "state": "Uttar Pradesh"
    },
    {
        "name": "UCO Bank",
        "url": "https://www.google.com/maps/place/UCO+Bank/data=!4m7!3m6!1s0x3979bbb1e2c01b15:0x42c779ebc6c4d47a!8m2!3d24.7033578!4d78.4232577!16s%2Fg%2F11f3v2g76r!19sChIJFRvA4rG7eTkRetTExut5x0I?authuser=0&hl=en&rclk=1",
        "state": "Uttar Pradesh"
    },
    {
        "name": "UCO Bank",
        "url": "https://www.google.com/maps/place/UCO+Bank/data=!4m7!3m6!1s0x390cfd7abfa93813:0x4cba271fe80c4ecc!8m2!3d28.658865!4d77.2054601!16s%2Fg%2F11f4qys0jc!19sChIJEzipv3r9DDkRzE4M6B8nukw?authuser=0&hl=en&rclk=1",
        "state": "Uttar Pradesh"
    },
    {
        "name": "UCO Bank",
        "url": "https://www.google.com/maps/place/UCO+Bank/data=!4m7!3m6!1s0x390afbba9c45d789:0xaf06b36cce6397d7!8m2!3d28.8230066!4d78.7813957!16s%2Fg%2F11c61ywgyw!19sChIJiddFnLr7CjkR15djzmyzBq8?authuser=0&hl=en&rclk=1",
        "state": "Uttar Pradesh"
    },
    {
        "name": "UCO Bank",
        "url": "https://www.google.com/maps/place/UCO+Bank/data=!4m7!3m6!1s0x399bfd455bbaaaab:0x5c3d4194bf498f2c!8m2!3d26.8720055!4d80.9755807!16s%2Fg%2F11dxl94kkk!19sChIJq6q6W0X9mzkRLI9Jv5RBPVw?authuser=0&hl=en&rclk=1",
        "state": "Uttar Pradesh"
    },
    {
        "name": "UCO Bank",
        "url": "https://www.google.com/maps/place/UCO+Bank/data=!4m7!3m6!1s0x399c38771e00e141:0x4be21eedc1ed65ac!8m2!3d26.4707356!4d80.3074102!16s%2Fg%2F12333q88n!19sChIJQeEAHnc4nDkRrGXtwe0e4ks?authuser=0&hl=en&rclk=1",
        "state": "Uttar Pradesh"
    },
    {
        "name": "UCO Bank",
        "url": "https://www.google.com/maps/place/UCO+Bank/data=!4m7!3m6!1s0x39738affd9958427:0x3bb114bb2a6ca8a!8m2!3d27.0678961!4d77.882921!16s%2Fg%2F11g6xs2qgn!19sChIJJ4SV2f-KczkRisqmsksRuwM?authuser=0&hl=en&rclk=1",
        "state": "Uttar Pradesh"
    },
    {
        "name": "UCO Bank",
        "url": "https://www.google.com/maps/place/UCO+Bank/data=!4m7!3m6!1s0x399c47829a64bde7:0xe4a2c7ee5e50278c!8m2!3d26.4659494!4d80.3474043!16s%2Fg%2F1xgz9641!19sChIJ571kmoJHnDkRjCdQXu7HouQ?authuser=0&hl=en&rclk=1",
        "state": "Uttar Pradesh"
    }
]