[
    {
        "name": "UCO Bank",
        "url": "https://www.google.com/maps/place/UCO+Bank/data=!4m7!3m6!1s0x3a190d84961e974b:0xfc73312abdea0c5b!8m2!3d20.46623!4d85.8866044!16s%2Fg%2F1tk1xglp!19sChIJS5celoQNGToRWwzqvSoxc_w?authuser=0&hl=en&rclk=1",
        "state": "Odisha"
    },
    {
        "name": "UCO Bank - Chowki Branch",
        "url": "https://www.google.com/maps/place/UCO+Bank+-+Chowki+Branch/data=!4m7!3m6!1s0x3a1cd1c78957c62b:0x1777dc43253e0e1!8m2!3d21.6698272!4d87.4322194!16s%2Fg%2F1tgr_bxz!19sChIJK8ZXicfRHDoR4eBTMsR9dwE?authuser=0&hl=en&rclk=1",
        "state": "Odisha"
    },
    {
        "name": "UCO Bank",
        "url": "https://www.google.com/maps/place/UCO+Bank/data=!4m7!3m6!1s0x3a19a7c0ff1df3b1:0x37270be0568827da!8m2!3d20.2532775!4d85.7848787!16s%2Fg%2F124sq39gj!19sChIJsfMd_8CnGToR2ieIVuALJzc?authuser=0&hl=en&rclk=1",
        "state": "Odisha"
    },
    {
        "name": "UCO Bank - Chauliaganj Branch",
        "url": "https://www.google.com/maps/place/UCO+Bank+-+Chauliaganj+Branch/data=!4m7!3m6!1s0x3a190d41fa4fa679:0xd18602b355bdc6d!8m2!3d20.4552933!4d85.9105211!16s%2Fg%2F11ddxsz48q!19sChIJeaZP-kENGToRbdxbNStgGA0?authuser=0&hl=en&rclk=1",
        "state": "Odisha"
    },
    {
        "name": "UCO Bank - Gopalpur Branch",
        "url": "https://www.google.com/maps/place/UCO+Bank+-+Gopalpur+Branch/data=!4m7!3m6!1s0x3a3d58ff7b83187d:0x638799e84818cf62!8m2!3d19.2596261!4d84.9016141!16s%2Fg%2F11d_8g7ghp!19sChIJfRiDe_9YPToRYs8YSOiZh2M?authuser=0&hl=en&rclk=1",
        "state": "Odisha"
    },
    {
        "name": "UCO Bank Maitree Vihar Branch",
        "url": "https://www.google.com/maps/place/UCO+Bank+Maitree+Vihar+Branch/data=!4m7!3m6!1s0x3a1909b12f52a5d5:0xa402722d26c6a5ed!8m2!3d20.3116297!4d85.8150686!16s%2Fg%2F11b81rpqvm!19sChIJ1aVSL7EJGToR7aXGJi1yAqQ?authuser=0&hl=en&rclk=1",
        "state": "Odisha"
    },
    {
        "name": "UCO Bank - Oupada Branch",
        "url": "https://www.google.com/maps/place/UCO+Bank+-+Oupada+Branch/data=!4m7!3m6!1s0x3a1c13e6849eaa13:0x90b9798b95ce96fa!8m2!3d21.3254892!4d86.5067014!16s%2Fg%2F11dxhykw31!19sChIJE6qehOYTHDoR-pbOlYt5uZA?authuser=0&hl=en&rclk=1",
        "state": "Odisha"
    },
    {
        "name": "UCO Bank, Jeypore Branch",
        "url": "https://www.google.com/maps/place/UCO+Bank,+Jeypore+Branch/data=!4m7!3m6!1s0x3a3aed5a60cd0ee5:0xc6a5ffdae81981e0!8m2!3d18.8582726!4d82.5738845!16s%2Fg%2F1tzgmn54!19sChIJ5Q7NYFrtOjoR4IEZ6Nr_pcY?authuser=0&hl=en&rclk=1",
        "state": "Odisha"
    },
    {
        "name": "UCO Bank - Berhampur Branch",
        "url": "https://www.google.com/maps/place/UCO+Bank+-+Berhampur+Branch/data=!4m7!3m6!1s0x3a3d5005528a490b:0xc0aa01e79935756f!8m2!3d19.3155989!4d84.7831541!16s%2Fg%2F11c1xfs3v5!19sChIJC0mKUgVQPToRb3U1mecBqsA?authuser=0&hl=en&rclk=1",
        "state": "Odisha"
    },
    {
        "name": "UCO Bank",
        "url": "https://www.google.com/maps/place/UCO+Bank/data=!4m7!3m6!1s0x3a191323d717a307:0xc23ffef43d32fb6a!8m2!3d20.5274941!4d85.91309!16s%2Fg%2F1hm24vtry!19sChIJB6MX1yMTGToRavsyPfT-P8I?authuser=0&hl=en&rclk=1",
        "state": "Odisha"
    },
    {
        "name": "UCO Bank",
        "url": "https://www.google.com/maps/place/UCO+Bank/data=!4m7!3m6!1s0x3a1909fed4cec125:0x846e9c73bcbefbd4!8m2!3d20.287705!4d85.845849!16s%2Fg%2F1hhhgzztb!19sChIJJcHO1P4JGToR1Pu-vHOcboQ?authuser=0&hl=en&rclk=1",
        "state": "Odisha"
    },
    {
        "name": "UCO Bank - Boudh Branch",
        "url": "https://www.google.com/maps/place/UCO+Bank+-+Boudh+Branch/data=!4m7!3m6!1s0x3a222dbb3770056f:0x22891ede4e663c9c!8m2!3d20.8406804!4d84.3233063!16s%2Fg%2F11cktgr1z1!19sChIJbwVwN7stIjoRnDxmTt4eiSI?authuser=0&hl=en&rclk=1",
        "state": "Odisha"
    },
    {
        "name": "UCO Bank - Orti Branch",
        "url": "https://www.google.com/maps/place/UCO+Bank+-+Orti+Branch/data=!4m7!3m6!1s0x3a1bd7d37d35f0df:0x3716e668e3ffd9a4!8m2!3d20.4360862!4d86.2616198!16s%2Fg%2F1261nfy1z!19sChIJ3_A1fdPXGzoRpNn_42jmFjc?authuser=0&hl=en&rclk=1",
        "state": "Odisha"
    },
    {
        "name": "UCO Bank - Bhograi Branch",
        "url": "https://www.google.com/maps/place/UCO+Bank+-+Bhograi+Branch/data=!4m7!3m6!1s0x3a1cd0504cfeaad7:0xc68c1f36eeac6dd5!8m2!3d21.6838284!4d87.4131615!16s%2Fg%2F11bw21cprp!19sChIJ16r-TFDQHDoR1W2s7jYfjMY?authuser=0&hl=en&rclk=1",
        "state": "Odisha"
    },
    {
        "name": "UCO Bank Bargarh Branch",
        "url": "https://www.google.com/maps/place/UCO+Bank+Bargarh+Branch/data=!4m7!3m6!1s0x3a214a95061391d9:0xe2b6364cc48147fc!8m2!3d21.3330521!4d83.6156224!16s%2Fg%2F11b6v272g4!19sChIJ2ZETBpVKIToR_EeBxEw2tuI?authuser=0&hl=en&rclk=1",
        "state": "Odisha"
    },
    {
        "name": "UCO Bank - Collectorate Branch",
        "url": "https://www.google.com/maps/place/UCO+Bank+-+Collectorate+Branch/data=!4m7!3m6!1s0x3a190dfa8fc5f937:0xc64fbaa9c36838a6!8m2!3d20.4627857!4d85.8580785!16s%2Fg%2F11cst1tqjb!19sChIJN_nFj_oNGToRpjhow6m6T8Y?authuser=0&hl=en&rclk=1",
        "state": "Odisha"
    },
    {
        "name": "UCO Bank",
        "url": "https://www.google.com/maps/place/UCO+Bank/data=!4m7!3m6!1s0x3a19078daae90413:0x16b622ef3af24eb1!8m2!3d20.2884183!4d85.7434891!16s%2Fg%2F11ckvpr77h!19sChIJEwTpqo0HGToRsU7yOu8ithY?authuser=0&hl=en&rclk=1",
        "state": "Odisha"
    },
    {
        "name": "UCO Bank",
        "url": "https://www.google.com/maps/place/UCO+Bank/data=!4m7!3m6!1s0x3a19091190b146b5:0x5fa7deeda158a8cf!8m2!3d20.342821!4d85.8221486!16s%2Fg%2F11b8_lp604!19sChIJtUaxkBEJGToRz6hYoe3ep18?authuser=0&hl=en&rclk=1",
        "state": "Odisha"
    },
    {
        "name": "UCO Bank - Kaniha Branch",
        "url": "https://www.google.com/maps/place/UCO+Bank+-+Kaniha+Branch/data=!4m7!3m6!1s0x3a1f53b87ff6b669:0x91ce581643893a53!8m2!3d21.0900261!4d85.0583169!16s%2Fg%2F1q64p7rdx!19sChIJabb2f7hTHzoRUzqJQxZYzpE?authuser=0&hl=en&rclk=1",
        "state": "Odisha"
    },
    {
        "name": "UCO Bank",
        "url": "https://www.google.com/maps/place/UCO+Bank/data=!4m7!3m6!1s0x3a19a701a366bd29:0x1c5b548f0882622c!8m2!3d20.235782!4d85.811206!16s%2Fg%2F11ckqsvnh1!19sChIJKb1mowGnGToRLGKCCI9UWxw?authuser=0&hl=en&rclk=1",
        "state": "Odisha"
    },
    {
        "name": "UCO Bank - A.I.I.M.S Branch",
        "url": "https://www.google.com/maps/place/UCO+Bank+-+A.I.I.M.S+Branch/data=!4m7!3m6!1s0x3a19a879b5f8d5f1:0xedaf1c279ca93dd2!8m2!3d20.2426507!4d85.763801!16s%2Fg%2F11c30vq9pw!19sChIJ8dX4tXmoGToR0j2pnCccr-0?authuser=0&hl=en&rclk=1",
        "state": "Odisha"
    },
    {
        "name": "UCO Bank - Jamsuli Branch",
        "url": "https://www.google.com/maps/place/UCO+Bank+-+Jamsuli+Branch/data=!4m7!3m6!1s0x3a1ce6463ee45c2f:0x7c93097249f7d473!8m2!3d21.671519!4d87.1713352!16s%2Fg%2F11b7cs3yjq!19sChIJL1zkPkbmHDoRc9T3SXIJk3w?authuser=0&hl=en&rclk=1",
        "state": "Odisha"
    },
    {
        "name": "UCO Bank",
        "url": "https://www.google.com/maps/place/UCO+Bank/data=!4m7!3m6!1s0x3a19ab60ea75cc3d:0xd54f61e3845a1bf4!8m2!3d20.1857881!4d85.6243179!16s%2Fg%2F11b90fg27r!19sChIJPcx16mCrGToR9BtahONhT9U?authuser=0&hl=en&rclk=1",
        "state": "Odisha"
    },
    {
        "name": "UCO Bank - Champeswar Branch",
        "url": "https://www.google.com/maps/place/UCO+Bank+-+Champeswar+Branch/data=!4m7!3m6!1s0x3a188e384548256b:0xbafe0f2f1910c08c!8m2!3d20.4316565!4d85.1613288!16s%2Fg%2F11fx91hp3k!19sChIJayVIRTiOGDoRjMAQGS8P_ro?authuser=0&hl=en&rclk=1",
        "state": "Odisha"
    },
    {
        "name": "UCO Bank - Narasinghpur Branch",
        "url": "https://www.google.com/maps/place/UCO+Bank+-+Narasinghpur+Branch/data=!4m7!3m6!1s0x3a189ace1367bbd1:0x54f5669dd514c82b!8m2!3d20.4591278!4d85.0765701!16s%2Fg%2F11csr0mn5s!19sChIJ0btnE86aGDoRK8gU1Z1m9VQ?authuser=0&hl=en&rclk=1",
        "state": "Odisha"
    },
    {
        "name": "UCO Bank - Nimapara Branch",
        "url": "https://www.google.com/maps/place/UCO+Bank+-+Nimapara+Branch/data=!4m7!3m6!1s0x3a1997300b772ae7:0xf7a30bfd3119be65!8m2!3d20.0608317!4d86.0022211!16s%2Fg%2F11bxb2fqyp!19sChIJ5yp3CzCXGToRZb4ZMf0Lo_c?authuser=0&hl=en&rclk=1",
        "state": "Odisha"
    },
    {
        "name": "UCO Bank",
        "url": "https://www.google.com/maps/place/UCO+Bank/data=!4m7!3m6!1s0x3a191da4154c2249:0x6f7d87f78a9d9123!8m2!3d20.5148463!4d85.6230325!16s%2Fg%2F11cn945wtq!19sChIJSSJMFaQdGToRI5GdiveHfW8?authuser=0&hl=en&rclk=1",
        "state": "Odisha"
    },
    {
        "name": "UCO Bank",
        "url": "https://www.google.com/maps/place/UCO+Bank/data=!4m7!3m6!1s0x3a1c09ffa5eb6cb3:0x3d6c49a5c3c51a80!8m2!3d21.060909!4d86.4976582!16s%2Fg%2F1tfcx6rv!19sChIJs2zrpf8JHDoRgBrFw6VJbD0?authuser=0&hl=en&rclk=1",
        "state": "Odisha"
    },
    {
        "name": "UCO Bank",
        "url": "https://www.google.com/maps/place/UCO+Bank/data=!4m7!3m6!1s0x3a19c781ecee0cff:0x625194c390a39bcb!8m2!3d19.8955274!4d85.8064464!16s%2Fg%2F1z44yr5_5!19sChIJ_wzu7IHHGToRy5ujkMOUUWI?authuser=0&hl=en&rclk=1",
        "state": "Odisha"
    },
    {
        "name": "UCO Bank - Khamar Branch",
        "url": "https://www.google.com/maps/place/UCO+Bank+-+Khamar+Branch/data=!4m7!3m6!1s0x3a1f467df513e6c1:0xdca829bf491197ea!8m2!3d21.2638412!4d85.1957757!16s%2Fg%2F11b_25p6dp!19sChIJweYT9X1GHzoR6pcRSb8pqNw?authuser=0&hl=en&rclk=1",
        "state": "Odisha"
    },
    {
        "name": "UCO Bank",
        "url": "https://www.google.com/maps/place/UCO+Bank/data=!4m7!3m6!1s0x3a1cdfd85d542fb7:0x6a8a7a6f7dded699!8m2!3d21.8001426!4d87.2232577!16s%2Fg%2F11c701ghq3!19sChIJty9UXdjfHDoRmdbefW96imo?authuser=0&hl=en&rclk=1",
        "state": "Odisha"
    },
    {
        "name": "UCO Bank",
        "url": "https://www.google.com/maps/place/UCO+Bank/data=!4m7!3m6!1s0x3a19c4279e6f3e31:0xf28ac97afce2c4c9!8m2!3d19.8083347!4d85.8164373!16s%2Fg%2F11c1n291t0!19sChIJMT5vnifEGToRycTi_HrJivI?authuser=0&hl=en&rclk=1",
        "state": "Odisha"
    },
    {
        "name": "UCO Bank - Jagatsinghpur Branch",
        "url": "https://www.google.com/maps/place/UCO+Bank+-+Jagatsinghpur+Branch/data=!4m7!3m6!1s0x3a198187d2692a89:0xc7a8405be2a71291!8m2!3d20.253185!4d86.1771621!16s%2Fg%2F1tct_vrb!19sChIJiSpp0oeBGToRkRKn4ltAqMc?authuser=0&hl=en&rclk=1",
        "state": "Odisha"
    },
    {
        "name": "UCO Bank",
        "url": "https://www.google.com/maps/place/UCO+Bank/data=!4m7!3m6!1s0x3a19a169a4d633f3:0x7ab4433f82af021c!8m2!3d20.2030502!4d85.8710373!16s%2Fg%2F11cmsgnzyg!19sChIJ8zPWpGmhGToRHAKvgj9DtHo?authuser=0&hl=en&rclk=1",
        "state": "Odisha"
    },
    {
        "name": "UCO Bank - Jamukoli Branch",
        "url": "https://www.google.com/maps/place/UCO+Bank+-+Jamukoli+Branch/data=!4m7!3m6!1s0x3a19a5f23f50f87d:0xb69460d3b849f9cf!8m2!3d20.1698187!4d85.7792304!16s%2Fg%2F11c5zvp587!19sChIJffhQP_KlGToRz_lJuNNglLY?authuser=0&hl=en&rclk=1",
        "state": "Odisha"
    },
    {
        "name": "UCO Bank Head Office Bhubaneswar",
        "url": "https://www.google.com/maps/place/UCO+Bank+Head+Office+Bhubaneswar/data=!4m7!3m6!1s0x3a19a74f06ff2e3f:0xaae6b067f07e46a8!8m2!3d20.2667546!4d85.8404038!16s%2Fg%2F1tmckn9z!19sChIJPy7_Bk-nGToRqEZ-8Gew5qo?authuser=0&hl=en&rclk=1",
        "state": "Odisha"
    },
    {
        "name": "UCO Bank - Main Branch",
        "url": "https://www.google.com/maps/place/UCO+Bank+-+Main+Branch/data=!4m7!3m6!1s0x3a190d8b454cdf2d:0xe0605e134a941d79!8m2!3d20.4675456!4d85.8695319!16s%2Fg%2F11btxmm3sw!19sChIJLd9MRYsNGToReR2UShNeYOA?authuser=0&hl=en&rclk=1",
        "state": "Odisha"
    },
    {
        "name": "UCO Bank, Chandrasekharpur Branch",
        "url": "https://www.google.com/maps/place/UCO+Bank,+Chandrasekharpur+Branch/data=!4m7!3m6!1s0x3a1909005a560a63:0xb5d61058221c4638!8m2!3d20.3238761!4d85.8170307!16s%2Fg%2F11y73tt05s!19sChIJYwpWWgAJGToROEYcIlgQ1rU?authuser=0&hl=en&rclk=1",
        "state": "Odisha"
    },
    {
        "name": "UCO Bank - Dhalpur Branch",
        "url": "https://www.google.com/maps/place/UCO+Bank+-+Dhalpur+Branch/data=!4m7!3m6!1s0x3a18c43922d972f5:0x66782512423862f5!8m2!3d20.7765959!4d85.3725438!16s%2Fg%2F11g9g36j9f!19sChIJ9XLZIjnEGDoR9WI4QhIleGY?authuser=0&hl=en&rclk=1",
        "state": "Odisha"
    },
    {
        "name": "UCO Bank - Talcher Branch",
        "url": "https://www.google.com/maps/place/UCO+Bank+-+Talcher+Branch/data=!4m7!3m6!1s0x3a18b433dc2cfc41:0x4e8db329ceb59141!8m2!3d20.9481381!4d85.2248199!16s%2Fg%2F1tds53gk!19sChIJQfws3DO0GDoRQZG1zimzjU4?authuser=0&hl=en&rclk=1",
        "state": "Odisha"
    },
    {
        "name": "UCO Bank",
        "url": "https://www.google.com/maps/place/UCO+Bank/data=!4m7!3m6!1s0x3a1987b3e0ec10a3:0x77e2aa082b368e9e!8m2!3d20.1311163!4d86.2206749!16s%2Fg%2F11c30_mvfk!19sChIJoxDs4LOHGToRno42Kwiq4nc?authuser=0&hl=en&rclk=1",
        "state": "Odisha"
    },
    {
        "name": "UCO Bank",
        "url": "https://www.google.com/maps/place/UCO+Bank/data=!4m7!3m6!1s0x3a18b76391c7b427:0xb6c21c825ad1e3ff!8m2!3d20.8415952!4d85.2171654!16s%2Fg%2F11bbyf4tv_!19sChIJJ7THkWO3GDoR_-PRWoIcwrY?authuser=0&hl=en&rclk=1",
        "state": "Odisha"
    },
    {
        "name": "UCO Bank - Aul Branch",
        "url": "https://www.google.com/maps/place/UCO+Bank+-+Aul+Branch/data=!4m7!3m6!1s0x3a1b95f6960087f5:0x77612a17f92aa908!8m2!3d20.6842719!4d86.6469439!16s%2Fg%2F11bv2l2fjl!19sChIJ9YcAlvaVGzoRCKkq-RcqYXc?authuser=0&hl=en&rclk=1",
        "state": "Odisha"
    },
    {
        "name": "UCO Bank",
        "url": "https://www.google.com/maps/place/UCO+Bank/data=!4m7!3m6!1s0x3a190d7b8e8b1019:0x76babac7a236a4d1!8m2!3d20.4668127!4d85.8963311!16s%2Fg%2F11fy4gxxq4!19sChIJGRCLjnsNGToR0aQ2ose6unY?authuser=0&hl=en&rclk=1",
        "state": "Odisha"
    },
    {
        "name": "UCO Bank - Begunia Branch",
        "url": "https://www.google.com/maps/place/UCO+Bank+-+Begunia+Branch/data=!4m7!3m6!1s0x3a18576a3c510179:0x28cd4893d73392c8!8m2!3d20.2025291!4d85.4537302!16s%2Fg%2F11cspvzmj1!19sChIJeQFRPGpXGDoRyJIz15NIzSg?authuser=0&hl=en&rclk=1",
        "state": "Odisha"
    },
    {
        "name": "UCO Bank, Sugo Branch",
        "url": "https://www.google.com/maps/place/UCO+Bank,+Sugo+Branch/data=!4m7!3m6!1s0x3a1cdf233bfbc759:0x3b36f8e9159ac5a0!8m2!3d21.797752!4d87.2854168!16s%2Fg%2F11c5rvgdqm!19sChIJWcf7OyPfHDoRoMWaFen4Njs?authuser=0&hl=en&rclk=1",
        "state": "Odisha"
    },
    {
        "name": "UCO Bank",
        "url": "https://www.google.com/maps/place/UCO+Bank/data=!4m7!3m6!1s0x3a190a11fbc95ffb:0x94c1b365d06470b3!8m2!3d20.2946679!4d85.863592!16s%2Fg%2F11bv1ccf80!19sChIJ-1_J-xEKGToRs3Bk0GWzwZQ?authuser=0&hl=en&rclk=1",
        "state": "Odisha"
    },
    {
        "name": "UCO Bank",
        "url": "https://www.google.com/maps/place/UCO+Bank/data=!4m7!3m6!1s0x3a1911ddc1c82edd:0x6b0a4514007c684e!8m2!3d20.4793516!4d85.8268327!16s%2Fg%2F11bx1gsxbj!19sChIJ3S7Iwd0RGToRTmh8ABRFCms?authuser=0&hl=en&rclk=1",
        "state": "Odisha"
    },
    {
        "name": "UCO Bank - Pallahara Branch",
        "url": "https://www.google.com/maps/place/UCO+Bank+-+Pallahara+Branch/data=!4m7!3m6!1s0x3a1f6a21a4421b95:0x5124857316291be1!8m2!3d21.4328535!4d85.192921!16s%2Fg%2F11cn3ps_fn!19sChIJlRtCpCFqHzoR4RspFnOFJFE?authuser=0&hl=en&rclk=1",
        "state": "Odisha"
    },
    {
        "name": "UCO Bank - Bhatli Branch",
        "url": "https://www.google.com/maps/place/UCO+Bank+-+Bhatli+Branch/data=!4m7!3m6!1s0x3a26cc69a0d49187:0xd6bec7ed8d892bde!8m2!3d21.4669485!4d83.5353294!16s%2Fg%2F11c45tmmv1!19sChIJh5HUoGnMJjoR3iuJje3HvtY?authuser=0&hl=en&rclk=1",
        "state": "Odisha"
    },
    {
        "name": "UCO Bank",
        "url": "https://www.google.com/maps/place/UCO+Bank/data=!4m7!3m6!1s0x3a19a767a6f29491:0x891cc8a42c17fb28!8m2!3d20.272174!4d85.826421!16s%2Fg%2F11bytskxx1!19sChIJkZTypmenGToRKPsXLKTIHIk?authuser=0&hl=en&rclk=1",
        "state": "Odisha"
    },
    {
        "name": "UCO Bank Jakhapura Branch",
        "url": "https://www.google.com/maps/place/UCO+Bank+Jakhapura+Branch/data=!4m7!3m6!1s0x3a194fd56ed2c6c3:0x103fa03ba8a19664!8m2!3d20.9301244!4d86.0623337!16s%2Fg%2F11gh_kcyxh!19sChIJw8bSbtVPGToRZJahqDugPxA?authuser=0&hl=en&rclk=1",
        "state": "Odisha"
    },
    {
        "name": "UCO Bank",
        "url": "https://www.google.com/maps/place/UCO+Bank/data=!4m7!3m6!1s0x3a17ff3b7e0ef68b:0xaed5ee42ad0d2bfd!8m2!3d19.4669414!4d85.0079658!16s%2Fg%2F1tgfv0_4!19sChIJi_YOfjv_FzoR_SsNrULu1a4?authuser=0&hl=en&rclk=1",
        "state": "Odisha"
    },
    {
        "name": "UCO Bank",
        "url": "https://www.google.com/maps/place/UCO+Bank/data=!4m7!3m6!1s0x3a19a77a9d54a97d:0x3e95edef37adf97d!8m2!3d20.2692826!4d85.8160198!16s%2Fg%2F124t4sqzg!19sChIJfalUnXqnGToRffmtN-_tlT4?authuser=0&hl=en&rclk=1",
        "state": "Odisha"
    },
    {
        "name": "UCO Bank",
        "url": "https://www.google.com/maps/place/UCO+Bank/data=!4m7!3m6!1s0x3a190d5d707f228f:0xe334bf41934565ad!8m2!3d20.4641431!4d85.9106559!16s%2Fg%2F11c6srf_5b!19sChIJjyJ_cF0NGToRrWVFk0G_NOM?authuser=0&hl=en&rclk=1",
        "state": "Odisha"
    },
    {
        "name": "UCO Bank",
        "url": "https://www.google.com/maps/place/UCO+Bank/data=!4m7!3m6!1s0x3a24e04aa1b60ce9:0x29992ea6f854eab4!8m2!3d19.8557974!4d82.9287692!16s%2Fg%2F11cr__kzsd!19sChIJ6Qy2oUrgJDoRtOpU-KYumSk?authuser=0&hl=en&rclk=1",
        "state": "Odisha"
    },
    {
        "name": "UCO Bank",
        "url": "https://www.google.com/maps/place/UCO+Bank/data=!4m7!3m6!1s0x3a20146873eed22d:0x3ba788bfaf01a7d2!8m2!3d22.2243017!4d84.658762!16s%2Fg%2F1hc77cshd!19sChIJLdLuc2gUIDoR0qcBr7-Ipzs?authuser=0&hl=en&rclk=1",
        "state": "Odisha"
    },
    {
        "name": "UCO Bank",
        "url": "https://www.google.com/maps/place/UCO+Bank/data=!4m7!3m6!1s0x3a198bdfd9910bc1:0x2091a350ea92a726!8m2!3d20.0021689!4d86.1959373!16s%2Fg%2F1hc3hfl80!19sChIJwQuR2d-LGToRJqeS6lCjkSA?authuser=0&hl=en&rclk=1",
        "state": "Odisha"
    },
    {
        "name": "UCO Bank",
        "url": "https://www.google.com/maps/place/UCO+Bank/data=!4m7!3m6!1s0x3a240ebf46ec5de5:0x40be98f082fc714!8m2!3d20.7073455!4d83.4901339!16s%2Fg%2F11bbvpl5gt!19sChIJ5V3sRr8OJDoRFMcvCI_pCwQ?authuser=0&hl=en&rclk=1",
        "state": "Odisha"
    },
    {
        "name": "UCO Bank",
        "url": "https://www.google.com/maps/place/UCO+Bank/data=!4m7!3m6!1s0x3a19f2a22b7af5f1:0x370ffb99ff0b2926!8m2!3d19.8861471!4d86.0991099!16s%2Fg%2F11csr3x30w!19sChIJ8fV6K6LyGToRJikL_5n7Dzc?authuser=0&hl=en&rclk=1",
        "state": "Odisha"
    },
    {
        "name": "UCO Bank",
        "url": "https://www.google.com/maps/place/UCO+Bank/data=!4m7!3m6!1s0x3a23e70abb66be43:0xdc588726355f24ca!8m2!3d20.8434617!4d83.9099291!16s%2Fg%2F11c5j734kx!19sChIJQ75muwrnIzoRyiRfNSaHWNw?authuser=0&hl=en&rclk=1",
        "state": "Odisha"
    },
    {
        "name": "UCO Bank",
        "url": "https://www.google.com/maps/place/UCO+Bank/data=!4m7!3m6!1s0x3a1bd3d61e2221c9:0x465345adb2215cf7!8m2!3d20.3886177!4d86.3720715!16s%2Fg%2F124yb45vx!19sChIJySEiHtbTGzoR91whsq1FU0Y?authuser=0&hl=en&rclk=1",
        "state": "Odisha"
    },
    {
        "name": "UCO Bank",
        "url": "https://www.google.com/maps/place/UCO+Bank/data=!4m7!3m6!1s0x3a190e8c7d8b3b93:0x2409e96f18d88fad!8m2!3d20.4177586!4d85.8307193!16s%2Fg%2F11bzywcvws!19sChIJkzuLfYwOGToRrY_YGG_pCSQ?authuser=0&hl=en&rclk=1",
        "state": "Odisha"
    },
    {
        "name": "UCO Bank",
        "url": "https://www.google.com/maps/place/UCO+Bank/data=!4m7!3m6!1s0x3a20de19669ff0a5:0xb9baa046f25addb5!8m2!3d21.8222735!4d83.9251917!16s%2Fg%2F11gbk30hmm!19sChIJpfCfZhneIDoRtd1a8kagurk?authuser=0&hl=en&rclk=1",
        "state": "Odisha"
    },
    {
        "name": "UCO Bank",
        "url": "https://www.google.com/maps/place/UCO+Bank/data=!4m7!3m6!1s0x3a17fc55dd2c6ce5:0xd60411cfa9e7ec5e!8m2!3d19.3587786!4d84.9862496!16s%2Fg%2F11fzn8sj64!19sChIJ5Wws3VX8FzoRXuznqc8RBNY?authuser=0&hl=en&rclk=1",
        "state": "Odisha"
    },
    {
        "name": "UCO Bank - Godbhaga Branch",
        "url": "https://www.google.com/maps/place/UCO+Bank+-+Godbhaga+Branch/data=!4m7!3m6!1s0x3a21392ad28340db:0x510274b34bdae696!8m2!3d21.4126179!4d83.8471268!16s%2Fg%2F11c2p6j9c2!19sChIJ20CD0io5IToRlubaS7N0AlE?authuser=0&hl=en&rclk=1",
        "state": "Odisha"
    },
    {
        "name": "UCO Bank",
        "url": "https://www.google.com/maps/place/UCO+Bank/data=!4m7!3m6!1s0x3a195b8b82aaca5b:0x67348f682b186bda!8m2!3d20.7703837!4d86.1522279!16s%2Fg%2F1hc9kcb5y!19sChIJW8qqgotbGToR2msYK2iPNGc?authuser=0&hl=en&rclk=1",
        "state": "Odisha"
    },
    {
        "name": "UCO Bank",
        "url": "https://www.google.com/maps/place/UCO+Bank/data=!4m7!3m6!1s0x3a206ade9b55c4bf:0x92c8834e606dc0f!8m2!3d22.1907568!4d84.5884029!16s%2Fg%2F11c605wcdp!19sChIJv8RVm95qIDoRD9wG5jSILAk?authuser=0&hl=en&rclk=1",
        "state": "Odisha"
    },
    {
        "name": "UCO Bank",
        "url": "https://www.google.com/maps/place/UCO+Bank/data=!4m7!3m6!1s0x3a2227ad8266f16b:0x397bebef258a1b3e!8m2!3d20.9596672!4d84.4702291!16s%2Fg%2F11c1v1thwc!19sChIJa_Fmgq0nIjoRPhuKJe_rezk?authuser=0&hl=en&rclk=1",
        "state": "Odisha"
    },
    {
        "name": "UCO Bank - Main Branch",
        "url": "https://www.google.com/maps/place/UCO+Bank+-+Main+Branch/data=!4m7!3m6!1s0x3a201c033a3fc657:0x11b24d5e20cf5e84!8m2!3d22.2569509!4d84.8664799!16s%2Fg%2F1260x8l_b!19sChIJV8Y_OgMcIDoRhF7PIF5NshE?authuser=0&hl=en&rclk=1",
        "state": "Odisha"
    },
    {
        "name": "UCO Bank",
        "url": "https://www.google.com/maps/place/UCO+Bank/data=!4m7!3m6!1s0x3a1cf5a822e2c909:0x244e7e4aed55fe6f!8m2!3d21.4956911!4d86.9337107!16s%2Fg%2F11c5s40s_k!19sChIJCcniIqj1HDoRb_5V7Up-TiQ?authuser=0&hl=en&rclk=1",
        "state": "Odisha"
    },
    {
        "name": "UCO Bank",
        "url": "https://www.google.com/maps/place/UCO+Bank/data=!4m7!3m6!1s0x3a1c5f664c19078d:0x8fb4d20ecfff78d!8m2!3d21.5147495!4d86.8939114!16s%2Fg%2F1hc53mtgl!19sChIJjQcZTGZfHDoRjff_7CBN-wg?authuser=0&hl=en&rclk=1",
        "state": "Odisha"
    },
    {
        "name": "UCO Bank",
        "url": "https://www.google.com/maps/place/UCO+Bank/data=!4m7!3m6!1s0x3a1c6477ad27b119:0x59d8b3a726308d0a!8m2!3d21.3170974!4d86.8199933!16s%2Fg%2F11f541v_58!19sChIJGbEnrXdkHDoRCo0wJqez2Fk?authuser=0&hl=en&rclk=1",
        "state": "Odisha"
    },
    {
        "name": "UCO Bank",
        "url": "https://www.google.com/maps/place/UCO+Bank/data=!4m7!3m6!1s0x3a18b74817564451:0x98edb493ec44993b!8m2!3d20.8589409!4d85.1987969!16s%2Fg%2F11bby3y9pk!19sChIJUURWF0i3GDoRO5lE7JO07Zg?authuser=0&hl=en&rclk=1",
        "state": "Odisha"
    },
    {
        "name": "UCO Bank",
        "url": "https://www.google.com/maps/place/UCO+Bank/data=!4m7!3m6!1s0x3a1b848d95555555:0xc820b48068f2ab9a!8m2!3d20.9105125!4d86.8057142!16s%2Fg%2F11c2lbfdf6!19sChIJVVVVlY2EGzoRmqvyaIC0IMg?authuser=0&hl=en&rclk=1",
        "state": "Odisha"
    },
    {
        "name": "UCO Bank - Bagdia Branch",
        "url": "https://www.google.com/maps/place/UCO+Bank+-+Bagdia+Branch/data=!4m7!3m6!1s0x3a21f98049c5b241:0xe36ae3e7c32605be!8m2!3d21.1075155!4d84.8136324!16s%2Fg%2F11f1p2k3tk!19sChIJQbLFSYD5IToRvgUmw-fjauM?authuser=0&hl=en&rclk=1",
        "state": "Odisha"
    },
    {
        "name": "UCO Bank",
        "url": "https://www.google.com/maps/place/UCO+Bank/data=!4m7!3m6!1s0x3a201940e54d24b9:0xd13390ae4d03b1be!8m2!3d22.230594!4d84.8390929!16s%2Fg%2F1tcvs851!19sChIJuSRN5UAZIDoRvrEDTa6QM9E?authuser=0&hl=en&rclk=1",
        "state": "Odisha"
    },
    {
        "name": "UCO Bank",
        "url": "https://www.google.com/maps/place/UCO+Bank/data=!4m7!3m6!1s0x3a191343100ad005:0x4f637b887c2a8fd6!8m2!3d20.5548241!4d85.9132434!16s%2Fg%2F11c1w1k6h6!19sChIJBdAKEEMTGToR1o8qfIh7Y08?authuser=0&hl=en&rclk=1",
        "state": "Odisha"
    },
    {
        "name": "UCO Bank - Gangadharpur Branch",
        "url": "https://www.google.com/maps/place/UCO+Bank+-+Gangadharpur+Branch/data=!4m7!3m6!1s0x3a183fb516f1eea3:0xf7282293598e691a!8m2!3d19.841833!4d85.2946015!16s%2Fg%2F11g8whyck8!19sChIJo-7xFrU_GDoRGmmOWZMiKPc?authuser=0&hl=en&rclk=1",
        "state": "Odisha"
    },
    {
        "name": "UCO Bank",
        "url": "https://www.google.com/maps/place/UCO+Bank/data=!4m7!3m6!1s0x3a1864f64c360b0f:0x88b5431e83c079a1!8m2!3d20.1368605!4d85.1474025!16s%2Fg%2F11c70j4bf_!19sChIJDws2TPZkGDoRoXnAgx5DtYg?authuser=0&hl=en&rclk=1",
        "state": "Odisha"
    },
    {
        "name": "UCO Bank",
        "url": "https://www.google.com/maps/place/UCO+Bank/data=!4m7!3m6!1s0x3a201ecbc6903b7d:0xd454e5914d6331f5!8m2!3d22.2250507!4d84.860981!16s%2Fg%2F11c5t3y3t2!19sChIJfTuQxsseIDoR9TFjTZHlVNQ?authuser=0&hl=en&rclk=1",
        "state": "Odisha"
    },
    {
        "name": "UCO Bank",
        "url": "https://www.google.com/maps/place/UCO+Bank/data=!4m7!3m6!1s0x3a1c65ddc1e1ad1d:0x1d2496731145c452!8m2!3d21.3387865!4d86.757393!16s%2Fg%2F11g_pnwgj!19sChIJHa3hwd1lHDoRUsRFEXOWJB0?authuser=0&hl=en&rclk=1",
        "state": "Odisha"
    },
    {
        "name": "UCO Bank",
        "url": "https://www.google.com/maps/place/UCO+Bank/data=!4m7!3m6!1s0x3a23753e993ece29:0xaadc0d9f06b1f3ab!8m2!3d20.1966266!4d83.9149868!16s%2Fg%2F11cm0cbbqk!19sChIJKc4-mT51IzoRq_OxBp8N3Ko?authuser=0&hl=en&rclk=1",
        "state": "Odisha"
    },
    {
        "name": "UCO Bank - Gumagarh Branch",
        "url": "https://www.google.com/maps/place/UCO+Bank+-+Gumagarh+Branch/data=!4m7!3m6!1s0x3a23accec1ecc361:0x1ac526557b9ebf2c!8m2!3d20.363337!4d84.2632509!16s%2Fg%2F11g6xr9hh_!19sChIJYcPswc6sIzoRLL-ee1UmxRo?authuser=0&hl=en&rclk=1",
        "state": "Odisha"
    },
    {
        "name": "UCO Bank - Kumarbasta Branch",
        "url": "https://www.google.com/maps/place/UCO+Bank+-+Kumarbasta+Branch/data=!4m7!3m6!1s0x3a19ab7357ccd4bd:0x55c237489568988b!8m2!3d20.2049113!4d85.6382972!16s%2Fg%2F11g8wct_7f!19sChIJvdTMV3OrGToRi5holUg3wlU?authuser=0&hl=en&rclk=1",
        "state": "Odisha"
    },
    {
        "name": "UCO Bank",
        "url": "https://www.google.com/maps/place/UCO+Bank/data=!4m7!3m6!1s0x3a1bcdd58657ca99:0x3dfd37650000324a!8m2!3d20.3901132!4d86.4561341!16s%2Fg%2F1tdgstrw!19sChIJmcpXhtXNGzoRSjIAAGU3_T0?authuser=0&hl=en&rclk=1",
        "state": "Odisha"
    },
    {
        "name": "UCO Bank - Jalanga Branch",
        "url": "https://www.google.com/maps/place/UCO+Bank+-+Jalanga+Branch/data=!4m7!3m6!1s0x3a1c0901f2b1fb87:0x8d2270b61b3e4d9b!8m2!3d21.1099037!4d86.460452!16s%2Fg%2F11dxslp_3m!19sChIJh_ux8gEJHDoRm00-G7ZwIo0?authuser=0&hl=en&rclk=1",
        "state": "Odisha"
    },
    {
        "name": "UCO Bank",
        "url": "https://www.google.com/maps/place/UCO+Bank/data=!4m7!3m6!1s0x3a1989340e1775d7:0xad40f47e5180219d!8m2!3d20.038146!4d86.174251!16s%2Fg%2F11c0xj2r7r!19sChIJ13UXDjSJGToRnSGAUX70QK0?authuser=0&hl=en&rclk=1",
        "state": "Odisha"
    },
    {
        "name": "UCO Bank - Customer Service Point",
        "url": "https://www.google.com/maps/place/UCO+Bank+-+Customer+Service+Point/data=!4m7!3m6!1s0x3a213e473bea73df:0xbf56fd3314fb3ba9!8m2!3d21.4291821!4d83.9090732!16s%2Fg%2F11c2nvs_ny!19sChIJ33PqO0c-IToRqTv7FDP9Vr8?authuser=0&hl=en&rclk=1",
        "state": "Odisha"
    },
    {
        "name": "UCO Bank.Odapada",
        "url": "https://www.google.com/maps/place/UCO+Bank.Odapada/data=!4m7!3m6!1s0x3a18c4bc6b1689f1:0x16ccb16b788230ea!8m2!3d20.763157!4d85.4209586!16s%2Fg%2F11g6xrs0qt!19sChIJ8YkWa7zEGDoR6jCCeGuxzBY?authuser=0&hl=en&rclk=1",
        "state": "Odisha"
    },
    {
        "name": "UCO Bank - Badakholi Branch",
        "url": "https://www.google.com/maps/place/UCO+Bank+-+Badakholi+Branch/data=!4m7!3m6!1s0x3a22ba3d709f3caf:0x40b490d3932e688e!8m2!3d19.7057467!4d84.7023629!16s%2Fg%2F11c1mzl9xq!19sChIJrzyfcD26IjoRjmguk9OQtEA?authuser=0&hl=en&rclk=1",
        "state": "Odisha"
    },
    {
        "name": "UCO Bank",
        "url": "https://www.google.com/maps/place/UCO+Bank/data=!4m7!3m6!1s0x3a213c30d0437ae5:0xa268a4d1037928af!8m2!3d21.4810076!4d83.8830956!16s%2Fg%2F11_tzh882!19sChIJ5XpD0DA8IToRryh5A9GkaKI?authuser=0&hl=en&rclk=1",
        "state": "Odisha"
    },
    {
        "name": "UCO Bank",
        "url": "https://www.google.com/maps/place/UCO+Bank/data=!4m7!3m6!1s0x3a1bf05f9d20c59b:0xfddc4662b6285526!8m2!3d20.9130509!4d86.4415106!16s%2Fg%2F1tdp80zp!19sChIJm8UgnV_wGzoRJlUotmJG3P0?authuser=0&hl=en&rclk=1",
        "state": "Odisha"
    },
    {
        "name": "UCO Bank - Ada Branch",
        "url": "https://www.google.com/maps/place/UCO+Bank+-+Ada+Branch/data=!4m7!3m6!1s0x3a1c0c4915833acd:0xb0e35c9a07198a61!8m2!3d21.1935609!4d86.5236171!16s%2Fg%2F11g8ckxzm7!19sChIJzTqDFUkMHDoRYYoZB5pc47A?authuser=0&hl=en&rclk=1",
        "state": "Odisha"
    },
    {
        "name": "UCO Bank Risida",
        "url": "https://www.google.com/maps/place/UCO+Bank+Risida/data=!4m7!3m6!1s0x3a247a7f15e81b61:0x2aa54e293ec77296!8m2!3d20.3975437!4d83.4682742!16s%2Fg%2F11f2m0rxfk!19sChIJYRvoFX96JDoRlnLHPilOpSo?authuser=0&hl=en&rclk=1",
        "state": "Odisha"
    },
    {
        "name": "UCO Bank - Zonal Office",
        "url": "https://www.google.com/maps/place/UCO+Bank+-+Zonal+Office/data=!4m7!3m6!1s0x3a1cf59fd6e274d3:0xc7724e8844ff6e4!8m2!3d21.4948872!4d86.9205876!16s%2Fg%2F11c1pcdvrn!19sChIJ03Ti1p_1HDoR5PZPhOgkdww?authuser=0&hl=en&rclk=1",
        "state": "Odisha"
    },
    {
        "name": "UCO Bank - Orient Colliery Branch",
        "url": "https://www.google.com/maps/place/UCO+Bank+-+Orient+Colliery+Branch/data=!4m7!3m6!1s0x3a20de0a2f3eb7f5:0x28f320c7988d7bc9!8m2!3d21.8379223!4d83.9157978!16s%2Fg%2F11c7v_pcc7!19sChIJ9bc-LwreIDoRyXuNmMcg8yg?authuser=0&hl=en&rclk=1",
        "state": "Odisha"
    },
    {
        "name": "UCO Bank - Phulbani Branch",
        "url": "https://www.google.com/maps/place/UCO+Bank+-+Phulbani+Branch/data=!4m7!3m6!1s0x3a23b30243607b15:0x641b9b60d9bd9c4f!8m2!3d20.4757952!4d84.2349474!16s%2Fg%2F1jkz5_lqx!19sChIJFXtgQwKzIzoRT5y92WCbG2Q?authuser=0&hl=en&rclk=1",
        "state": "Odisha"
    },
    {
        "name": "UCO Bank Bidyadharpur",
        "url": "https://www.google.com/maps/place/UCO+Bank+Bidyadharpur/data=!4m7!3m6!1s0x3a1c03668affa18f:0xef8fbfbf392f3faa!8m2!3d21.2355409!4d86.3160948!16s%2Fg%2F11r_dd4r67!19sChIJj6H_imYDHDoRqj8vOb-_j-8?authuser=0&hl=en&rclk=1",
        "state": "Odisha"
    }
]